id_venta,pedido_id,fecha_venta,id_cliente,ciudad,canal,id_tienda,categoria,producto,cantidad,precio_unitario,descuento_pct,valor_bruto,valor_descuento,valor_neto,medio_pago,calificacion_cliente
1,PED000001,2026-01-18 22:06:15,CLI00011,Bogotá D.C.,Aplicación móvil,,Deportes,Banda caminadora,1,2199900.00,10.00,2199900.00,219990.00,1979910.00,Tarjeta crédito,
2,PED000002,2026-04-25 21:07:01,CLI00802,Cali,Página web,,Deportes,Mancuernas ajustables,1,399900.00,10.00,399900.00,39990.00,359910.00,Tarjeta crédito,
3,PED000003,2026-03-28 02:39:43,CLI00255,Medellín,Página web,,Tecnología,Tablet 10 pulgadas,1,899900.00,10.00,899900.00,89990.00,809910.00,Tarjeta crédito,4.0
4,PED000004,2026-04-30 12:35:40,CLI00383,Medellín,Aplicación móvil,,Electrodomésticos,Freidora de aire,2,472400.00,15.00,944800.00,141720.00,803080.00,PSE,5.0
5,PED000005,2026-04-04 00:18:12,CLI01286,Bogotá D.C.,Aplicación móvil,,Deportes,Balón fútbol,1,119900.00,0.00,119900.00,0.00,119900.00,Tarjeta crédito,
6,PED000006,2026-06-19 06:45:49,CLI01244,Cali,Página web,,Tecnología,Tablet 10 pulgadas,2,899900.00,0.00,1799800.00,0.00,1799800.00,Tarjeta crédito,4.0
7,PED000007,2026-04-15 21:33:59,CLI02029,Medellín,Página web,,Tecnología,Monitor 24 pulgadas,1,685900.00,0.00,685900.00,0.00,685900.00,Tarjeta crédito,
8,PED000008,2026-05-12 12:53:11,CLI02119,Barranquilla,Aplicación móvil,,Electrodomésticos,Arrocera,1,169900.00,5.00,169900.00,8495.00,161405.00,Tarjeta débito,4.0
9,PED000009,2026-02-08 17:21:51,CLI02120,Bogotá D.C.,Página web,,Tecnología,Tablet 10 pulgadas,1,854900.00,0.00,854900.00,0.00,854900.00,Tarjeta débito,3.0
10,PED000010,2026-02-08 14:59:54,CLI00285,Cali,Aplicación móvil,,Oficina,Impresora multifuncional,2,849900.00,0.00,1699800.00,0.00,1699800.00,Tarjeta débito,
11,PED000011,2026-04-02 13:18:24,CLI00485,Cali,Tienda física,CLO-02,Tecnología,Monitor 24 pulgadas,3,713900.00,0.00,2141700.00,0.00,2141700.00,Tarjeta débito,
12,PED000012,2026-04-12 10:07:42,CLI00895,Cali,Página web,,Electrodomésticos,Cafetera eléctrica,1,189900.00,20.00,189900.00,37980.00,151920.00,Tarjeta débito,
13,PED000013,2026-06-08 18:02:06,CLI00525,Cali,Aplicación móvil,,Tecnología,Monitor 24 pulgadas,4,699900.00,15.00,2799600.00,419940.00,2379660.00,Tarjeta crédito,5.0
14,PED000014,2026-01-03 21:28:34,CLI00061,Medellín,Página web,,Hogar,Organizador modular,1,119900.00,0.00,119900.00,0.00,119900.00,Tarjeta crédito,
15,PED000015,2026-04-07 01:03:56,CLI02001,Bogotá D.C.,Aplicación móvil,,Oficina,Silla ergonómica,1,712400.00,10.00,712400.00,71240.00,641160.00,Tarjeta crédito,1.0
16,PED000016,2026-03-15 05:12:12,CLI01098,Bucaramanga,Aplicación móvil,,Electrodomésticos,Arrocera,1,166500.00,0.00,166500.00,0.00,166500.00,Tarjeta débito,
17,PED000017,2026-04-08 12:41:47,CLI01663,Bucaramanga,Aplicación móvil,,Deportes,Colchoneta yoga,3,89900.00,0.00,269700.00,0.00,269700.00,Tarjeta débito,2.0
18,PED000018,2026-04-12 18:17:15,CLI00446,Bucaramanga,Página web,,Deportes,Kit bandas elásticas,3,81500.00,10.00,244500.00,24450.00,220050.00,Tarjeta débito,5.0
19,PED000019,2026-02-26 23:08:38,CLI00426,Bogotá D.C.,Tienda física,BOG-02,Hogar,Purificador de aire,1,815900.00,0.00,815900.00,0.00,815900.00,Tarjeta crédito,5.0
20,PED000020,2026-02-07 19:26:46,CLI01657,Bogotá D.C.,Página web,,Oficina,Webcam Full HD,1,203900.00,10.00,203900.00,20390.00,183510.00,Tarjeta crédito,
21,PED000021,2026-03-21 02:15:48,CLI02097,Cali,Aplicación móvil,,Tecnología,Smartwatch,2,336500.00,5.00,673000.00,33650.00,639350.00,PSE,5.0
22,PED000022,2026-01-28 00:46:44,CLI00267,Medellín,Aplicación móvil,,Oficina,Silla ergonómica,1,749900.00,10.00,749900.00,74990.00,674910.00,Tarjeta crédito,3.0
23,PED000023,2026-02-13 00:09:45,CLI02596,Bogotá D.C.,Página web,,Hogar,Ventilador de torre,4,349900.00,0.00,1399600.00,0.00,1399600.00,Tarjeta débito,3.0
24,PED000024,2026-04-02 18:18:14,CLI02251,Cali,Tienda física,CLO-01,Tecnología,Audífonos Bluetooth,1,149900.00,5.00,149900.00,7495.00,142405.00,Tarjeta crédito,4.0
25,PED000025,2026-03-18 23:34:38,CLI02652,Bucaramanga,Tienda física,BGA-01,Electrodomésticos,Sanduchera,1,129900.00,0.00,129900.00,0.00,129900.00,Tarjeta crédito,5.0
26,PED000026,2026-06-23 23:00:02,CLI00370,Cali,Aplicación móvil,,Tecnología,Smartwatch,1,323300.00,5.00,323300.00,16165.00,307135.00,Tarjeta débito,
27,PED000027,2026-03-23 12:51:19,CLI01648,Cali,Página web,,Oficina,Silla ergonómica,1,712400.00,0.00,712400.00,0.00,712400.00,Tarjeta débito,4.0
28,PED000028,2026-02-08 21:52:03,CLI01775,Barranquilla,Tienda física,BAQ-01,Tecnología,Tablet 10 pulgadas,3,854900.00,0.00,2564700.00,0.00,2564700.00,Tarjeta crédito,3.0
29,PED000029,2026-01-18 23:52:19,CLI02239,Bogotá D.C.,Aplicación móvil,,Electrodomésticos,Cafetera eléctrica,1,189900.00,0.00,189900.00,0.00,189900.00,Tarjeta débito,
30,PED000030,2026-04-19 02:38:52,CLI01138,Barranquilla,Tienda física,BAQ-01,Electrodomésticos,Cafetera eléctrica,1,189900.00,10.00,189900.00,18990.00,170910.00,Efectivo,
31,PED000031,2026-05-19 00:00:32,CLI01699,Cali,Aplicación móvil,,Electrodomésticos,Horno microondas,1,568300.00,5.00,568300.00,28415.00,539885.00,Tarjeta crédito,
32,PED000032,2026-03-03 04:19:15,CLI02340,Barranquilla,Página web,,Electrodomésticos,Licuadora,3,239900.00,5.00,719700.00,35985.00,683715.00,Tarjeta crédito,
33,PED000033,2026-06-11 15:36:41,CLI02203,Bogotá D.C.,Aplicación móvil,,Tecnología,Smartwatch,1,329900.00,0.00,329900.00,0.00,329900.00,Tarjeta débito,4.0
34,PED000034,2026-03-14 21:41:22,CLI01411,Barranquilla,Aplicación móvil,,Oficina,Escritorio ajustable,1,1259900.00,5.00,1259900.00,62995.00,1196905.00,Tarjeta crédito,
35,PED000035,2026-06-17 22:53:54,CLI02525,Bogotá D.C.,Página web,,Electrodomésticos,Horno microondas,1,579900.00,0.00,579900.00,0.00,579900.00,Tarjeta crédito,
36,PED000036,2026-02-12 12:37:16,CLI01285,Bucaramanga,Tienda física,BGA-01,Electrodomésticos,Horno microondas,2,550900.00,15.00,1101800.00,165270.00,936530.00,Tarjeta débito,
37,PED000037,2026-01-08 20:21:07,CLI00094,Pereira,Página web,,Electrodomésticos,Licuadora,1,227900.00,10.00,227900.00,22790.00,205110.00,Tarjeta crédito,3.0
38,PED000038,2026-06-21 23:21:00,CLI00516,Bogotá D.C.,Tienda física,BOG-01,Tecnología,Monitor 24 pulgadas,2,699900.00,0.00,1399800.00,0.00,1399800.00,PSE,5.0
39,PED000039,2026-04-16 09:11:04,CLI00713,Cali,Página web,,Oficina,Base para portátil,1,109900.00,0.00,109900.00,0.00,109900.00,PSE,
40,PED000040,2026-03-13 17:36:04,CLI00569,Bogotá D.C.,Página web,,Electrodomésticos,Cafetera eléctrica,2,189900.00,0.00,379800.00,0.00,379800.00,PSE,
41,PED000041,2026-01-25 20:18:02,CLI01779,Cali,Página web,,Electrodomésticos,Arrocera,1,169900.00,0.00,169900.00,0.00,169900.00,PSE,
42,PED000042,2026-04-05 03:49:24,CLI01818,Cali,Aplicación móvil,,Hogar,Organizador modular,1,113900.00,10.00,113900.00,11390.00,102510.00,PSE,4.0
43,PED000043,2026-06-06 02:17:26,CLI02046,Cali,Aplicación móvil,,Electrodomésticos,Sanduchera,1,132500.00,10.00,132500.00,13250.00,119250.00,Billetera digital,5.0
44,PED000044,2026-01-03 20:04:37,CLI00461,Bogotá D.C.,Página web,,Tecnología,Tablet 10 pulgadas,1,881900.00,10.00,881900.00,88190.00,793710.00,Tarjeta crédito,
45,PED000045,2026-02-02 12:40:08,CLI00139,Bogotá D.C.,Página web,,Tecnología,Teclado mecánico,1,218400.00,0.00,218400.00,0.00,218400.00,PSE,5.0
46,PED000046,2026-02-21 17:55:50,CLI02202,Medellín,Página web,,Tecnología,Mouse inalámbrico,2,85400.00,10.00,170800.00,17080.00,153720.00,Tarjeta débito,
47,PED000047,2026-02-08 04:00:53,CLI01176,Barranquilla,Tienda física,BAQ-01,Hogar,Ventilador de torre,2,356900.00,5.00,713800.00,35690.00,678110.00,Tarjeta crédito,5.0
48,PED000048,2026-04-26 04:36:11,CLI02474,Medellín,Página web,,Electrodomésticos,Cafetera eléctrica,2,199400.00,10.00,398800.00,39880.00,358920.00,Tarjeta crédito,
49,PED000049,2026-05-01 05:40:42,CLI00578,Bogotá D.C.,Tienda física,BOG-02,Hogar,Aspiradora vertical,2,489900.00,0.00,979800.00,0.00,979800.00,Efectivo,5.0
50,PED000050,2026-06-12 18:02:54,CLI00792,Medellín,Página web,,Oficina,Escritorio ajustable,1,1139900.00,10.00,1139900.00,113990.00,1025910.00,PSE,
51,PED000051,2026-05-21 20:54:07,CLI00165,Barranquilla,Página web,,Electrodomésticos,Freidora de aire,1,472400.00,10.00,472400.00,47240.00,425160.00,Tarjeta crédito,
52,PED000052,2026-04-01 07:16:22,CLI01951,Bucaramanga,Aplicación móvil,,Deportes,Banda caminadora,1,2243900.00,0.00,2243900.00,0.00,2243900.00,PSE,4.0
53,PED000053,2026-01-05 05:27:00,CLI00631,Barranquilla,Tienda física,BAQ-01,Hogar,Ventilador de torre,1,332400.00,5.00,332400.00,16620.00,315780.00,Efectivo,4.0
54,PED000054,2026-05-03 22:24:22,CLI01857,Bogotá D.C.,Página web,,Hogar,Juego de ollas,1,289900.00,15.00,289900.00,43485.00,246415.00,PSE,
55,PED000055,2026-03-10 17:02:01,CLI01214,Medellín,Tienda física,MDE-01,Oficina,Escritorio ajustable,1,1223900.00,0.00,1223900.00,0.00,1223900.00,Efectivo,5.0
56,PED000056,2026-06-12 06:13:35,CLI00908,Bogotá D.C.,Página web,,Oficina,Impresora multifuncional,4,832900.00,20.00,3331600.00,666320.00,2665280.00,Tarjeta crédito,
57,PED000057,2026-04-03 16:44:56,CLI01132,Bogotá D.C.,Aplicación móvil,,Hogar,Juego de ollas,2,289900.00,0.00,579800.00,0.00,579800.00,PSE,4.0
58,PED000058,2026-02-20 11:07:41,CLI02027,Barranquilla,Aplicación móvil,,Hogar,Organizador modular,2,117500.00,15.00,235000.00,35250.00,199750.00,Tarjeta débito,4.0
59,PED000059,2026-01-18 12:19:10,CLI02336,Bogotá D.C.,Tienda física,BOG-03,Tecnología,Audífonos Bluetooth,1,152900.00,10.00,152900.00,15290.00,137610.00,Tarjeta débito,5.0
60,PED000060,2026-03-14 03:46:12,CLI02293,Bogotá D.C.,Página web,,Tecnología,Mouse inalámbrico,2,88100.00,0.00,176200.00,0.00,176200.00,PSE,3.0
61,PED000061,2026-03-15 18:36:56,CLI00143,Bogotá D.C.,Aplicación móvil,,Electrodomésticos,Horno microondas,1,579900.00,5.00,579900.00,28995.00,550905.00,Tarjeta crédito,5.0
62,PED000062,2026-03-03 20:13:18,CLI01594,Bogotá D.C.,Aplicación móvil,,Electrodomésticos,Freidora de aire,1,427400.00,15.00,427400.00,64110.00,363290.00,PSE,5.0
63,PED000063,2026-05-18 02:05:39,CLI00913,Bogotá D.C.,Tienda física,BOG-03,Oficina,Escritorio ajustable,1,1139900.00,0.00,1139900.00,0.00,1139900.00,Tarjeta débito,3.0
64,PED000064,2026-03-04 04:00:56,CLI00057,Barranquilla,Página web,,Tecnología,Mouse inalámbrico,1,91700.00,0.00,91700.00,0.00,91700.00,PSE,
65,PED000065,2026-04-05 00:46:02,CLI01264,Bogotá D.C.,Página web,,Tecnología,Tablet 10 pulgadas,2,899900.00,10.00,1799800.00,179980.00,1619820.00,Tarjeta crédito,4.0
66,PED000066,2026-02-12 01:38:22,CLI02206,Bogotá D.C.,Página web,,Oficina,Impresora multifuncional,1,892400.00,15.00,892400.00,133860.00,758540.00,Tarjeta crédito,4.0
67,PED000067,2026-04-28 06:36:14,CLI01067,Bucaramanga,Aplicación móvil,,Hogar,Ventilador de torre,2,342900.00,5.00,685800.00,34290.00,651510.00,PSE,4.0
68,PED000068,2026-06-28 17:40:13,CLI00227,Bogotá D.C.,Página web,,Electrodomésticos,Horno microondas,1,568300.00,10.00,568300.00,56830.00,511470.00,Tarjeta débito,5.0
69,PED000069,2026-05-22 11:55:13,CLI00219,Medellín,Aplicación móvil,,Deportes,Kit bandas elásticas,4,79900.00,0.00,319600.00,0.00,319600.00,Tarjeta crédito,
70,PED000070,2026-01-04 09:16:54,CLI00798,Bogotá D.C.,Página web,,Oficina,Impresora multifuncional,1,849900.00,5.00,849900.00,42495.00,807405.00,PSE,5.0
71,PED000071,2026-01-16 04:15:43,CLI01304,Medellín,Tienda física,MDE-01,Electrodomésticos,Horno microondas,1,568300.00,0.00,568300.00,0.00,568300.00,PSE,
72,PED000072,2026-03-07 12:18:52,CLI00548,Bogotá D.C.,Aplicación móvil,,Oficina,Silla ergonómica,2,749900.00,0.00,1499800.00,0.00,1499800.00,Tarjeta débito,
73,PED000073,2026-06-02 03:38:07,CLI02639,Barranquilla,Página web,,Tecnología,Monitor 24 pulgadas,1,699900.00,15.00,699900.00,104985.00,594915.00,Tarjeta crédito,4.0
74,PED000074,2026-05-05 07:43:40,CLI00116,Bogotá D.C.,Tienda física,BOG-03,Oficina,Escritorio ajustable,2,1259900.00,15.00,2519800.00,377970.00,2141830.00,Efectivo,
75,PED000075,2026-02-26 19:38:31,CLI00765,Barranquilla,Aplicación móvil,,Oficina,Webcam Full HD,3,199900.00,0.00,599700.00,0.00,599700.00,Tarjeta débito,4.0
76,PED000076,2026-02-26 06:07:35,CLI01177,Bucaramanga,Aplicación móvil,,Tecnología,Teclado mecánico,2,241400.00,0.00,482800.00,0.00,482800.00,Tarjeta crédito,4.0
77,PED000077,2026-06-02 12:32:34,CLI02100,Pereira,Tienda física,PEI-01,Oficina,Impresora multifuncional,1,892400.00,0.00,892400.00,0.00,892400.00,Tarjeta crédito,
78,PED000078,2026-01-13 04:11:16,CLI01471,Cali,Página web,,Electrodomésticos,Freidora de aire,1,449900.00,0.00,449900.00,0.00,449900.00,Tarjeta débito,4.0
79,PED000079,2026-04-03 21:59:05,CLI00254,Bucaramanga,Tienda física,BGA-01,Oficina,Webcam Full HD,1,199900.00,5.00,199900.00,9995.00,189905.00,Tarjeta débito,5.0
80,PED000080,2026-03-05 15:54:05,CLI00709,Medellín,Página web,,Electrodomésticos,Arrocera,1,178400.00,5.00,178400.00,8920.00,169480.00,Tarjeta crédito,
81,PED000081,2026-05-01 13:41:40,CLI01321,Medellín,Aplicación móvil,,Tecnología,Audífonos Bluetooth,2,152900.00,0.00,305800.00,0.00,305800.00,PSE,
82,PED000082,2026-01-23 08:39:10,CLI01054,Bucaramanga,Tienda física,BGA-01,Tecnología,Teclado mecánico,1,229900.00,0.00,229900.00,0.00,229900.00,Efectivo,
83,PED000083,2026-01-30 02:46:13,CLI01570,Medellín,Página web,,Oficina,Impresora multifuncional,2,807400.00,0.00,1614800.00,0.00,1614800.00,Tarjeta crédito,
84,PED000084,2026-04-13 05:51:32,CLI00094,Barranquilla,Aplicación móvil,,Tecnología,Smartwatch,1,346400.00,10.00,346400.00,34640.00,311760.00,Tarjeta débito,5.0
85,PED000085,2026-03-14 11:20:04,CLI01636,Bogotá D.C.,Página web,,Tecnología,Monitor 24 pulgadas,1,734900.00,5.00,734900.00,36745.00,698155.00,PSE,
86,PED000086,2026-05-09 01:35:12,CLI01077,Medellín,Página web,,Oficina,Silla ergonómica,2,712400.00,10.00,1424800.00,142480.00,1282320.00,PSE,3.0
87,PED000087,2026-03-08 01:03:54,CLI01976,Bogotá D.C.,Tienda física,BOG-03,Hogar,Lámpara de mesa,1,127300.00,15.00,127300.00,19095.00,108205.00,Efectivo,
88,PED000088,2026-03-14 17:03:53,CLI01054,Bogotá D.C.,Tienda física,BOG-02,Oficina,Impresora multifuncional,1,849900.00,10.00,849900.00,84990.00,764910.00,PSE,
89,PED000089,2026-01-24 02:29:01,CLI00746,Bogotá D.C.,Tienda física,BOG-02,Tecnología,Audífonos Bluetooth,1,146900.00,0.00,146900.00,0.00,146900.00,Tarjeta crédito,
90,PED000090,2026-03-24 16:24:58,CLI01953,Bucaramanga,Tienda física,BGA-01,Tecnología,Mouse inalámbrico,2,89900.00,0.00,179800.00,0.00,179800.00,Tarjeta débito,
91,PED000091,2026-01-25 18:00:28,CLI00802,Bogotá D.C.,Página web,,Tecnología,Audífonos Bluetooth,1,142400.00,0.00,142400.00,0.00,142400.00,Transferencia,
92,PED000092,2026-04-17 19:57:20,CLI02516,Bogotá D.C.,Aplicación móvil,,Oficina,Archivador metálico,1,450700.00,0.00,450700.00,0.00,450700.00,Tarjeta crédito,5.0
93,PED000093,2026-05-17 00:32:13,CLI02151,Barranquilla,Página web,,Hogar,Ventilador de torre,1,349900.00,0.00,349900.00,0.00,349900.00,Tarjeta crédito,2.0
94,PED000094,2026-03-22 12:51:07,CLI00885,Bogotá D.C.,Página web,,Tecnología,Teclado mecánico,1,218400.00,0.00,218400.00,0.00,218400.00,PSE,
95,PED000095,2026-01-22 15:28:20,CLI00038,Medellín,Aplicación móvil,,Tecnología,Mouse inalámbrico,1,89900.00,5.00,89900.00,4495.00,85405.00,Tarjeta crédito,4.0
96,PED000096,2026-04-12 07:25:27,CLI01665,Bucaramanga,Aplicación móvil,,Deportes,Colchoneta yoga,1,89900.00,5.00,89900.00,4495.00,85405.00,Tarjeta crédito,5.0
97,PED000097,2026-01-19 21:12:14,CLI02329,Medellín,Página web,,Hogar,Organizador modular,1,122300.00,10.00,122300.00,12230.00,110070.00,Tarjeta crédito,5.0
98,PED000098,2026-01-01 17:00:49,CLI00534,Pereira,Aplicación móvil,,Electrodomésticos,Horno microondas,1,608900.00,5.00,608900.00,30445.00,578455.00,PSE,
99,PED000099,2026-02-20 06:50:07,CLI01763,Bogotá D.C.,Página web,,Oficina,Impresora multifuncional,1,866900.00,0.00,866900.00,0.00,866900.00,Tarjeta crédito,
100,PED000100,2026-03-06 15:24:18,CLI00546,Bucaramanga,Aplicación móvil,,Oficina,Base para portátil,1,109900.00,10.00,109900.00,10990.00,98910.00,Tarjeta débito,
101,PED000101,2026-05-27 12:21:26,CLI01424,Bogotá D.C.,Página web,,Electrodomésticos,Arrocera,1,169900.00,5.00,169900.00,8495.00,161405.00,PSE,4.0
102,PED000102,2026-06-24 16:04:41,CLI02640,Cali,Página web,,Hogar,Purificador de aire,1,759900.00,10.00,759900.00,75990.00,683910.00,Tarjeta crédito,4.0
103,PED000103,2026-03-03 01:07:23,CLI00834,Bucaramanga,Tienda física,BGA-01,Hogar,Organizador modular,2,119900.00,15.00,239800.00,35970.00,203830.00,Efectivo,
104,PED000104,2026-01-20 23:03:33,CLI00984,Medellín,Aplicación móvil,,Tecnología,Mouse inalámbrico,3,89900.00,0.00,269700.00,0.00,269700.00,Tarjeta crédito,5.0
105,PED000105,2026-01-31 03:58:21,CLI00848,Bogotá D.C.,Tienda física,BOG-03,Electrodomésticos,Arrocera,1,166500.00,5.00,166500.00,8325.00,158175.00,Efectivo,4.0
106,PED000106,2026-02-20 21:16:29,CLI00130,Bogotá D.C.,Tienda física,BOG-02,Tecnología,Mouse inalámbrico,3,89900.00,5.00,269700.00,13485.00,256215.00,Efectivo,5.0
107,PED000107,2026-04-16 10:22:13,CLI01017,Bogotá D.C.,Aplicación móvil,,Deportes,Mancuernas ajustables,2,399900.00,0.00,799800.00,0.00,799800.00,PSE,
108,PED000108,2026-05-10 11:02:54,CLI01203,Pereira,Página web,,Tecnología,Monitor 24 pulgadas,2,713900.00,0.00,1427800.00,0.00,1427800.00,Tarjeta crédito,5.0
109,PED000109,2026-05-23 00:09:43,CLI00284,Bogotá D.C.,Tienda física,BOG-02,Oficina,Impresora multifuncional,2,807400.00,10.00,1614800.00,161480.00,1453320.00,Tarjeta crédito,
110,PED000110,2026-06-13 20:31:07,CLI00495,Bogotá D.C.,Aplicación móvil,,Oficina,Archivador metálico,2,469100.00,10.00,938200.00,93820.00,844380.00,PSE,5.0
111,PED000111,2026-05-18 12:40:55,CLI00481,Bogotá D.C.,Página web,,Deportes,Colchoneta yoga,1,85400.00,10.00,85400.00,8540.00,76860.00,Tarjeta crédito,
112,PED000112,2026-02-06 21:57:23,CLI02653,Pereira,Página web,,Deportes,Balón fútbol,1,117500.00,10.00,117500.00,11750.00,105750.00,Tarjeta crédito,4.0
113,PED000113,2026-01-05 07:18:43,CLI02689,Bogotá D.C.,Tienda física,BOG-02,Oficina,Silla ergonómica,2,749900.00,0.00,1499800.00,0.00,1499800.00,Tarjeta crédito,5.0
114,PED000114,2026-06-09 12:58:35,CLI01911,Barranquilla,Aplicación móvil,,Hogar,Organizador modular,1,119900.00,5.00,119900.00,5995.00,113905.00,Tarjeta crédito,2.0
115,PED000115,2026-06-10 13:27:37,CLI00802,Medellín,Aplicación móvil,,Hogar,Juego de ollas,1,304400.00,5.00,304400.00,15220.00,289180.00,Billetera digital,
116,PED000116,2026-05-25 15:47:07,CLI01971,Cali,Tienda física,CLO-02,Hogar,Purificador de aire,1,815900.00,0.00,815900.00,0.00,815900.00,Efectivo,
117,PED000117,2026-02-14 11:00:59,CLI02097,Bogotá D.C.,Tienda física,BOG-03,Tecnología,Audífonos Bluetooth,3,142400.00,10.00,427200.00,42720.00,384480.00,Tarjeta débito,2.0
118,PED000118,2026-04-20 04:04:32,CLI00809,Medellín,Página web,,Deportes,Banda caminadora,3,2309900.00,10.00,6929700.00,692970.00,6236730.00,Transferencia,4.0
119,PED000119,2026-04-18 11:44:23,CLI00100,Bogotá D.C.,Página web,,Electrodomésticos,Cafetera eléctrica,3,189900.00,10.00,569700.00,56970.00,512730.00,PSE,
120,PED000120,2026-02-21 17:13:29,CLI02487,Bogotá D.C.,Tienda física,BOG-03,Oficina,Base para portátil,1,112100.00,20.00,112100.00,22420.00,89680.00,Tarjeta crédito,5.0
121,PED000121,2026-03-02 09:12:37,CLI02112,Barranquilla,Página web,,Oficina,Base para portátil,2,109900.00,0.00,219800.00,0.00,219800.00,PSE,4.0
122,PED000122,2026-02-15 16:54:02,CLI00597,Pereira,Tienda física,PEI-01,Hogar,Organizador modular,2,113900.00,5.00,227800.00,11390.00,216410.00,Tarjeta débito,3.0
123,PED000123,2026-04-11 18:57:16,CLI00998,Bogotá D.C.,Aplicación móvil,,Electrodomésticos,Freidora de aire,1,449900.00,0.00,449900.00,0.00,449900.00,Tarjeta crédito,4.0
124,PED000124,2026-01-25 04:15:46,CLI01256,Bogotá D.C.,Página web,,Deportes,Banda caminadora,2,2155900.00,0.00,4311800.00,0.00,4311800.00,PSE,
125,PED000125,2026-05-22 15:21:59,CLI00118,Bogotá D.C.,Página web,,Tecnología,Monitor 24 pulgadas,2,734900.00,0.00,1469800.00,0.00,1469800.00,Tarjeta crédito,
126,PED000126,2026-03-02 10:31:30,CLI01829,Bogotá D.C.,Página web,,Tecnología,Monitor 24 pulgadas,1,699900.00,5.00,699900.00,34995.00,664905.00,Tarjeta crédito,5.0
127,PED000127,2026-05-07 17:58:38,CLI02583,Bogotá D.C.,Aplicación móvil,,Tecnología,Smartwatch,1,323300.00,10.00,323300.00,32330.00,290970.00,Billetera digital,
128,PED000128,2026-05-26 10:50:30,CLI02234,Cali,Tienda física,CLO-01,Hogar,Juego de ollas,1,289900.00,0.00,289900.00,0.00,289900.00,Tarjeta crédito,
129,PED000129,2026-01-05 12:55:51,CLI01813,Bogotá D.C.,Tienda física,BOG-01,Oficina,Base para portátil,1,109900.00,10.00,109900.00,10990.00,98910.00,Tarjeta débito,
130,PED000130,2026-02-09 07:04:56,CLI00565,Bogotá D.C.,Aplicación móvil,,Hogar,Purificador de aire,1,839900.00,0.00,839900.00,0.00,839900.00,Tarjeta crédito,5.0
131,PED000131,2026-04-22 09:38:04,CLI02078,Medellín,Tienda física,MDE-02,Oficina,Escritorio ajustable,2,1139900.00,0.00,2279800.00,0.00,2279800.00,Tarjeta débito,
132,PED000132,2026-04-05 17:22:12,CLI00925,Bucaramanga,Página web,,Electrodomésticos,Horno microondas,4,579900.00,0.00,2319600.00,0.00,2319600.00,Tarjeta crédito,
133,PED000133,2026-03-08 21:56:17,CLI01292,Bogotá D.C.,Tienda física,BOG-03,Electrodomésticos,Arrocera,3,169900.00,15.00,509700.00,76455.00,433245.00,Efectivo,
134,PED000134,2026-01-11 17:57:15,CLI00009,Bogotá D.C.,Aplicación móvil,,Oficina,Archivador metálico,1,469100.00,5.00,469100.00,23455.00,445645.00,Billetera digital,
135,PED000135,2026-05-18 20:33:16,CLI02595,Cali,Página web,,Oficina,Webcam Full HD,4,189900.00,10.00,759600.00,75960.00,683640.00,Transferencia,5.0
136,PED000136,2026-06-03 02:59:06,CLI01497,Bogotá D.C.,Tienda física,BOG-02,Electrodomésticos,Arrocera,1,169900.00,0.00,169900.00,0.00,169900.00,Tarjeta débito,5.0
137,PED000137,2026-01-01 09:45:01,CLI01240,Bogotá D.C.,Aplicación móvil,,Hogar,Juego de ollas,1,289900.00,5.00,289900.00,14495.00,275405.00,Tarjeta crédito,5.0
138,PED000138,2026-03-04 15:16:12,CLI00031,Medellín,Tienda física,MDE-01,Deportes,Banda caminadora,3,2243900.00,5.00,6731700.00,336585.00,6395115.00,Tarjeta débito,5.0
139,PED000139,2026-04-04 15:57:48,CLI00925,Barranquilla,Tienda física,BAQ-01,Deportes,Colchoneta yoga,1,88100.00,5.00,88100.00,4405.00,83695.00,Tarjeta crédito,4.0
140,PED000140,2026-03-28 01:27:40,CLI01336,Barranquilla,Aplicación móvil,,Tecnología,Audífonos Bluetooth,1,152900.00,15.00,152900.00,22935.00,129965.00,Tarjeta débito,5.0
141,PED000141,2026-01-04 07:49:31,CLI02177,Bucaramanga,Tienda física,BGA-01,Electrodomésticos,Sanduchera,1,136400.00,0.00,136400.00,0.00,136400.00,Efectivo,3.0
142,PED000142,2026-02-01 01:39:21,CLI00825,Medellín,Página web,,Oficina,Impresora multifuncional,2,866900.00,10.00,1733800.00,173380.00,1560420.00,PSE,
143,PED000143,2026-06-14 21:53:34,CLI02005,Medellín,Página web,,Hogar,Organizador modular,1,119900.00,0.00,119900.00,0.00,119900.00,Tarjeta crédito,
144,PED000144,2026-05-17 21:23:50,CLI02084,Bogotá D.C.,Tienda física,BOG-03,Oficina,Impresora multifuncional,1,866900.00,10.00,866900.00,86690.00,780210.00,Efectivo,4.0
145,PED000145,2026-05-25 20:48:46,CLI00335,Medellín,Tienda física,MDE-02,Electrodomésticos,Freidora de aire,1,449900.00,5.00,449900.00,22495.00,427405.00,Tarjeta débito,3.0
146,PED000146,2026-04-30 08:55:27,CLI00568,Bogotá D.C.,Página web,,Electrodomésticos,Cafetera eléctrica,1,193700.00,0.00,193700.00,0.00,193700.00,Tarjeta crédito,5.0
147,PED000147,2026-03-21 17:21:23,CLI00883,Bogotá D.C.,Página web,,Electrodomésticos,Licuadora,1,235100.00,0.00,235100.00,0.00,235100.00,Tarjeta débito,5.0
148,PED000148,2026-02-17 00:45:08,CLI02087,Pereira,Tienda física,PEI-01,Oficina,Archivador metálico,1,436900.00,0.00,436900.00,0.00,436900.00,Tarjeta crédito,
149,PED000149,2026-04-23 19:43:30,CLI00758,Medellín,Aplicación móvil,,Deportes,Bicicleta estática,1,1469900.00,15.00,1469900.00,220485.00,1249415.00,PSE,
150,PED000150,2026-02-21 00:07:51,CLI02018,Medellín,Página web,,Hogar,Aspiradora vertical,1,489900.00,10.00,489900.00,48990.00,440910.00,Tarjeta débito,3.0
151,PED000151,2026-06-19 19:22:40,CLI02669,Cali,Página web,,Electrodomésticos,Licuadora,1,244700.00,15.00,244700.00,36705.00,207995.00,Tarjeta crédito,
152,PED000152,2026-01-12 07:03:02,CLI01185,Medellín,Aplicación móvil,,Tecnología,Smartwatch,2,323300.00,0.00,646600.00,0.00,646600.00,Tarjeta crédito,
153,PED000153,2026-01-29 05:01:26,CLI00469,Bogotá D.C.,Tienda física,BOG-03,Deportes,Bicicleta estática,2,1574900.00,0.00,3149800.00,0.00,3149800.00,Tarjeta crédito,
154,PED000154,2026-06-01 00:00:07,CLI01451,Barranquilla,Aplicación móvil,,Tecnología,Mouse inalámbrico,1,89900.00,15.00,89900.00,13485.00,76415.00,Billetera digital,
155,PED000155,2026-01-29 02:19:02,CLI00865,Barranquilla,Aplicación móvil,,Hogar,Ventilador de torre,1,349900.00,0.00,349900.00,0.00,349900.00,PSE,3.0
156,PED000156,2026-05-12 07:34:28,CLI00622,Bogotá D.C.,Página web,,Oficina,Base para portátil,3,115400.00,0.00,346200.00,0.00,346200.00,Tarjeta crédito,5.0
157,PED000157,2026-01-16 15:20:22,CLI00960,Cali,Aplicación móvil,,Hogar,Organizador modular,1,125900.00,0.00,125900.00,0.00,125900.00,Tarjeta crédito,
158,PED000158,2026-04-09 00:54:29,CLI00191,Medellín,Página web,,Deportes,Colchoneta yoga,3,89900.00,0.00,269700.00,0.00,269700.00,Tarjeta débito,4.0
159,PED000159,2026-02-05 17:56:27,CLI02616,Medellín,Tienda física,MDE-01,Deportes,Banda caminadora,1,2199900.00,20.00,2199900.00,439980.00,1759920.00,PSE,
160,PED000160,2026-06-18 23:29:43,CLI00201,Bogotá D.C.,Tienda física,BOG-02,Tecnología,Teclado mecánico,2,225300.00,15.00,450600.00,67590.00,383010.00,Efectivo,5.0
161,PED000161,2026-02-16 23:44:09,CLI00493,Barranquilla,Página web,,Deportes,Balón fútbol,2,119900.00,0.00,239800.00,0.00,239800.00,Tarjeta débito,2.0
162,PED000162,2026-06-10 17:55:37,CLI00130,Pereira,Página web,,Oficina,Escritorio ajustable,2,1199900.00,10.00,2399800.00,239980.00,2159820.00,Tarjeta crédito,5.0
163,PED000163,2026-04-20 03:06:24,CLI00543,Barranquilla,Página web,,Tecnología,Tablet 10 pulgadas,3,899900.00,0.00,2699700.00,0.00,2699700.00,Tarjeta débito,4.0
164,PED000164,2026-01-23 08:34:41,CLI02209,Bogotá D.C.,Página web,,Tecnología,Audífonos Bluetooth,2,152900.00,0.00,305800.00,0.00,305800.00,PSE,5.0
165,PED000165,2026-01-16 06:56:18,CLI00512,Cali,Tienda física,CLO-02,Hogar,Organizador modular,1,119900.00,0.00,119900.00,0.00,119900.00,PSE,
166,PED000166,2026-04-27 22:40:06,CLI01962,Barranquilla,Aplicación móvil,,Tecnología,Mouse inalámbrico,2,85400.00,15.00,170800.00,25620.00,145180.00,PSE,3.0
167,PED000167,2026-01-17 12:23:08,CLI00588,Cali,Página web,,Deportes,Banda caminadora,2,2155900.00,0.00,4311800.00,0.00,4311800.00,PSE,4.0
168,PED000168,2026-03-25 00:45:05,CLI01361,Bogotá D.C.,Aplicación móvil,,Tecnología,Audífonos Bluetooth,1,142400.00,0.00,142400.00,0.00,142400.00,Tarjeta crédito,5.0
169,PED000169,2026-04-23 20:21:31,CLI02594,Medellín,Página web,,Oficina,Impresora multifuncional,1,892400.00,15.00,892400.00,133860.00,758540.00,Tarjeta crédito,
170,PED000170,2026-03-15 17:32:25,CLI01921,Bogotá D.C.,Aplicación móvil,,Tecnología,Mouse inalámbrico,1,88100.00,0.00,88100.00,0.00,88100.00,Tarjeta débito,
171,PED000171,2026-04-03 15:47:23,CLI01585,Pereira,Página web,,Tecnología,Smartwatch,1,313400.00,20.00,313400.00,62680.00,250720.00,Tarjeta débito,3.0
172,PED000172,2026-04-08 05:34:04,CLI00716,Bogotá D.C.,Aplicación móvil,,Tecnología,Smartwatch,1,329900.00,0.00,329900.00,0.00,329900.00,PSE,4.0
173,PED000173,2026-04-07 10:30:16,CLI02526,Medellín,Página web,,Electrodomésticos,Licuadora,1,251900.00,0.00,251900.00,0.00,251900.00,PSE,
174,PED000174,2026-04-08 07:32:57,CLI01014,Pereira,Página web,,Hogar,Lámpara de mesa,1,129900.00,5.00,129900.00,6495.00,123405.00,Tarjeta crédito,5.0
175,PED000175,2026-03-04 16:48:12,CLI00350,Bogotá D.C.,Página web,,Hogar,Ventilador de torre,3,356900.00,10.00,1070700.00,107070.00,963630.00,Tarjeta crédito,
176,PED000176,2026-04-05 08:37:41,CLI01007,Medellín,Tienda física,MDE-01,Tecnología,Tablet 10 pulgadas,3,944900.00,0.00,2834700.00,0.00,2834700.00,Efectivo,3.0
177,PED000177,2026-03-15 14:24:53,CLI02495,Cali,Página web,,Electrodomésticos,Cafetera eléctrica,2,186100.00,5.00,372200.00,18610.00,353590.00,Tarjeta crédito,5.0
178,PED000178,2026-01-09 07:01:09,CLI00637,Medellín,Página web,,Oficina,Impresora multifuncional,2,892400.00,15.00,1784800.00,267720.00,1517080.00,Tarjeta crédito,5.0
179,PED000179,2026-04-09 00:32:03,CLI01830,Barranquilla,Aplicación móvil,,Electrodomésticos,Cafetera eléctrica,2,189900.00,20.00,379800.00,75960.00,303840.00,Tarjeta débito,5.0
180,PED000180,2026-05-27 11:22:21,CLI01062,Bucaramanga,Página web,,Tecnología,Mouse inalámbrico,1,89900.00,0.00,89900.00,0.00,89900.00,Tarjeta crédito,5.0
181,PED000181,2026-06-05 16:33:25,CLI00198,Bogotá D.C.,Página web,,Tecnología,Teclado mecánico,2,218400.00,10.00,436800.00,43680.00,393120.00,Transferencia,4.0
182,PED000182,2026-05-29 18:57:33,CLI00675,Cali,Tienda física,CLO-02,Electrodomésticos,Cafetera eléctrica,1,189900.00,0.00,189900.00,0.00,189900.00,Tarjeta crédito,
183,PED000183,2026-05-12 09:22:31,CLI02285,Medellín,Aplicación móvil,,Hogar,Juego de ollas,1,289900.00,10.00,289900.00,28990.00,260910.00,PSE,4.0
184,PED000184,2026-03-01 19:38:40,CLI00593,Barranquilla,Tienda física,BAQ-01,Hogar,Juego de ollas,4,289900.00,0.00,1159600.00,0.00,1159600.00,Efectivo,4.0
185,PED000185,2026-02-18 10:11:18,CLI02688,Medellín,Aplicación móvil,,Deportes,Kit bandas elásticas,1,81500.00,15.00,81500.00,12225.00,69275.00,PSE,
186,PED000186,2026-05-25 10:11:38,CLI02357,Bucaramanga,Página web,,Oficina,Base para portátil,1,109900.00,5.00,109900.00,5495.00,104405.00,PSE,
187,PED000187,2026-04-28 09:17:54,CLI02019,Cali,Página web,,Electrodomésticos,Sanduchera,1,123400.00,0.00,123400.00,0.00,123400.00,Tarjeta crédito,
188,PED000188,2026-03-29 13:43:47,CLI02262,Barranquilla,Aplicación móvil,,Electrodomésticos,Licuadora,2,239900.00,5.00,479800.00,23990.00,455810.00,PSE,4.0
189,PED000189,2026-05-31 07:16:51,CLI02056,Medellín,Tienda física,MDE-02,Oficina,Impresora multifuncional,1,832900.00,0.00,832900.00,0.00,832900.00,Efectivo,4.0
190,PED000190,2026-05-15 03:34:44,CLI01517,Bogotá D.C.,Tienda física,BOG-01,Deportes,Banda caminadora,1,2199900.00,5.00,2199900.00,109995.00,2089905.00,Tarjeta crédito,
191,PED000191,2026-01-04 13:41:07,CLI01939,Medellín,Página web,,Tecnología,Teclado mecánico,1,218400.00,0.00,218400.00,0.00,218400.00,PSE,3.0
192,PED000192,2026-06-13 00:37:40,CLI02324,Medellín,Aplicación móvil,,Tecnología,Audífonos Bluetooth,3,152900.00,5.00,458700.00,22935.00,435765.00,Tarjeta crédito,5.0
193,PED000193,2026-03-09 01:09:20,CLI00637,Bogotá D.C.,Tienda física,BOG-01,Electrodomésticos,Horno microondas,1,579900.00,15.00,579900.00,86985.00,492915.00,Efectivo,5.0
194,PED000194,2026-04-10 09:47:48,CLI01401,Cali,Aplicación móvil,,Hogar,Ventilador de torre,4,367400.00,0.00,1469600.00,0.00,1469600.00,Tarjeta débito,
195,PED000195,2026-05-12 15:52:13,CLI00301,Bogotá D.C.,Aplicación móvil,,Deportes,Mancuernas ajustables,1,407900.00,0.00,407900.00,0.00,407900.00,Tarjeta crédito,4.0
196,PED000196,2026-03-20 10:12:43,CLI01615,Bogotá D.C.,Página web,,Electrodomésticos,Cafetera eléctrica,1,189900.00,0.00,189900.00,0.00,189900.00,Tarjeta crédito,
197,PED000197,2026-02-02 14:32:16,CLI00647,Bucaramanga,Página web,,Hogar,Lámpara de mesa,2,129900.00,0.00,259800.00,0.00,259800.00,Tarjeta crédito,5.0
198,PED000198,2026-06-07 20:03:38,CLI01799,Cali,Tienda física,CLO-02,Electrodomésticos,Horno microondas,1,579900.00,5.00,579900.00,28995.00,550905.00,Tarjeta débito,4.0
199,PED000199,2026-04-28 02:03:43,CLI02263,Cali,Tienda física,CLO-02,Oficina,Base para portátil,1,104400.00,10.00,104400.00,10440.00,93960.00,Tarjeta crédito,
200,PED000200,2026-02-07 23:41:19,CLI02322,Medellín,Página web,,Deportes,Mancuernas ajustables,1,399900.00,10.00,399900.00,39990.00,359910.00,PSE,
201,PED000201,2026-06-17 14:23:57,CLI00955,Barranquilla,Aplicación móvil,,Tecnología,Audífonos Bluetooth,2,152900.00,10.00,305800.00,30580.00,275220.00,Tarjeta crédito,
202,PED000202,2026-06-30 15:44:34,CLI01838,Bogotá D.C.,Página web,,Oficina,Base para portátil,1,109900.00,15.00,109900.00,16485.00,93415.00,Tarjeta débito,5.0
203,PED000203,2026-05-28 02:31:14,CLI02127,Cali,Página web,,Tecnología,Tablet 10 pulgadas,1,899900.00,0.00,899900.00,0.00,899900.00,PSE,3.0
204,PED000204,2026-02-15 23:05:00,CLI00898,Medellín,Tienda física,MDE-01,Deportes,Colchoneta yoga,1,89900.00,10.00,89900.00,8990.00,80910.00,Tarjeta crédito,
205,PED000205,2026-03-05 04:15:18,CLI01986,Pereira,Tienda física,PEI-01,Tecnología,Smartwatch,1,313400.00,0.00,313400.00,0.00,313400.00,Efectivo,4.0
206,PED000206,2026-02-04 07:29:34,CLI01994,Cali,Aplicación móvil,,Oficina,Webcam Full HD,3,189900.00,15.00,569700.00,85455.00,484245.00,PSE,4.0
207,PED000207,2026-04-12 17:01:08,CLI00771,Bogotá D.C.,Página web,,Electrodomésticos,Arrocera,1,161400.00,0.00,161400.00,0.00,161400.00,Tarjeta débito,5.0
208,PED000208,2026-04-12 19:38:34,CLI02375,Cali,Tienda física,CLO-01,Electrodomésticos,Freidora de aire,3,440900.00,10.00,1322700.00,132270.00,1190430.00,Tarjeta débito,
209,PED000209,2026-03-21 09:06:51,CLI02003,Bogotá D.C.,Página web,,Electrodomésticos,Arrocera,1,166500.00,15.00,166500.00,24975.00,141525.00,Tarjeta crédito,
210,PED000210,2026-06-15 18:15:37,CLI01810,Bucaramanga,Página web,,Hogar,Organizador modular,2,122300.00,0.00,244600.00,0.00,244600.00,Tarjeta débito,
211,PED000211,2026-02-07 08:37:35,CLI02473,Pereira,Página web,,Hogar,Juego de ollas,1,275400.00,0.00,275400.00,0.00,275400.00,Tarjeta débito,2.0
212,PED000212,2026-01-28 19:30:53,CLI01218,Bogotá D.C.,Tienda física,BOG-01,Oficina,Archivador metálico,2,459900.00,0.00,919800.00,0.00,919800.00,Tarjeta débito,3.0
213,PED000213,2026-02-03 15:07:57,CLI01420,Bogotá D.C.,Aplicación móvil,,Tecnología,Tablet 10 pulgadas,2,881900.00,0.00,1763800.00,0.00,1763800.00,Tarjeta crédito,
214,PED000214,2026-05-03 08:35:24,CLI01587,Medellín,Aplicación móvil,,Tecnología,Monitor 24 pulgadas,2,699900.00,5.00,1399800.00,69990.00,1329810.00,PSE,
215,PED000215,2026-03-04 02:02:30,CLI02425,Bogotá D.C.,Aplicación móvil,,Oficina,Base para portátil,1,115400.00,0.00,115400.00,0.00,115400.00,Tarjeta crédito,
216,PED000216,2026-03-10 00:51:29,CLI02127,Cali,Aplicación móvil,,Tecnología,Monitor 24 pulgadas,1,734900.00,0.00,734900.00,0.00,734900.00,Tarjeta débito,5.0
217,PED000217,2026-01-04 08:21:54,CLI02258,Barranquilla,Página web,,Electrodomésticos,Licuadora,1,235100.00,5.00,235100.00,11755.00,223345.00,PSE,
218,PED000218,2026-04-19 23:24:11,CLI00940,Medellín,Página web,,Tecnología,Teclado mecánico,1,225300.00,15.00,225300.00,33795.00,191505.00,PSE,
219,PED000219,2026-03-28 01:07:49,CLI01625,Medellín,Página web,,Oficina,Escritorio ajustable,1,1139900.00,5.00,1139900.00,56995.00,1082905.00,Tarjeta crédito,
220,PED000220,2026-02-24 18:49:18,CLI02689,Barranquilla,Tienda física,BAQ-01,Deportes,Balón fútbol,2,125900.00,10.00,251800.00,25180.00,226620.00,Efectivo,3.0
221,PED000221,2026-05-11 10:25:42,CLI01511,Medellín,Página web,,Deportes,Banda caminadora,1,2243900.00,15.00,2243900.00,336585.00,1907315.00,Tarjeta crédito,
222,PED000222,2026-02-07 22:35:17,CLI01273,Bucaramanga,Página web,,Oficina,Base para portátil,2,107700.00,0.00,215400.00,0.00,215400.00,Transferencia,
223,PED000223,2026-06-24 23:03:43,CLI01773,Bogotá D.C.,Tienda física,BOG-03,Hogar,Purificador de aire,1,799900.00,10.00,799900.00,79990.00,719910.00,Efectivo,5.0
224,PED000224,2026-02-16 06:13:44,CLI02568,Medellín,Tienda física,MDE-01,Electrodomésticos,Cafetera eléctrica,1,193700.00,5.00,193700.00,9685.00,184015.00,Efectivo,
225,PED000225,2026-01-30 16:58:17,CLI00174,Bogotá D.C.,Tienda física,BOG-01,Electrodomésticos,Cafetera eléctrica,2,186100.00,10.00,372200.00,37220.00,334980.00,Tarjeta débito,
226,PED000226,2026-01-24 06:44:18,CLI00160,Bucaramanga,Tienda física,BGA-01,Electrodomésticos,Arrocera,1,178400.00,0.00,178400.00,0.00,178400.00,Tarjeta crédito,
227,PED000227,2026-02-10 10:23:35,CLI00523,Bogotá D.C.,Página web,,Hogar,Aspiradora vertical,2,524900.00,10.00,1049800.00,104980.00,944820.00,PSE,4.0
228,PED000228,2026-01-17 09:39:10,CLI00192,Pereira,Página web,,Electrodomésticos,Horno microondas,2,579900.00,5.00,1159800.00,57990.00,1101810.00,Tarjeta crédito,
229,PED000229,2026-06-03 19:41:34,CLI01804,Barranquilla,Aplicación móvil,,Deportes,Banda caminadora,1,2155900.00,0.00,2155900.00,0.00,2155900.00,PSE,3.0
230,PED000230,2026-05-22 03:51:34,CLI02621,Pereira,Aplicación móvil,,Deportes,Balón fútbol,1,113900.00,0.00,113900.00,0.00,113900.00,Tarjeta débito,2.0
231,PED000231,2026-04-27 05:42:34,CLI00867,Bucaramanga,Página web,,Deportes,Bicicleta estática,1,1499900.00,15.00,1499900.00,224985.00,1274915.00,Tarjeta crédito,4.0
232,PED000232,2026-04-28 13:59:36,CLI01609,Bogotá D.C.,Aplicación móvil,,Hogar,Ventilador de torre,1,349900.00,10.00,349900.00,34990.00,314910.00,Billetera digital,
233,PED000233,2026-01-29 19:53:56,CLI00407,Cali,Página web,,Electrodomésticos,Licuadora,1,239900.00,10.00,239900.00,23990.00,215910.00,Tarjeta débito,
234,PED000234,2026-03-12 10:12:36,CLI01680,Bogotá D.C.,Aplicación móvil,,Oficina,Impresora multifuncional,1,849900.00,0.00,849900.00,0.00,849900.00,PSE,
235,PED000235,2026-01-21 19:42:31,CLI00313,Cali,Página web,,Oficina,Escritorio ajustable,1,1175900.00,10.00,1175900.00,117590.00,1058310.00,Tarjeta débito,
236,PED000236,2026-01-08 18:59:51,CLI00943,Bogotá D.C.,Página web,,Tecnología,Mouse inalámbrico,1,89900.00,0.00,89900.00,0.00,89900.00,Tarjeta crédito,
237,PED000237,2026-06-18 19:19:34,CLI00677,Bogotá D.C.,Tienda física,BOG-01,Tecnología,Teclado mecánico,3,218400.00,0.00,655200.00,0.00,655200.00,Efectivo,3.0
238,PED000238,2026-03-13 16:58:47,CLI02438,Cali,Página web,,Electrodomésticos,Licuadora,1,239900.00,10.00,239900.00,23990.00,215910.00,Tarjeta débito,4.0
239,PED000239,2026-04-17 11:19:39,CLI01238,Pereira,Aplicación móvil,,Tecnología,Teclado mecánico,2,241400.00,5.00,482800.00,24140.00,458660.00,Tarjeta crédito,
240,PED000240,2026-02-07 21:01:42,CLI00387,Medellín,Aplicación móvil,,Tecnología,Mouse inalámbrico,3,85400.00,0.00,256200.00,0.00,256200.00,Billetera digital,
241,PED000241,2026-01-23 13:00:13,CLI01861,Bogotá D.C.,Tienda física,BOG-01,Tecnología,Teclado mecánico,1,229900.00,0.00,229900.00,0.00,229900.00,Efectivo,
242,PED000242,2026-03-04 14:29:49,CLI01831,Barranquilla,Página web,,Tecnología,Mouse inalámbrico,1,88100.00,10.00,88100.00,8810.00,79290.00,PSE,2.0
243,PED000243,2026-02-10 01:30:30,CLI01317,Bogotá D.C.,Página web,,Tecnología,Audífonos Bluetooth,1,157400.00,10.00,157400.00,15740.00,141660.00,Tarjeta débito,
244,PED000244,2026-02-08 09:03:06,CLI02616,Barranquilla,Aplicación móvil,,Tecnología,Tablet 10 pulgadas,2,899900.00,10.00,1799800.00,179980.00,1619820.00,PSE,
245,PED000245,2026-04-23 12:07:08,CLI01314,Bogotá D.C.,Aplicación móvil,,Hogar,Purificador de aire,1,799900.00,0.00,799900.00,0.00,799900.00,Tarjeta débito,4.0
246,PED000246,2026-04-25 17:31:14,CLI01073,Barranquilla,Página web,,Electrodomésticos,Licuadora,1,227900.00,10.00,227900.00,22790.00,205110.00,Tarjeta crédito,1.0
247,PED000247,2026-02-13 15:07:54,CLI02207,Bogotá D.C.,Página web,,Electrodomésticos,Cafetera eléctrica,1,189900.00,10.00,189900.00,18990.00,170910.00,Tarjeta crédito,
248,PED000248,2026-05-17 19:10:19,CLI00890,Bogotá D.C.,Tienda física,BOG-02,Tecnología,Mouse inalámbrico,1,91700.00,0.00,91700.00,0.00,91700.00,Tarjeta débito,
249,PED000249,2026-04-22 05:51:51,CLI02062,Cali,Página web,,Hogar,Purificador de aire,2,815900.00,5.00,1631800.00,81590.00,1550210.00,Tarjeta crédito,
250,PED000250,2026-02-12 04:01:37,CLI01876,Bogotá D.C.,Tienda física,BOG-02,Tecnología,Teclado mecánico,1,229900.00,15.00,229900.00,34485.00,195415.00,Tarjeta débito,4.0
251,PED000251,2026-04-02 09:20:23,CLI01913,Barranquilla,Tienda física,BAQ-01,Tecnología,Tablet 10 pulgadas,1,899900.00,0.00,899900.00,0.00,899900.00,Tarjeta crédito,4.0
252,PED000252,2026-02-20 19:33:38,CLI01992,Bogotá D.C.,Página web,,Deportes,Colchoneta yoga,1,89900.00,0.00,89900.00,0.00,89900.00,PSE,4.0
253,PED000253,2026-01-27 21:23:00,CLI01889,Bucaramanga,Página web,,Electrodomésticos,Arrocera,3,169900.00,0.00,509700.00,0.00,509700.00,PSE,
254,PED000254,2026-03-30 15:23:54,CLI02509,Bucaramanga,Tienda física,BGA-01,Electrodomésticos,Licuadora,1,239900.00,20.00,239900.00,47980.00,191920.00,Tarjeta débito,
255,PED000255,2026-04-26 07:43:49,CLI00861,Barranquilla,Tienda física,BAQ-01,Electrodomésticos,Freidora de aire,1,440900.00,15.00,440900.00,66135.00,374765.00,Tarjeta crédito,2.0
256,PED000256,2026-02-09 01:19:45,CLI00184,Bogotá D.C.,Página web,,Electrodomésticos,Arrocera,1,161400.00,0.00,161400.00,0.00,161400.00,Tarjeta débito,5.0
257,PED000257,2026-05-14 14:26:01,CLI01944,Medellín,Aplicación móvil,,Electrodomésticos,Arrocera,1,166500.00,0.00,166500.00,0.00,166500.00,PSE,3.0
258,PED000258,2026-02-02 11:58:33,CLI02453,Cali,Tienda física,CLO-02,Deportes,Kit bandas elásticas,1,81500.00,0.00,81500.00,0.00,81500.00,Efectivo,4.0
259,PED000259,2026-04-13 14:29:30,CLI00216,Medellín,Página web,,Tecnología,Audífonos Bluetooth,1,152900.00,5.00,152900.00,7645.00,145255.00,Tarjeta débito,
260,PED000260,2026-02-17 15:32:20,CLI01151,Bogotá D.C.,Página web,,Hogar,Juego de ollas,1,304400.00,5.00,304400.00,15220.00,289180.00,PSE,5.0
261,PED000261,2026-03-24 11:19:24,CLI00194,Bucaramanga,Tienda física,BGA-01,Electrodomésticos,Cafetera eléctrica,2,189900.00,0.00,379800.00,0.00,379800.00,Tarjeta crédito,5.0
262,PED000262,2026-01-05 13:25:15,CLI02092,Pereira,Página web,,Electrodomésticos,Cafetera eléctrica,2,186100.00,0.00,372200.00,0.00,372200.00,PSE,
263,PED000263,2026-02-06 00:14:54,CLI02015,Pereira,Página web,,Deportes,Mancuernas ajustables,1,407900.00,20.00,407900.00,81580.00,326320.00,PSE,4.0
264,PED000264,2026-01-15 10:18:41,CLI01444,Bucaramanga,Página web,,Tecnología,Monitor 24 pulgadas,4,699900.00,20.00,2799600.00,559920.00,2239680.00,Tarjeta crédito,5.0
265,PED000265,2026-05-17 02:30:05,CLI00909,Bogotá D.C.,Página web,,Deportes,Colchoneta yoga,2,89900.00,0.00,179800.00,0.00,179800.00,PSE,5.0
266,PED000266,2026-01-27 04:00:16,CLI02551,Cali,Página web,,Tecnología,Tablet 10 pulgadas,1,854900.00,10.00,854900.00,85490.00,769410.00,Tarjeta débito,1.0
267,PED000267,2026-02-21 19:25:02,CLI01104,Barranquilla,Página web,,Electrodomésticos,Freidora de aire,1,440900.00,20.00,440900.00,88180.00,352720.00,Tarjeta crédito,4.0
268,PED000268,2026-05-06 05:11:04,CLI00321,Pereira,Tienda física,PEI-01,Tecnología,Tablet 10 pulgadas,1,854900.00,0.00,854900.00,0.00,854900.00,Tarjeta débito,4.0
269,PED000269,2026-02-15 05:20:01,CLI00286,Bucaramanga,Aplicación móvil,,Tecnología,Audífonos Bluetooth,1,149900.00,0.00,149900.00,0.00,149900.00,PSE,
270,PED000270,2026-01-18 16:38:59,CLI00734,Cali,Página web,,Electrodomésticos,Licuadora,3,239900.00,10.00,719700.00,71970.00,647730.00,PSE,
271,PED000271,2026-05-27 15:04:52,CLI00901,Medellín,Aplicación móvil,,Oficina,Escritorio ajustable,1,1175900.00,5.00,1175900.00,58795.00,1117105.00,Tarjeta crédito,
272,PED000272,2026-01-04 16:18:55,CLI02100,Bogotá D.C.,Tienda física,BOG-02,Oficina,Archivador metálico,1,459900.00,0.00,459900.00,0.00,459900.00,Tarjeta crédito,5.0
273,PED000273,2026-02-12 03:32:49,CLI00933,Medellín,Tienda física,MDE-01,Tecnología,Audífonos Bluetooth,1,149900.00,0.00,149900.00,0.00,149900.00,Tarjeta débito,
274,PED000274,2026-01-11 18:54:44,CLI00319,Bucaramanga,Tienda física,BGA-01,Electrodomésticos,Sanduchera,3,123400.00,0.00,370200.00,0.00,370200.00,Efectivo,
275,PED000275,2026-02-19 09:10:18,CLI01376,Bogotá D.C.,Aplicación móvil,,Electrodomésticos,Cafetera eléctrica,1,189900.00,0.00,189900.00,0.00,189900.00,Tarjeta crédito,3.0
276,PED000276,2026-03-31 17:47:56,CLI00219,Bogotá D.C.,Tienda física,BOG-03,Electrodomésticos,Horno microondas,2,579900.00,10.00,1159800.00,115980.00,1043820.00,Tarjeta crédito,
277,PED000277,2026-03-26 13:22:51,CLI01016,Barranquilla,Tienda física,BAQ-01,Electrodomésticos,Licuadora,1,239900.00,0.00,239900.00,0.00,239900.00,Tarjeta débito,4.0
278,PED000278,2026-03-21 11:18:48,CLI01939,Pereira,Página web,,Tecnología,Monitor 24 pulgadas,1,734900.00,0.00,734900.00,0.00,734900.00,Tarjeta débito,
279,PED000279,2026-01-16 02:48:15,CLI00678,Pereira,Aplicación móvil,,Deportes,Banda caminadora,1,2155900.00,10.00,2155900.00,215590.00,1940310.00,Tarjeta crédito,5.0
280,PED000280,2026-01-11 02:26:01,CLI01046,Medellín,Aplicación móvil,,Tecnología,Smartwatch,1,329900.00,0.00,329900.00,0.00,329900.00,Tarjeta crédito,4.0
281,PED000281,2026-04-19 18:49:29,CLI00641,Bogotá D.C.,Aplicación móvil,,Deportes,Colchoneta yoga,1,91700.00,5.00,91700.00,4585.00,87115.00,Tarjeta débito,
282,PED000282,2026-02-13 04:58:33,CLI00698,Cali,Página web,,Tecnología,Monitor 24 pulgadas,3,699900.00,0.00,2099700.00,0.00,2099700.00,Tarjeta crédito,4.0
283,PED000283,2026-04-19 09:26:21,CLI00230,Bogotá D.C.,Tienda física,BOG-01,Hogar,Lámpara de mesa,1,127300.00,0.00,127300.00,0.00,127300.00,Tarjeta débito,
284,PED000284,2026-01-06 17:47:51,CLI02353,Bogotá D.C.,Página web,,Deportes,Bicicleta estática,1,1499900.00,0.00,1499900.00,0.00,1499900.00,Tarjeta débito,3.0
285,PED000285,2026-03-08 21:11:13,CLI00824,Bogotá D.C.,Aplicación móvil,,Oficina,Base para portátil,1,109900.00,10.00,109900.00,10990.00,98910.00,PSE,
286,PED000286,2026-06-06 02:29:15,CLI00273,Bogotá D.C.,Aplicación móvil,,Oficina,Webcam Full HD,2,203900.00,0.00,407800.00,0.00,407800.00,Billetera digital,
287,PED000287,2026-04-07 12:55:50,CLI00066,Medellín,Página web,,Hogar,Aspiradora vertical,1,499900.00,20.00,499900.00,99980.00,399920.00,PSE,3.0
288,PED000288,2026-01-15 01:05:04,CLI02119,Cali,Aplicación móvil,,Tecnología,Smartwatch,1,329900.00,0.00,329900.00,0.00,329900.00,Tarjeta crédito,
289,PED000289,2026-02-25 13:57:57,CLI01255,Medellín,Tienda física,MDE-01,Electrodomésticos,Licuadora,2,239900.00,5.00,479800.00,23990.00,455810.00,Tarjeta crédito,1.0
290,PED000290,2026-04-22 18:50:40,CLI02283,Medellín,Aplicación móvil,,Tecnología,Audífonos Bluetooth,1,157400.00,0.00,157400.00,0.00,157400.00,Billetera digital,
291,PED000291,2026-04-09 14:57:03,CLI02534,Bogotá D.C.,Tienda física,BOG-02,Oficina,Escritorio ajustable,2,1199900.00,20.00,2399800.00,479960.00,1919840.00,Efectivo,
292,PED000292,2026-01-12 01:27:34,CLI00495,Bogotá D.C.,Tienda física,BOG-03,Oficina,Archivador metálico,2,482900.00,15.00,965800.00,144870.00,820930.00,Efectivo,
293,PED000293,2026-05-30 05:49:13,CLI00516,Bogotá D.C.,Tienda física,BOG-01,Tecnología,Teclado mecánico,1,225300.00,20.00,225300.00,45060.00,180240.00,Efectivo,4.0
294,PED000294,2026-05-16 18:50:31,CLI01798,Medellín,Página web,,Electrodomésticos,Licuadora,2,239900.00,15.00,479800.00,71970.00,407830.00,Tarjeta crédito,
295,PED000295,2026-06-05 10:43:30,CLI01984,Pereira,Aplicación móvil,,Electrodomésticos,Horno microondas,2,568300.00,10.00,1136600.00,113660.00,1022940.00,PSE,
296,PED000296,2026-02-21 16:23:22,CLI01304,Cali,Tienda física,CLO-02,Tecnología,Teclado mecánico,2,225300.00,0.00,450600.00,0.00,450600.00,Tarjeta débito,5.0
297,PED000297,2026-02-28 19:27:53,CLI02591,Pereira,Página web,,Oficina,Webcam Full HD,1,199900.00,0.00,199900.00,0.00,199900.00,PSE,
298,PED000298,2026-04-09 23:41:14,CLI01182,Bogotá D.C.,Página web,,Oficina,Escritorio ajustable,3,1139900.00,10.00,3419700.00,341970.00,3077730.00,PSE,3.0
299,PED000299,2026-04-10 14:35:37,CLI02070,Barranquilla,Tienda física,BAQ-01,Tecnología,Audífonos Bluetooth,2,149900.00,10.00,299800.00,29980.00,269820.00,Tarjeta crédito,4.0
300,PED000300,2026-05-15 19:24:22,CLI00719,Cali,Página web,,Deportes,Bicicleta estática,1,1574900.00,10.00,1574900.00,157490.00,1417410.00,Tarjeta débito,
301,PED000301,2026-03-15 09:54:09,CLI00437,Bucaramanga,Página web,,Tecnología,Mouse inalámbrico,2,91700.00,5.00,183400.00,9170.00,174230.00,PSE,5.0
302,PED000302,2026-01-08 06:48:00,CLI00978,Cali,Tienda física,CLO-01,Tecnología,Monitor 24 pulgadas,1,685900.00,0.00,685900.00,0.00,685900.00,Efectivo,3.0
303,PED000303,2026-04-23 10:05:52,CLI01429,Barranquilla,Página web,,Oficina,Webcam Full HD,1,189900.00,0.00,189900.00,0.00,189900.00,Tarjeta crédito,
304,PED000304,2026-02-24 23:03:51,CLI02313,Medellín,Tienda física,MDE-01,Electrodomésticos,Freidora de aire,1,449900.00,0.00,449900.00,0.00,449900.00,Efectivo,3.0
305,PED000305,2026-01-22 12:48:18,CLI00052,Bogotá D.C.,Tienda física,BOG-02,Electrodomésticos,Horno microondas,1,579900.00,5.00,579900.00,28995.00,550905.00,Tarjeta débito,
306,PED000306,2026-06-03 12:14:27,CLI01808,Bogotá D.C.,Tienda física,BOG-03,Deportes,Bicicleta estática,1,1499900.00,0.00,1499900.00,0.00,1499900.00,Tarjeta crédito,
307,PED000307,2026-02-24 04:39:48,CLI01158,Cali,Página web,,Deportes,Balón fútbol,2,125900.00,10.00,251800.00,25180.00,226620.00,Tarjeta crédito,5.0
308,PED000308,2026-04-18 12:39:42,CLI02337,Pereira,Página web,,Hogar,Purificador de aire,1,799900.00,5.00,799900.00,39995.00,759905.00,Tarjeta crédito,
309,PED000309,2026-05-06 16:48:03,CLI00041,Bogotá D.C.,Tienda física,BOG-01,Hogar,Ventilador de torre,1,356900.00,15.00,356900.00,53535.00,303365.00,Efectivo,
310,PED000310,2026-02-06 18:56:03,CLI01976,Bogotá D.C.,Página web,,Hogar,Ventilador de torre,1,342900.00,0.00,342900.00,0.00,342900.00,Tarjeta crédito,4.0
311,PED000311,2026-05-07 11:27:02,CLI01891,Medellín,Página web,,Tecnología,Teclado mecánico,2,229900.00,20.00,459800.00,91960.00,367840.00,PSE,
312,PED000312,2026-01-21 05:42:23,CLI02591,Bogotá D.C.,Página web,,Tecnología,Teclado mecánico,2,218400.00,20.00,436800.00,87360.00,349440.00,PSE,3.0
313,PED000313,2026-05-04 17:22:10,CLI02249,Bogotá D.C.,Aplicación móvil,,Deportes,Banda caminadora,1,2089900.00,0.00,2089900.00,0.00,2089900.00,PSE,2.0
314,PED000314,2026-04-09 22:39:31,CLI01484,Cali,Página web,,Oficina,Escritorio ajustable,1,1199900.00,0.00,1199900.00,0.00,1199900.00,Tarjeta crédito,
315,PED000315,2026-03-28 03:27:21,CLI00432,Bogotá D.C.,Página web,,Hogar,Lámpara de mesa,3,127300.00,0.00,381900.00,0.00,381900.00,PSE,3.0
316,PED000316,2026-05-10 22:44:39,CLI01621,Medellín,Aplicación móvil,,Hogar,Organizador modular,1,122300.00,0.00,122300.00,0.00,122300.00,Tarjeta crédito,
317,PED000317,2026-06-11 08:27:08,CLI01335,Medellín,Página web,,Oficina,Archivador metálico,1,436900.00,10.00,436900.00,43690.00,393210.00,PSE,
318,PED000318,2026-02-15 10:42:08,CLI00781,Medellín,Página web,,Electrodomésticos,Cafetera eléctrica,1,199400.00,10.00,199400.00,19940.00,179460.00,Tarjeta crédito,
319,PED000319,2026-03-21 03:50:35,CLI00763,Bogotá D.C.,Página web,,Deportes,Mancuernas ajustables,1,407900.00,0.00,407900.00,0.00,407900.00,PSE,4.0
320,PED000320,2026-02-09 03:16:40,CLI01662,Bucaramanga,Aplicación móvil,,Electrodomésticos,Freidora de aire,1,449900.00,15.00,449900.00,67485.00,382415.00,Tarjeta crédito,
321,PED000321,2026-05-29 22:31:20,CLI02699,Medellín,Aplicación móvil,,Hogar,Aspiradora vertical,3,499900.00,0.00,1499700.00,0.00,1499700.00,Tarjeta crédito,4.0
322,PED000322,2026-04-28 10:58:24,CLI01046,Pereira,Tienda física,PEI-01,Hogar,Lámpara de mesa,1,127300.00,0.00,127300.00,0.00,127300.00,Tarjeta crédito,4.0
323,PED000323,2026-02-03 13:19:05,CLI02040,Bogotá D.C.,Aplicación móvil,,Electrodomésticos,Cafetera eléctrica,1,180400.00,0.00,180400.00,0.00,180400.00,Tarjeta crédito,5.0
324,PED000324,2026-05-08 11:24:00,CLI00820,Medellín,Aplicación móvil,,Tecnología,Tablet 10 pulgadas,1,917900.00,0.00,917900.00,0.00,917900.00,PSE,
325,PED000325,2026-02-04 14:48:50,CLI01805,Pereira,Página web,,Tecnología,Smartwatch,2,329900.00,10.00,659800.00,65980.00,593820.00,PSE,
326,PED000326,2026-05-11 02:15:26,CLI02199,Medellín,Página web,,Electrodomésticos,Freidora de aire,1,458900.00,0.00,458900.00,0.00,458900.00,Tarjeta débito,3.0
327,PED000327,2026-04-26 06:43:37,CLI01917,Medellín,Aplicación móvil,,Tecnología,Teclado mecánico,1,234500.00,0.00,234500.00,0.00,234500.00,PSE,5.0
328,PED000328,2026-02-03 23:15:50,CLI01814,Bucaramanga,Tienda física,BGA-01,Tecnología,Mouse inalámbrico,2,89900.00,5.00,179800.00,8990.00,170810.00,Tarjeta crédito,
329,PED000329,2026-06-05 00:39:07,CLI00825,Barranquilla,Tienda física,BAQ-01,Hogar,Ventilador de torre,2,342900.00,0.00,685800.00,0.00,685800.00,Tarjeta débito,
330,PED000330,2026-02-24 14:15:07,CLI02377,Bogotá D.C.,Tienda física,BOG-03,Tecnología,Monitor 24 pulgadas,1,699900.00,10.00,699900.00,69990.00,629910.00,PSE,
331,PED000331,2026-04-14 19:55:01,CLI00413,Medellín,Tienda física,MDE-02,Hogar,Lámpara de mesa,1,129900.00,0.00,129900.00,0.00,129900.00,Tarjeta crédito,
332,PED000332,2026-04-18 21:03:52,CLI02542,Medellín,Aplicación móvil,,Oficina,Webcam Full HD,1,189900.00,15.00,189900.00,28485.00,161415.00,Tarjeta crédito,
333,PED000333,2026-04-12 01:07:59,CLI00447,Bogotá D.C.,Aplicación móvil,,Deportes,Kit bandas elásticas,1,75900.00,10.00,75900.00,7590.00,68310.00,PSE,
334,PED000334,2026-05-14 19:46:31,CLI01798,Cali,Aplicación móvil,,Oficina,Impresora multifuncional,1,849900.00,0.00,849900.00,0.00,849900.00,PSE,3.0
335,PED000335,2026-05-08 03:09:02,CLI01769,Bucaramanga,Tienda física,BGA-01,Electrodomésticos,Licuadora,2,235100.00,0.00,470200.00,0.00,470200.00,Tarjeta débito,5.0
336,PED000336,2026-06-25 23:07:45,CLI01381,Medellín,Tienda física,MDE-01,Deportes,Balón fútbol,1,119900.00,10.00,119900.00,11990.00,107910.00,Tarjeta débito,4.0
337,PED000337,2026-03-17 16:22:39,CLI02313,Cali,Página web,,Hogar,Juego de ollas,1,289900.00,0.00,289900.00,0.00,289900.00,Tarjeta crédito,5.0
338,PED000338,2026-02-14 13:57:19,CLI02084,Pereira,Página web,,Deportes,Banda caminadora,1,2199900.00,20.00,2199900.00,439980.00,1759920.00,Tarjeta débito,3.0
339,PED000339,2026-04-27 03:37:18,CLI00837,Bogotá D.C.,Página web,,Hogar,Organizador modular,2,119900.00,0.00,239800.00,0.00,239800.00,Tarjeta débito,
340,PED000340,2026-03-04 16:07:56,CLI01043,Cali,Tienda física,CLO-02,Oficina,Impresora multifuncional,1,849900.00,0.00,849900.00,0.00,849900.00,Tarjeta débito,5.0
341,PED000341,2026-04-08 03:27:27,CLI01537,Bucaramanga,Página web,,Electrodomésticos,Cafetera eléctrica,1,186100.00,10.00,186100.00,18610.00,167490.00,Transferencia,
342,PED000342,2026-02-21 12:00:57,CLI02383,Pereira,Tienda física,PEI-01,Electrodomésticos,Cafetera eléctrica,1,189900.00,0.00,189900.00,0.00,189900.00,Tarjeta débito,5.0
343,PED000343,2026-05-09 18:46:51,CLI00133,Barranquilla,Aplicación móvil,,Electrodomésticos,Licuadora,1,239900.00,0.00,239900.00,0.00,239900.00,Billetera digital,
344,PED000344,2026-01-13 17:53:33,CLI01903,Bucaramanga,Aplicación móvil,,Electrodomésticos,Sanduchera,1,136400.00,0.00,136400.00,0.00,136400.00,Tarjeta crédito,
345,PED000345,2026-03-15 09:48:00,CLI01194,Bogotá D.C.,Aplicación móvil,,Hogar,Organizador modular,1,125900.00,0.00,125900.00,0.00,125900.00,Tarjeta crédito,4.0
346,PED000346,2026-05-30 16:20:16,CLI00347,Pereira,Tienda física,PEI-01,Hogar,Juego de ollas,1,295700.00,10.00,295700.00,29570.00,266130.00,Tarjeta crédito,4.0
347,PED000347,2026-04-04 14:39:59,CLI00265,Bogotá D.C.,Página web,,Tecnología,Smartwatch,2,329900.00,0.00,659800.00,0.00,659800.00,Tarjeta crédito,2.0
348,PED000348,2026-03-21 10:56:00,CLI00071,Pereira,Tienda física,PEI-01,Electrodomésticos,Licuadora,1,239900.00,20.00,239900.00,47980.00,191920.00,Tarjeta débito,5.0
349,PED000349,2026-02-12 11:01:28,CLI00212,Bogotá D.C.,Página web,,Oficina,Base para portátil,1,109900.00,10.00,109900.00,10990.00,98910.00,Tarjeta crédito,2.0
350,PED000350,2026-03-13 23:51:41,CLI01141,Barranquilla,Página web,,Oficina,Archivador metálico,3,459900.00,20.00,1379700.00,275940.00,1103760.00,Tarjeta débito,
351,PED000351,2026-06-26 17:38:18,CLI00491,Medellín,Aplicación móvil,,Electrodomésticos,Horno microondas,1,608900.00,0.00,608900.00,0.00,608900.00,Tarjeta crédito,
352,PED000352,2026-01-11 14:46:21,CLI01979,Cali,Tienda física,CLO-02,Hogar,Juego de ollas,1,284100.00,10.00,284100.00,28410.00,255690.00,Efectivo,2.0
353,PED000353,2026-04-26 20:22:43,CLI01169,Cali,Aplicación móvil,,Tecnología,Teclado mecánico,1,225300.00,0.00,225300.00,0.00,225300.00,Tarjeta débito,4.0
354,PED000354,2026-05-19 02:12:09,CLI01274,Pereira,Página web,,Electrodomésticos,Horno microondas,3,568300.00,20.00,1704900.00,340980.00,1363920.00,Tarjeta crédito,4.0
355,PED000355,2026-04-09 09:15:29,CLI00413,Cali,Página web,,Electrodomésticos,Cafetera eléctrica,1,189900.00,0.00,189900.00,0.00,189900.00,Tarjeta crédito,
356,PED000356,2026-02-05 06:39:57,CLI01229,Cali,Página web,,Deportes,Kit bandas elásticas,2,78300.00,10.00,156600.00,15660.00,140940.00,PSE,3.0
357,PED000357,2026-02-22 18:44:45,CLI01449,Bogotá D.C.,Aplicación móvil,,Tecnología,Monitor 24 pulgadas,1,699900.00,0.00,699900.00,0.00,699900.00,PSE,
358,PED000358,2026-04-11 21:35:07,CLI01035,Medellín,Página web,,Hogar,Aspiradora vertical,1,499900.00,0.00,499900.00,0.00,499900.00,PSE,
359,PED000359,2026-05-21 03:42:33,CLI02323,Bogotá D.C.,Aplicación móvil,,Hogar,Ventilador de torre,1,349900.00,5.00,349900.00,17495.00,332405.00,Billetera digital,3.0
360,PED000360,2026-03-12 18:01:58,CLI00778,Bogotá D.C.,Página web,,Electrodomésticos,Cafetera eléctrica,1,189900.00,0.00,189900.00,0.00,189900.00,Tarjeta crédito,
361,PED000361,2026-01-05 13:33:33,CLI02638,Pereira,Página web,,Oficina,Silla ergonómica,1,787400.00,0.00,787400.00,0.00,787400.00,PSE,
362,PED000362,2026-02-21 18:19:11,CLI02526,Bogotá D.C.,Página web,,Electrodomésticos,Sanduchera,1,129900.00,15.00,129900.00,19485.00,110415.00,Tarjeta débito,
363,PED000363,2026-01-22 10:43:02,CLI02370,Bucaramanga,Tienda física,BGA-01,Hogar,Purificador de aire,3,839900.00,0.00,2519700.00,0.00,2519700.00,Tarjeta crédito,4.0
364,PED000364,2026-03-10 04:24:26,CLI02407,Cali,Tienda física,CLO-01,Oficina,Silla ergonómica,2,712400.00,0.00,1424800.00,0.00,1424800.00,Efectivo,
365,PED000365,2026-03-24 16:06:14,CLI01072,Cali,Página web,,Tecnología,Monitor 24 pulgadas,1,685900.00,0.00,685900.00,0.00,685900.00,Tarjeta crédito,
366,PED000366,2026-02-21 07:57:26,CLI00041,Bogotá D.C.,Página web,,Oficina,Base para portátil,1,112100.00,10.00,112100.00,11210.00,100890.00,Tarjeta crédito,
367,PED000367,2026-06-06 01:30:31,CLI01611,Pereira,Tienda física,PEI-01,Oficina,Escritorio ajustable,1,1223900.00,5.00,1223900.00,61195.00,1162705.00,Efectivo,4.0
368,PED000368,2026-04-23 22:53:46,CLI01373,Cali,Aplicación móvil,,Electrodomésticos,Horno microondas,1,550900.00,20.00,550900.00,110180.00,440720.00,Billetera digital,4.0
369,PED000369,2026-05-21 12:19:48,CLI02403,Bogotá D.C.,Aplicación móvil,,Electrodomésticos,Arrocera,1,173300.00,5.00,173300.00,8665.00,164635.00,Tarjeta crédito,
370,PED000370,2026-04-26 06:33:04,CLI00457,Medellín,Aplicación móvil,,Tecnología,Mouse inalámbrico,1,88100.00,0.00,88100.00,0.00,88100.00,PSE,
371,PED000371,2026-06-15 04:14:15,CLI02333,Bogotá D.C.,Tienda física,BOG-01,Oficina,Archivador metálico,3,482900.00,0.00,1448700.00,0.00,1448700.00,Tarjeta crédito,4.0
372,PED000372,2026-04-29 23:20:33,CLI01184,Bogotá D.C.,Aplicación móvil,,Tecnología,Mouse inalámbrico,1,89900.00,0.00,89900.00,0.00,89900.00,Tarjeta crédito,1.0
373,PED000373,2026-03-06 03:30:40,CLI00726,Bucaramanga,Página web,,Tecnología,Monitor 24 pulgadas,1,699900.00,0.00,699900.00,0.00,699900.00,PSE,
374,PED000374,2026-04-11 16:26:00,CLI00355,Bogotá D.C.,Aplicación móvil,,Deportes,Mancuernas ajustables,1,399900.00,0.00,399900.00,0.00,399900.00,PSE,4.0
375,PED000375,2026-04-27 07:24:18,CLI00647,Pereira,Página web,,Hogar,Organizador modular,2,113900.00,15.00,227800.00,34170.00,193630.00,Tarjeta débito,4.0
376,PED000376,2026-05-14 13:25:43,CLI02543,Cali,Página web,,Tecnología,Monitor 24 pulgadas,2,685900.00,0.00,1371800.00,0.00,1371800.00,Tarjeta débito,3.0
377,PED000377,2026-06-10 10:50:49,CLI01084,Barranquilla,Página web,,Deportes,Balón fútbol,1,119900.00,10.00,119900.00,11990.00,107910.00,PSE,
378,PED000378,2026-03-11 21:02:49,CLI00319,Bogotá D.C.,Página web,,Deportes,Kit bandas elásticas,1,83900.00,10.00,83900.00,8390.00,75510.00,PSE,4.0
379,PED000379,2026-02-14 03:12:00,CLI02172,Bucaramanga,Tienda física,BGA-01,Hogar,Ventilador de torre,1,349900.00,0.00,349900.00,0.00,349900.00,Tarjeta débito,5.0
380,PED000380,2026-06-04 17:11:50,CLI00160,Pereira,Página web,,Deportes,Kit bandas elásticas,1,79900.00,10.00,79900.00,7990.00,71910.00,PSE,
381,PED000381,2026-04-25 13:10:25,CLI00066,Medellín,Tienda física,MDE-02,Hogar,Ventilador de torre,1,342900.00,5.00,342900.00,17145.00,325755.00,Tarjeta débito,3.0
382,PED000382,2026-06-06 20:27:20,CLI00633,Bogotá D.C.,Tienda física,BOG-02,Tecnología,Teclado mecánico,1,218400.00,0.00,218400.00,0.00,218400.00,Tarjeta débito,5.0
383,PED000383,2026-06-16 05:59:15,CLI01861,Bucaramanga,Tienda física,BGA-01,Electrodomésticos,Arrocera,1,173300.00,0.00,173300.00,0.00,173300.00,Tarjeta crédito,
384,PED000384,2026-05-10 09:14:11,CLI01754,Bucaramanga,Tienda física,BGA-01,Oficina,Archivador metálico,1,482900.00,0.00,482900.00,0.00,482900.00,Tarjeta crédito,5.0
385,PED000385,2026-06-28 11:35:42,CLI00206,Cali,Página web,,Tecnología,Tablet 10 pulgadas,1,854900.00,0.00,854900.00,0.00,854900.00,Transferencia,5.0
386,PED000386,2026-06-04 08:32:54,CLI02457,Barranquilla,Tienda física,BAQ-01,Tecnología,Smartwatch,1,313400.00,20.00,313400.00,62680.00,250720.00,Efectivo,
387,PED000387,2026-05-11 00:37:52,CLI02477,Bogotá D.C.,Tienda física,BOG-01,Electrodomésticos,Sanduchera,1,129900.00,5.00,129900.00,6495.00,123405.00,Tarjeta débito,
388,PED000388,2026-04-26 20:00:01,CLI01732,Bucaramanga,Tienda física,BGA-01,Electrodomésticos,Freidora de aire,1,427400.00,10.00,427400.00,42740.00,384660.00,Tarjeta crédito,5.0
389,PED000389,2026-02-13 09:25:46,CLI01082,Pereira,Aplicación móvil,,Tecnología,Teclado mecánico,2,229900.00,15.00,459800.00,68970.00,390830.00,PSE,
390,PED000390,2026-02-17 17:19:11,CLI00074,Bogotá D.C.,Tienda física,BOG-02,Hogar,Purificador de aire,1,783900.00,0.00,783900.00,0.00,783900.00,Tarjeta débito,4.0
391,PED000391,2026-04-04 22:10:44,CLI02481,Bogotá D.C.,Aplicación móvil,,Tecnología,Monitor 24 pulgadas,1,685900.00,10.00,685900.00,68590.00,617310.00,PSE,5.0
392,PED000392,2026-05-29 20:51:50,CLI01054,Bogotá D.C.,Página web,,Tecnología,Teclado mecánico,1,229900.00,0.00,229900.00,0.00,229900.00,PSE,
393,PED000393,2026-01-31 00:28:06,CLI02546,Barranquilla,Tienda física,BAQ-01,Oficina,Base para portátil,1,104400.00,15.00,104400.00,15660.00,88740.00,Tarjeta crédito,
394,PED000394,2026-02-08 17:26:53,CLI01128,Medellín,Página web,,Tecnología,Teclado mecánico,1,241400.00,5.00,241400.00,12070.00,229330.00,Transferencia,
395,PED000395,2026-03-06 06:21:06,CLI02059,Barranquilla,Página web,,Electrodomésticos,Horno microondas,1,591500.00,0.00,591500.00,0.00,591500.00,Tarjeta crédito,4.0
396,PED000396,2026-01-19 18:05:03,CLI00395,Bogotá D.C.,Página web,,Tecnología,Mouse inalámbrico,1,89900.00,15.00,89900.00,13485.00,76415.00,Tarjeta débito,3.0
397,PED000397,2026-03-09 15:48:32,CLI02010,Medellín,Página web,,Tecnología,Audífonos Bluetooth,2,149900.00,0.00,299800.00,0.00,299800.00,PSE,5.0
398,PED000398,2026-04-08 19:43:52,CLI00563,Cali,Página web,,Hogar,Aspiradora vertical,1,499900.00,15.00,499900.00,74985.00,424915.00,Tarjeta crédito,
399,PED000399,2026-02-26 19:42:23,CLI00563,Medellín,Tienda física,MDE-01,Oficina,Webcam Full HD,1,199900.00,0.00,199900.00,0.00,199900.00,PSE,5.0
400,PED000400,2026-01-21 21:59:01,CLI01326,Barranquilla,Aplicación móvil,,Tecnología,Teclado mecánico,1,225300.00,20.00,225300.00,45060.00,180240.00,PSE,5.0
401,PED000401,2026-06-02 10:57:53,CLI00301,Bogotá D.C.,Tienda física,BOG-01,Tecnología,Teclado mecánico,2,229900.00,10.00,459800.00,45980.00,413820.00,Tarjeta crédito,5.0
402,PED000402,2026-03-15 08:59:01,CLI01713,Bogotá D.C.,Página web,,Oficina,Impresora multifuncional,2,866900.00,0.00,1733800.00,0.00,1733800.00,Tarjeta débito,1.0
403,PED000403,2026-04-08 17:37:31,CLI00068,Bogotá D.C.,Tienda física,BOG-02,Electrodomésticos,Cafetera eléctrica,2,193700.00,0.00,387400.00,0.00,387400.00,Tarjeta débito,
404,PED000404,2026-05-20 10:06:25,CLI01710,Bucaramanga,Página web,,Oficina,Archivador metálico,2,436900.00,0.00,873800.00,0.00,873800.00,PSE,
405,PED000405,2026-01-13 22:57:25,CLI00871,Bogotá D.C.,Aplicación móvil,,Tecnología,Mouse inalámbrico,1,89900.00,0.00,89900.00,0.00,89900.00,Billetera digital,
406,PED000406,2026-04-18 04:44:53,CLI00744,Medellín,Página web,,Tecnología,Teclado mecánico,2,234500.00,5.00,469000.00,23450.00,445550.00,Tarjeta crédito,4.0
407,PED000407,2026-05-27 07:34:45,CLI02611,Pereira,Tienda física,PEI-01,Oficina,Escritorio ajustable,1,1199900.00,0.00,1199900.00,0.00,1199900.00,Tarjeta débito,
408,PED000408,2026-06-25 10:09:22,CLI01644,Barranquilla,Tienda física,BAQ-01,Electrodomésticos,Licuadora,1,239900.00,0.00,239900.00,0.00,239900.00,Tarjeta débito,
409,PED000409,2026-01-29 10:27:00,CLI02032,Medellín,Tienda física,MDE-01,Hogar,Lámpara de mesa,1,129900.00,0.00,129900.00,0.00,129900.00,Efectivo,
410,PED000410,2026-06-11 13:40:23,CLI01591,Medellín,Aplicación móvil,,Oficina,Escritorio ajustable,1,1139900.00,0.00,1139900.00,0.00,1139900.00,PSE,4.0
411,PED000411,2026-02-12 02:15:40,CLI02257,Barranquilla,Página web,,Deportes,Bicicleta estática,1,1574900.00,10.00,1574900.00,157490.00,1417410.00,Tarjeta débito,5.0
412,PED000412,2026-01-07 00:24:35,CLI01721,Bucaramanga,Página web,,Oficina,Impresora multifuncional,2,807400.00,10.00,1614800.00,161480.00,1453320.00,Tarjeta crédito,
413,PED000413,2026-02-09 23:28:45,CLI00954,Medellín,Tienda física,MDE-02,Electrodomésticos,Licuadora,1,239900.00,0.00,239900.00,0.00,239900.00,Efectivo,4.0
414,PED000414,2026-01-04 22:52:38,CLI01875,Medellín,Tienda física,MDE-01,Tecnología,Smartwatch,3,323300.00,10.00,969900.00,96990.00,872910.00,Tarjeta crédito,
415,PED000415,2026-06-19 05:06:34,CLI02184,Cali,Tienda física,CLO-02,Oficina,Archivador metálico,2,459900.00,0.00,919800.00,0.00,919800.00,Tarjeta crédito,
416,PED000416,2026-06-15 05:58:28,CLI00377,Pereira,Página web,,Oficina,Impresora multifuncional,1,849900.00,10.00,849900.00,84990.00,764910.00,Tarjeta crédito,5.0
417,PED000417,2026-04-14 09:24:55,CLI02146,Bogotá D.C.,Tienda física,BOG-01,Tecnología,Mouse inalámbrico,1,85400.00,0.00,85400.00,0.00,85400.00,Tarjeta débito,4.0
418,PED000418,2026-05-26 22:26:09,CLI01275,Bogotá D.C.,Aplicación móvil,,Hogar,Ventilador de torre,2,349900.00,0.00,699800.00,0.00,699800.00,Tarjeta crédito,4.0
419,PED000419,2026-06-15 23:50:27,CLI02139,Bogotá D.C.,Aplicación móvil,,Tecnología,Monitor 24 pulgadas,1,699900.00,5.00,699900.00,34995.00,664905.00,Tarjeta crédito,3.0
420,PED000420,2026-06-27 10:10:28,CLI01504,Bucaramanga,Tienda física,BGA-01,Tecnología,Mouse inalámbrico,2,89900.00,0.00,179800.00,0.00,179800.00,Tarjeta débito,3.0
421,PED000421,2026-03-10 01:56:07,CLI02365,Cali,Página web,,Tecnología,Smartwatch,2,313400.00,0.00,626800.00,0.00,626800.00,Tarjeta débito,4.0
422,PED000422,2026-02-28 11:13:48,CLI01350,Barranquilla,Página web,,Oficina,Base para portátil,2,109900.00,0.00,219800.00,0.00,219800.00,Tarjeta débito,5.0
423,PED000423,2026-04-24 00:29:37,CLI02152,Medellín,Aplicación móvil,,Electrodomésticos,Horno microondas,1,591500.00,0.00,591500.00,0.00,591500.00,PSE,
424,PED000424,2026-03-11 07:56:14,CLI00650,Medellín,Página web,,Electrodomésticos,Sanduchera,1,129900.00,20.00,129900.00,25980.00,103920.00,PSE,
425,PED000425,2026-06-14 02:46:33,CLI02103,Bogotá D.C.,Tienda física,BOG-03,Deportes,Banda caminadora,3,2199900.00,0.00,6599700.00,0.00,6599700.00,Tarjeta débito,2.0
426,PED000426,2026-05-14 10:08:23,CLI00870,Bogotá D.C.,Página web,,Tecnología,Smartwatch,1,329900.00,0.00,329900.00,0.00,329900.00,Tarjeta crédito,5.0
427,PED000427,2026-04-21 04:21:41,CLI02606,Cali,Página web,,Deportes,Balón fútbol,1,119900.00,0.00,119900.00,0.00,119900.00,Tarjeta crédito,5.0
428,PED000428,2026-05-15 21:49:42,CLI02487,Cali,Página web,,Tecnología,Teclado mecánico,1,218400.00,0.00,218400.00,0.00,218400.00,Transferencia,3.0
429,PED000429,2026-01-04 10:42:01,CLI01862,Bogotá D.C.,Aplicación móvil,,Oficina,Silla ergonómica,1,787400.00,15.00,787400.00,118110.00,669290.00,Billetera digital,5.0
430,PED000430,2026-01-29 11:16:17,CLI01651,Bogotá D.C.,Aplicación móvil,,Deportes,Mancuernas ajustables,1,399900.00,0.00,399900.00,0.00,399900.00,Tarjeta débito,
431,PED000431,2026-05-22 03:13:01,CLI02156,Pereira,Aplicación móvil,,Electrodomésticos,Licuadora,3,239900.00,5.00,719700.00,35985.00,683715.00,PSE,2.0
432,PED000432,2026-04-23 10:09:02,CLI02674,Bogotá D.C.,Página web,,Deportes,Bicicleta estática,1,1574900.00,10.00,1574900.00,157490.00,1417410.00,Tarjeta crédito,
433,PED000433,2026-03-04 14:45:18,CLI00603,Bucaramanga,Aplicación móvil,,Tecnología,Monitor 24 pulgadas,1,713900.00,10.00,713900.00,71390.00,642510.00,Tarjeta débito,
434,PED000434,2026-06-23 05:41:35,CLI01032,Cali,Página web,,Tecnología,Teclado mecánico,1,241400.00,0.00,241400.00,0.00,241400.00,PSE,5.0
435,PED000435,2026-01-23 16:42:02,CLI01326,Medellín,Aplicación móvil,,Oficina,Webcam Full HD,1,199900.00,0.00,199900.00,0.00,199900.00,PSE,
436,PED000436,2026-04-24 06:56:39,CLI01060,Bogotá D.C.,Página web,,Electrodomésticos,Licuadora,1,251900.00,0.00,251900.00,0.00,251900.00,PSE,2.0
437,PED000437,2026-06-13 15:20:08,CLI01218,Cali,Página web,,Hogar,Purificador de aire,1,839900.00,0.00,839900.00,0.00,839900.00,PSE,
438,PED000438,2026-06-11 05:55:30,CLI00720,Bogotá D.C.,Página web,,Electrodomésticos,Sanduchera,1,129900.00,0.00,129900.00,0.00,129900.00,PSE,
439,PED000439,2026-02-27 06:22:32,CLI02363,Bogotá D.C.,Página web,,Hogar,Aspiradora vertical,3,499900.00,15.00,1499700.00,224955.00,1274745.00,Tarjeta crédito,5.0
440,PED000440,2026-03-27 00:22:10,CLI01670,Cali,Aplicación móvil,,Tecnología,Smartwatch,2,336500.00,0.00,673000.00,0.00,673000.00,Tarjeta crédito,
441,PED000441,2026-04-08 14:57:27,CLI02206,Medellín,Aplicación móvil,,Tecnología,Smartwatch,1,329900.00,0.00,329900.00,0.00,329900.00,Billetera digital,
442,PED000442,2026-02-02 01:44:17,CLI01159,Bogotá D.C.,Página web,,Deportes,Balón fútbol,2,119900.00,5.00,239800.00,11990.00,227810.00,Tarjeta débito,4.0
443,PED000443,2026-03-21 11:36:30,CLI00136,Medellín,Página web,,Hogar,Lámpara de mesa,2,129900.00,10.00,259800.00,25980.00,233820.00,Tarjeta crédito,5.0
444,PED000444,2026-04-14 10:09:19,CLI00540,Pereira,Página web,,Deportes,Mancuernas ajustables,1,399900.00,0.00,399900.00,0.00,399900.00,Tarjeta débito,
445,PED000445,2026-04-16 04:30:13,CLI02440,Barranquilla,Aplicación móvil,,Hogar,Juego de ollas,2,284100.00,0.00,568200.00,0.00,568200.00,Tarjeta débito,5.0
446,PED000446,2026-04-07 05:31:24,CLI00049,Bogotá D.C.,Página web,,Tecnología,Teclado mecánico,2,229900.00,10.00,459800.00,45980.00,413820.00,Tarjeta crédito,5.0
447,PED000447,2026-02-13 16:05:10,CLI01221,Cali,Página web,,Deportes,Mancuernas ajustables,2,399900.00,0.00,799800.00,0.00,799800.00,PSE,
448,PED000448,2026-05-14 18:15:21,CLI01007,Pereira,Aplicación móvil,,Hogar,Aspiradora vertical,1,499900.00,0.00,499900.00,0.00,499900.00,Tarjeta crédito,
449,PED000449,2026-04-15 01:51:06,CLI02582,Pereira,Página web,,Hogar,Aspiradora vertical,2,499900.00,15.00,999800.00,149970.00,849830.00,Tarjeta crédito,
450,PED000450,2026-01-04 08:07:45,CLI00390,Medellín,Página web,,Hogar,Purificador de aire,1,815900.00,5.00,815900.00,40795.00,775105.00,Tarjeta crédito,
451,PED000451,2026-02-05 06:39:02,CLI00839,Cali,Aplicación móvil,,Hogar,Organizador modular,1,113900.00,5.00,113900.00,5695.00,108205.00,Tarjeta débito,5.0
452,PED000452,2026-05-25 01:38:44,CLI01682,Bogotá D.C.,Página web,,Tecnología,Tablet 10 pulgadas,1,854900.00,0.00,854900.00,0.00,854900.00,PSE,5.0
453,PED000453,2026-06-01 00:19:43,CLI02275,Cali,Página web,,Oficina,Silla ergonómica,1,764900.00,0.00,764900.00,0.00,764900.00,PSE,
454,PED000454,2026-05-29 10:57:19,CLI00122,Medellín,Tienda física,MDE-02,Hogar,Aspiradora vertical,2,474900.00,0.00,949800.00,0.00,949800.00,PSE,1.0
455,PED000455,2026-04-06 08:26:10,CLI00485,Medellín,Página web,,Deportes,Bicicleta estática,2,1499900.00,15.00,2999800.00,449970.00,2549830.00,PSE,
456,PED000456,2026-04-27 16:24:50,CLI02336,Pereira,Página web,,Tecnología,Monitor 24 pulgadas,4,699900.00,10.00,2799600.00,279960.00,2519640.00,Tarjeta débito,
457,PED000457,2026-06-27 05:35:42,CLI01166,Medellín,Aplicación móvil,,Electrodomésticos,Licuadora,1,235100.00,0.00,235100.00,0.00,235100.00,Tarjeta crédito,1.0
458,PED000458,2026-01-13 08:19:03,CLI01833,Bogotá D.C.,Página web,,Hogar,Organizador modular,2,119900.00,0.00,239800.00,0.00,239800.00,PSE,5.0
459,PED000459,2026-06-14 11:33:16,CLI02602,Cali,Página web,,Electrodomésticos,Freidora de aire,1,440900.00,0.00,440900.00,0.00,440900.00,Tarjeta crédito,5.0
460,PED000460,2026-05-08 17:19:16,CLI02256,Medellín,Página web,,Electrodomésticos,Licuadora,1,235100.00,15.00,235100.00,35265.00,199835.00,PSE,
461,PED000461,2026-01-30 04:40:48,CLI02061,Bogotá D.C.,Página web,,Oficina,Base para portátil,2,109900.00,0.00,219800.00,0.00,219800.00,Tarjeta crédito,
462,PED000462,2026-02-12 22:55:31,CLI00791,Bogotá D.C.,Aplicación móvil,,Tecnología,Monitor 24 pulgadas,1,699900.00,0.00,699900.00,0.00,699900.00,Tarjeta crédito,
463,PED000463,2026-05-20 00:24:41,CLI02693,Bogotá D.C.,Tienda física,BOG-03,Hogar,Aspiradora vertical,1,499900.00,5.00,499900.00,24995.00,474905.00,Efectivo,
464,PED000464,2026-03-28 10:40:37,CLI01622,Medellín,Aplicación móvil,,Deportes,Balón fútbol,1,117500.00,0.00,117500.00,0.00,117500.00,PSE,
465,PED000465,2026-01-16 20:44:36,CLI01937,Bogotá D.C.,Tienda física,BOG-01,Oficina,Silla ergonómica,1,764900.00,5.00,764900.00,38245.00,726655.00,Tarjeta débito,3.0
466,PED000466,2026-02-27 19:44:21,CLI02167,Barranquilla,Aplicación móvil,,Oficina,Base para portátil,1,107700.00,0.00,107700.00,0.00,107700.00,Tarjeta débito,4.0
467,PED000467,2026-05-02 23:21:36,CLI01548,Bucaramanga,Aplicación móvil,,Hogar,Organizador modular,1,113900.00,5.00,113900.00,5695.00,108205.00,Billetera digital,2.0
468,PED000468,2026-02-13 22:41:56,CLI02697,Bogotá D.C.,Tienda física,BOG-01,Hogar,Lámpara de mesa,2,123400.00,0.00,246800.00,0.00,246800.00,Tarjeta débito,
469,PED000469,2026-05-22 23:23:48,CLI00107,Bogotá D.C.,Aplicación móvil,,Hogar,Organizador modular,1,113900.00,5.00,113900.00,5695.00,108205.00,Tarjeta crédito,5.0
470,PED000470,2026-06-05 02:07:42,CLI00194,Bogotá D.C.,Página web,,Tecnología,Teclado mecánico,1,225300.00,15.00,225300.00,33795.00,191505.00,Tarjeta débito,5.0
471,PED000471,2026-01-20 09:28:22,CLI02644,Barranquilla,Tienda física,BAQ-01,Deportes,Banda caminadora,1,2089900.00,10.00,2089900.00,208990.00,1880910.00,Efectivo,4.0
472,PED000472,2026-04-13 10:45:15,CLI00171,Bogotá D.C.,Tienda física,BOG-01,Tecnología,Smartwatch,2,313400.00,5.00,626800.00,31340.00,595460.00,Tarjeta crédito,
473,PED000473,2026-02-09 11:43:32,CLI01688,Cali,Página web,,Oficina,Archivador metálico,2,469100.00,0.00,938200.00,0.00,938200.00,Tarjeta crédito,4.0
474,PED000474,2026-02-15 06:57:27,CLI01356,Bogotá D.C.,Aplicación móvil,,Deportes,Colchoneta yoga,1,89900.00,10.00,89900.00,8990.00,80910.00,Tarjeta crédito,
475,PED000475,2026-04-03 19:12:19,CLI01325,Bucaramanga,Página web,,Oficina,Archivador metálico,1,469100.00,5.00,469100.00,23455.00,445645.00,PSE,5.0
476,PED000476,2026-06-03 17:57:37,CLI02372,Bogotá D.C.,Aplicación móvil,,Hogar,Aspiradora vertical,1,499900.00,10.00,499900.00,49990.00,449910.00,Billetera digital,
477,PED000477,2026-03-01 21:34:19,CLI00974,Bogotá D.C.,Página web,,Tecnología,Audífonos Bluetooth,1,149900.00,15.00,149900.00,22485.00,127415.00,PSE,4.0
478,PED000478,2026-04-22 15:56:54,CLI01212,Medellín,Página web,,Electrodomésticos,Licuadora,1,235100.00,0.00,235100.00,0.00,235100.00,PSE,
479,PED000479,2026-01-03 23:57:59,CLI00043,Medellín,Tienda física,MDE-01,Deportes,Banda caminadora,1,2199900.00,5.00,2199900.00,109995.00,2089905.00,Efectivo,5.0
480,PED000480,2026-04-17 21:42:10,CLI00290,Bogotá D.C.,Aplicación móvil,,Oficina,Impresora multifuncional,2,866900.00,10.00,1733800.00,173380.00,1560420.00,Tarjeta crédito,
481,PED000481,2026-06-05 09:31:05,CLI01506,Bogotá D.C.,Página web,,Hogar,Ventilador de torre,1,367400.00,0.00,367400.00,0.00,367400.00,Tarjeta crédito,
482,PED000482,2026-03-21 05:22:56,CLI00845,Bogotá D.C.,Tienda física,BOG-02,Hogar,Juego de ollas,1,275400.00,0.00,275400.00,0.00,275400.00,Efectivo,
483,PED000483,2026-02-02 05:55:00,CLI02569,Bogotá D.C.,Página web,,Oficina,Silla ergonómica,1,749900.00,0.00,749900.00,0.00,749900.00,Tarjeta crédito,
484,PED000484,2026-06-19 10:55:58,CLI00159,Medellín,Aplicación móvil,,Hogar,Lámpara de mesa,1,123400.00,10.00,123400.00,12340.00,111060.00,PSE,
485,PED000485,2026-06-16 18:57:21,CLI02262,Barranquilla,Tienda física,BAQ-01,Hogar,Organizador modular,1,117500.00,0.00,117500.00,0.00,117500.00,Tarjeta débito,
486,PED000486,2026-01-19 12:14:08,CLI01485,Pereira,Página web,,Tecnología,Smartwatch,1,329900.00,10.00,329900.00,32990.00,296910.00,Tarjeta crédito,
487,PED000487,2026-03-12 17:07:02,CLI01345,Bucaramanga,Página web,,Deportes,Mancuernas ajustables,1,407900.00,0.00,407900.00,0.00,407900.00,Tarjeta crédito,
488,PED000488,2026-03-01 12:13:46,CLI00736,Pereira,Tienda física,PEI-01,Electrodomésticos,Sanduchera,1,129900.00,10.00,129900.00,12990.00,116910.00,Tarjeta débito,4.0
489,PED000489,2026-04-11 10:04:30,CLI02145,Cali,Página web,,Electrodomésticos,Horno microondas,1,579900.00,15.00,579900.00,86985.00,492915.00,PSE,
490,PED000490,2026-05-22 18:55:04,CLI01264,Medellín,Página web,,Tecnología,Tablet 10 pulgadas,1,854900.00,0.00,854900.00,0.00,854900.00,Tarjeta débito,
491,PED000491,2026-03-16 23:51:21,CLI01909,Medellín,Página web,,Oficina,Archivador metálico,1,482900.00,0.00,482900.00,0.00,482900.00,PSE,4.0
492,PED000492,2026-02-23 04:56:25,CLI02291,Barranquilla,Página web,,Electrodomésticos,Cafetera eléctrica,1,199400.00,10.00,199400.00,19940.00,179460.00,PSE,
493,PED000493,2026-05-09 11:33:08,CLI02302,Barranquilla,Página web,,Deportes,Banda caminadora,1,2199900.00,20.00,2199900.00,439980.00,1759920.00,PSE,
494,PED000494,2026-05-20 17:09:23,CLI00426,Bogotá D.C.,Página web,,Electrodomésticos,Sanduchera,2,129900.00,0.00,259800.00,0.00,259800.00,Tarjeta crédito,
495,PED000495,2026-01-27 05:38:24,CLI00429,Cali,Página web,,Oficina,Base para portátil,2,107700.00,10.00,215400.00,21540.00,193860.00,Tarjeta crédito,4.0
496,PED000496,2026-01-17 07:09:08,CLI01597,Bogotá D.C.,Tienda física,BOG-02,Electrodomésticos,Licuadora,1,227900.00,0.00,227900.00,0.00,227900.00,Efectivo,5.0
497,PED000497,2026-01-03 13:22:07,CLI00040,Cali,Página web,,Oficina,Silla ergonómica,1,749900.00,0.00,749900.00,0.00,749900.00,Transferencia,
498,PED000498,2026-02-21 21:48:00,CLI01045,Bucaramanga,Página web,,Electrodomésticos,Horno microondas,1,579900.00,20.00,579900.00,115980.00,463920.00,Tarjeta débito,4.0
499,PED000499,2026-03-27 21:33:14,CLI00549,Bucaramanga,Página web,,Oficina,Escritorio ajustable,1,1223900.00,0.00,1223900.00,0.00,1223900.00,PSE,3.0
500,PED000500,2026-04-07 11:53:22,CLI02446,Barranquilla,Aplicación móvil,,Electrodomésticos,Cafetera eléctrica,1,189900.00,5.00,189900.00,9495.00,180405.00,PSE,
501,PED000501,2026-06-07 00:07:59,CLI01625,Bogotá D.C.,Página web,,Tecnología,Smartwatch,1,346400.00,5.00,346400.00,17320.00,329080.00,Transferencia,
502,PED000502,2026-04-29 16:43:12,CLI00622,Bogotá D.C.,Página web,,Hogar,Organizador modular,1,113900.00,0.00,113900.00,0.00,113900.00,Transferencia,5.0
503,PED000503,2026-02-04 14:05:40,CLI02409,Bucaramanga,Página web,,Deportes,Kit bandas elásticas,1,75900.00,5.00,75900.00,3795.00,72105.00,Tarjeta débito,
504,PED000504,2026-03-21 22:04:47,CLI02445,Medellín,Página web,,Hogar,Juego de ollas,1,304400.00,0.00,304400.00,0.00,304400.00,PSE,5.0
505,PED000505,2026-02-14 04:42:44,CLI00363,Pereira,Aplicación móvil,,Hogar,Ventilador de torre,3,342900.00,0.00,1028700.00,0.00,1028700.00,Tarjeta crédito,
506,PED000506,2026-02-15 04:00:04,CLI01605,Cali,Página web,,Tecnología,Audífonos Bluetooth,3,149900.00,10.00,449700.00,44970.00,404730.00,PSE,3.0
507,PED000507,2026-03-05 03:58:07,CLI01407,Bucaramanga,Tienda física,BGA-01,Hogar,Lámpara de mesa,1,132500.00,0.00,132500.00,0.00,132500.00,Efectivo,5.0
508,PED000508,2026-06-05 18:31:26,CLI00672,Barranquilla,Página web,,Electrodomésticos,Cafetera eléctrica,1,189900.00,0.00,189900.00,0.00,189900.00,Tarjeta crédito,5.0
509,PED000509,2026-02-14 06:42:10,CLI02532,Medellín,Página web,,Deportes,Balón fútbol,4,113900.00,0.00,455600.00,0.00,455600.00,Tarjeta crédito,
510,PED000510,2026-05-11 04:06:26,CLI02578,Cali,Aplicación móvil,,Hogar,Organizador modular,1,117500.00,10.00,117500.00,11750.00,105750.00,Billetera digital,
511,PED000511,2026-03-20 13:07:00,CLI02566,Bogotá D.C.,Tienda física,BOG-01,Deportes,Kit bandas elásticas,1,75900.00,0.00,75900.00,0.00,75900.00,Tarjeta débito,
512,PED000512,2026-06-04 01:27:10,CLI00770,Pereira,Tienda física,PEI-01,Electrodomésticos,Arrocera,2,169900.00,5.00,339800.00,16990.00,322810.00,PSE,2.0
513,PED000513,2026-02-23 11:59:58,CLI01318,Cali,Tienda física,CLO-01,Tecnología,Mouse inalámbrico,1,89900.00,10.00,89900.00,8990.00,80910.00,Efectivo,
514,PED000514,2026-03-30 01:10:57,CLI00484,Barranquilla,Tienda física,BAQ-01,Tecnología,Teclado mecánico,1,218400.00,0.00,218400.00,0.00,218400.00,Tarjeta débito,5.0
515,PED000515,2026-03-27 04:43:54,CLI00717,Barranquilla,Página web,,Deportes,Colchoneta yoga,3,89900.00,0.00,269700.00,0.00,269700.00,PSE,5.0
516,PED000516,2026-04-26 16:31:42,CLI01150,Pereira,Tienda física,PEI-01,Tecnología,Monitor 24 pulgadas,1,664900.00,5.00,664900.00,33245.00,631655.00,Tarjeta crédito,3.0
517,PED000517,2026-03-23 21:07:24,CLI00387,Cali,Aplicación móvil,,Deportes,Colchoneta yoga,1,94400.00,5.00,94400.00,4720.00,89680.00,PSE,3.0
518,PED000518,2026-01-28 13:20:24,CLI01866,Medellín,Tienda física,MDE-01,Oficina,Base para portátil,1,104400.00,15.00,104400.00,15660.00,88740.00,Efectivo,
519,PED000519,2026-05-19 15:01:18,CLI01628,Bucaramanga,Página web,,Tecnología,Mouse inalámbrico,2,94400.00,5.00,188800.00,9440.00,179360.00,Tarjeta débito,4.0
520,PED000520,2026-04-16 19:57:42,CLI01926,Medellín,Aplicación móvil,,Hogar,Lámpara de mesa,2,129900.00,0.00,259800.00,0.00,259800.00,Tarjeta débito,5.0
521,PED000521,2026-05-05 00:08:41,CLI00817,Barranquilla,Aplicación móvil,,Tecnología,Monitor 24 pulgadas,1,664900.00,5.00,664900.00,33245.00,631655.00,Tarjeta crédito,5.0
522,PED000522,2026-04-23 23:56:06,CLI02537,Bogotá D.C.,Aplicación móvil,,Tecnología,Mouse inalámbrico,1,88100.00,10.00,88100.00,8810.00,79290.00,Tarjeta crédito,5.0
523,PED000523,2026-01-02 06:37:37,CLI01066,Bucaramanga,Tienda física,BGA-01,Hogar,Aspiradora vertical,1,499900.00,0.00,499900.00,0.00,499900.00,PSE,
524,PED000524,2026-01-04 00:22:14,CLI01043,Medellín,Página web,,Deportes,Kit bandas elásticas,1,79900.00,0.00,79900.00,0.00,79900.00,Tarjeta crédito,
525,PED000525,2026-06-01 20:57:49,CLI01374,Bogotá D.C.,Tienda física,BOG-03,Hogar,Organizador modular,2,119900.00,20.00,239800.00,47960.00,191840.00,Efectivo,
526,PED000526,2026-01-28 10:11:16,CLI00597,Cali,Tienda física,CLO-01,Oficina,Impresora multifuncional,1,807400.00,5.00,807400.00,40370.00,767030.00,Tarjeta débito,4.0
527,PED000527,2026-01-10 01:45:13,CLI02485,Barranquilla,Tienda física,BAQ-01,Electrodomésticos,Cafetera eléctrica,2,199400.00,0.00,398800.00,0.00,398800.00,Tarjeta débito,2.0
528,PED000528,2026-03-04 12:15:44,CLI01750,Bucaramanga,Página web,,Electrodomésticos,Horno microondas,2,579900.00,15.00,1159800.00,173970.00,985830.00,Transferencia,
529,PED000529,2026-06-02 15:43:13,CLI01508,Bogotá D.C.,Página web,,Tecnología,Tablet 10 pulgadas,2,917900.00,15.00,1835800.00,275370.00,1560430.00,Tarjeta crédito,5.0
530,PED000530,2026-04-26 18:14:02,CLI01746,Bogotá D.C.,Tienda física,BOG-02,Electrodomésticos,Horno microondas,1,579900.00,0.00,579900.00,0.00,579900.00,Tarjeta crédito,4.0
531,PED000531,2026-06-05 22:27:59,CLI00244,Pereira,Tienda física,PEI-01,Tecnología,Teclado mecánico,1,229900.00,0.00,229900.00,0.00,229900.00,Tarjeta crédito,
532,PED000532,2026-03-15 17:46:15,CLI00706,Cali,Aplicación móvil,,Tecnología,Audífonos Bluetooth,1,149900.00,20.00,149900.00,29980.00,119920.00,Tarjeta débito,
533,PED000533,2026-04-21 02:34:31,CLI01174,Medellín,Aplicación móvil,,Oficina,Impresora multifuncional,2,849900.00,0.00,1699800.00,0.00,1699800.00,PSE,3.0
534,PED000534,2026-04-04 21:41:07,CLI00082,Bogotá D.C.,Página web,,Tecnología,Teclado mecánico,1,241400.00,5.00,241400.00,12070.00,229330.00,Tarjeta débito,
535,PED000535,2026-06-29 04:05:03,CLI00015,Medellín,Página web,,Electrodomésticos,Freidora de aire,1,449900.00,0.00,449900.00,0.00,449900.00,Tarjeta crédito,2.0
536,PED000536,2026-06-04 16:38:56,CLI01014,Bucaramanga,Aplicación móvil,,Hogar,Purificador de aire,2,839900.00,10.00,1679800.00,167980.00,1511820.00,Billetera digital,3.0
537,PED000537,2026-04-08 17:02:16,CLI00800,Medellín,Tienda física,MDE-02,Hogar,Purificador de aire,2,799900.00,0.00,1599800.00,0.00,1599800.00,Tarjeta débito,
538,PED000538,2026-02-15 03:22:10,CLI01745,Cali,Aplicación móvil,,Deportes,Balón fútbol,1,119900.00,0.00,119900.00,0.00,119900.00,Billetera digital,1.0
539,PED000539,2026-03-26 04:43:03,CLI00065,Cali,Tienda física,CLO-02,Electrodomésticos,Licuadora,1,227900.00,0.00,227900.00,0.00,227900.00,Tarjeta crédito,
540,PED000540,2026-02-10 15:55:18,CLI01018,Bogotá D.C.,Tienda física,BOG-01,Tecnología,Mouse inalámbrico,1,89900.00,5.00,89900.00,4495.00,85405.00,Tarjeta crédito,1.0
541,PED000541,2026-04-07 13:55:01,CLI01346,Medellín,Aplicación móvil,,Oficina,Silla ergonómica,1,749900.00,0.00,749900.00,0.00,749900.00,Tarjeta débito,5.0
542,PED000542,2026-01-29 06:10:00,CLI01132,Pereira,Página web,,Oficina,Base para portátil,2,109900.00,5.00,219800.00,10990.00,208810.00,Tarjeta crédito,
543,PED000543,2026-03-13 22:33:11,CLI02061,Medellín,Página web,,Tecnología,Tablet 10 pulgadas,2,881900.00,0.00,1763800.00,0.00,1763800.00,PSE,4.0
544,PED000544,2026-05-20 00:53:33,CLI01008,Pereira,Aplicación móvil,,Electrodomésticos,Cafetera eléctrica,1,180400.00,10.00,180400.00,18040.00,162360.00,PSE,
545,PED000545,2026-02-20 10:26:25,CLI02291,Medellín,Aplicación móvil,,Hogar,Ventilador de torre,1,356900.00,15.00,356900.00,53535.00,303365.00,Billetera digital,
546,PED000546,2026-02-02 16:15:53,CLI01556,Barranquilla,Aplicación móvil,,Electrodomésticos,Horno microondas,2,579900.00,10.00,1159800.00,115980.00,1043820.00,Tarjeta débito,
547,PED000547,2026-05-31 13:37:49,CLI00309,Bogotá D.C.,Aplicación móvil,,Hogar,Juego de ollas,1,289900.00,10.00,289900.00,28990.00,260910.00,PSE,
548,PED000548,2026-05-08 05:02:16,CLI00830,Barranquilla,Aplicación móvil,,Tecnología,Audífonos Bluetooth,1,142400.00,0.00,142400.00,0.00,142400.00,Tarjeta débito,
549,PED000549,2026-02-09 22:55:02,CLI00483,Bogotá D.C.,Aplicación móvil,,Hogar,Juego de ollas,1,295700.00,10.00,295700.00,29570.00,266130.00,Tarjeta crédito,
550,PED000550,2026-02-25 20:00:35,CLI02530,Bogotá D.C.,Página web,,Tecnología,Teclado mecánico,1,218400.00,0.00,218400.00,0.00,218400.00,PSE,
551,PED000551,2026-04-17 20:43:50,CLI00513,Bucaramanga,Aplicación móvil,,Deportes,Kit bandas elásticas,1,78300.00,0.00,78300.00,0.00,78300.00,Tarjeta crédito,
552,PED000552,2026-06-28 01:04:14,CLI00488,Bogotá D.C.,Página web,,Electrodomésticos,Arrocera,1,161400.00,5.00,161400.00,8070.00,153330.00,Tarjeta débito,5.0
553,PED000553,2026-03-28 05:52:32,CLI00016,Medellín,Página web,,Hogar,Ventilador de torre,2,349900.00,0.00,699800.00,0.00,699800.00,PSE,
554,PED000554,2026-01-15 02:17:49,CLI00128,Medellín,Aplicación móvil,,Oficina,Archivador metálico,1,459900.00,10.00,459900.00,45990.00,413910.00,Tarjeta débito,
555,PED000555,2026-04-08 06:00:04,CLI01231,Cali,Tienda física,CLO-02,Deportes,Banda caminadora,1,2199900.00,0.00,2199900.00,0.00,2199900.00,Tarjeta crédito,4.0
556,PED000556,2026-01-26 08:50:52,CLI00919,Bogotá D.C.,Tienda física,BOG-03,Hogar,Juego de ollas,2,284100.00,0.00,568200.00,0.00,568200.00,Tarjeta crédito,
557,PED000557,2026-02-06 09:32:54,CLI01462,Cali,Página web,,Tecnología,Teclado mecánico,1,225300.00,20.00,225300.00,45060.00,180240.00,Tarjeta crédito,
558,PED000558,2026-05-05 06:59:06,CLI00810,Cali,Página web,,Deportes,Banda caminadora,2,2199900.00,10.00,4399800.00,439980.00,3959820.00,Tarjeta crédito,5.0
559,PED000559,2026-01-29 20:06:24,CLI00331,Medellín,Página web,,Electrodomésticos,Licuadora,3,251900.00,10.00,755700.00,75570.00,680130.00,Tarjeta crédito,
560,PED000560,2026-03-04 03:19:18,CLI00109,Cali,Página web,,Oficina,Impresora multifuncional,2,832900.00,5.00,1665800.00,83290.00,1582510.00,Tarjeta crédito,
561,PED000561,2026-04-12 00:16:19,CLI01619,Medellín,Página web,,Oficina,Webcam Full HD,1,209900.00,0.00,209900.00,0.00,209900.00,Tarjeta crédito,4.0
562,PED000562,2026-01-31 22:14:18,CLI02119,Barranquilla,Página web,,Electrodomésticos,Freidora de aire,2,449900.00,0.00,899800.00,0.00,899800.00,Tarjeta crédito,5.0
563,PED000563,2026-03-20 01:11:02,CLI01370,Bogotá D.C.,Tienda física,BOG-03,Electrodomésticos,Licuadora,1,239900.00,10.00,239900.00,23990.00,215910.00,Tarjeta crédito,4.0
564,PED000564,2026-05-22 06:04:44,CLI01545,Medellín,Página web,,Tecnología,Mouse inalámbrico,2,89900.00,0.00,179800.00,0.00,179800.00,Transferencia,
565,PED000565,2026-04-18 16:52:54,CLI00926,Medellín,Página web,,Tecnología,Tablet 10 pulgadas,2,917900.00,0.00,1835800.00,0.00,1835800.00,Tarjeta crédito,2.0
566,PED000566,2026-05-31 03:58:53,CLI02159,Bogotá D.C.,Tienda física,BOG-03,Electrodomésticos,Cafetera eléctrica,1,189900.00,0.00,189900.00,0.00,189900.00,Tarjeta débito,3.0
567,PED000567,2026-06-12 06:28:24,CLI01211,Cali,Tienda física,CLO-01,Tecnología,Monitor 24 pulgadas,1,685900.00,10.00,685900.00,68590.00,617310.00,Efectivo,
568,PED000568,2026-05-01 12:55:33,CLI01799,Pereira,Tienda física,PEI-01,Oficina,Escritorio ajustable,1,1139900.00,0.00,1139900.00,0.00,1139900.00,Tarjeta crédito,
569,PED000569,2026-05-09 21:15:00,CLI00013,Barranquilla,Página web,,Hogar,Juego de ollas,1,295700.00,0.00,295700.00,0.00,295700.00,Tarjeta crédito,4.0
570,PED000570,2026-02-01 15:25:19,CLI02302,Cali,Aplicación móvil,,Tecnología,Smartwatch,4,336500.00,20.00,1346000.00,269200.00,1076800.00,Tarjeta crédito,
571,PED000571,2026-06-21 03:24:49,CLI01527,Bogotá D.C.,Tienda física,BOG-03,Deportes,Kit bandas elásticas,1,81500.00,10.00,81500.00,8150.00,73350.00,Efectivo,5.0
572,PED000572,2026-02-17 03:48:39,CLI02076,Cali,Tienda física,CLO-02,Electrodomésticos,Freidora de aire,1,440900.00,0.00,440900.00,0.00,440900.00,Tarjeta débito,
573,PED000573,2026-05-08 21:33:09,CLI02574,Bogotá D.C.,Página web,,Deportes,Balón fútbol,1,122300.00,15.00,122300.00,18345.00,103955.00,Transferencia,
574,PED000574,2026-05-26 10:52:51,CLI02240,Bogotá D.C.,Página web,,Tecnología,Tablet 10 pulgadas,1,917900.00,5.00,917900.00,45895.00,872005.00,Tarjeta débito,2.0
575,PED000575,2026-02-27 07:01:29,CLI00384,Bucaramanga,Página web,,Electrodomésticos,Licuadora,1,239900.00,0.00,239900.00,0.00,239900.00,Tarjeta crédito,
576,PED000576,2026-06-11 02:47:57,CLI00577,Bogotá D.C.,Tienda física,BOG-02,Electrodomésticos,Horno microondas,1,591500.00,5.00,591500.00,29575.00,561925.00,Tarjeta débito,5.0
577,PED000577,2026-02-21 15:39:50,CLI00860,Pereira,Página web,,Tecnología,Audífonos Bluetooth,1,157400.00,20.00,157400.00,31480.00,125920.00,Tarjeta crédito,4.0
578,PED000578,2026-05-10 11:28:19,CLI00273,Bogotá D.C.,Aplicación móvil,,Tecnología,Mouse inalámbrico,2,88100.00,0.00,176200.00,0.00,176200.00,Tarjeta crédito,5.0
579,PED000579,2026-01-11 20:45:04,CLI00177,Bogotá D.C.,Página web,,Hogar,Ventilador de torre,2,342900.00,5.00,685800.00,34290.00,651510.00,PSE,5.0
580,PED000580,2026-05-09 09:47:56,CLI01072,Cali,Tienda física,CLO-01,Hogar,Ventilador de torre,1,349900.00,0.00,349900.00,0.00,349900.00,Tarjeta crédito,4.0
581,PED000581,2026-01-14 18:48:43,CLI01243,Bogotá D.C.,Tienda física,BOG-01,Tecnología,Teclado mecánico,2,241400.00,15.00,482800.00,72420.00,410380.00,Tarjeta crédito,5.0
582,PED000582,2026-03-20 05:40:52,CLI00788,Bucaramanga,Tienda física,BGA-01,Electrodomésticos,Arrocera,1,161400.00,10.00,161400.00,16140.00,145260.00,Tarjeta débito,
583,PED000583,2026-06-26 20:48:51,CLI00470,Barranquilla,Tienda física,BAQ-01,Hogar,Juego de ollas,2,289900.00,5.00,579800.00,28990.00,550810.00,Tarjeta débito,
584,PED000584,2026-03-30 12:33:45,CLI02590,Medellín,Aplicación móvil,,Tecnología,Audífonos Bluetooth,1,152900.00,20.00,152900.00,30580.00,122320.00,Tarjeta débito,
585,PED000585,2026-04-23 12:08:23,CLI00145,Cali,Página web,,Oficina,Webcam Full HD,2,195900.00,5.00,391800.00,19590.00,372210.00,Tarjeta débito,
586,PED000586,2026-01-01 09:08:59,CLI01084,Medellín,Página web,,Hogar,Organizador modular,1,113900.00,0.00,113900.00,0.00,113900.00,Tarjeta débito,
587,PED000587,2026-02-24 19:33:34,CLI00352,Bogotá D.C.,Página web,,Deportes,Bicicleta estática,1,1529900.00,0.00,1529900.00,0.00,1529900.00,PSE,4.0
588,PED000588,2026-03-12 08:01:44,CLI01093,Bogotá D.C.,Tienda física,BOG-01,Electrodomésticos,Sanduchera,1,132500.00,20.00,132500.00,26500.00,106000.00,Tarjeta débito,3.0
589,PED000589,2026-05-27 04:13:31,CLI01990,Medellín,Tienda física,MDE-02,Tecnología,Mouse inalámbrico,1,91700.00,0.00,91700.00,0.00,91700.00,Tarjeta crédito,4.0
590,PED000590,2026-02-24 17:29:18,CLI00296,Medellín,Aplicación móvil,,Deportes,Balón fútbol,1,119900.00,0.00,119900.00,0.00,119900.00,Billetera digital,3.0
591,PED000591,2026-03-05 11:59:49,CLI02294,Cali,Página web,,Electrodomésticos,Arrocera,1,169900.00,0.00,169900.00,0.00,169900.00,PSE,3.0
592,PED000592,2026-05-06 00:59:39,CLI01994,Bogotá D.C.,Aplicación móvil,,Deportes,Banda caminadora,3,2155900.00,0.00,6467700.00,0.00,6467700.00,Billetera digital,5.0
593,PED000593,2026-04-28 13:29:17,CLI02399,Bogotá D.C.,Página web,,Deportes,Bicicleta estática,1,1499900.00,0.00,1499900.00,0.00,1499900.00,Tarjeta crédito,4.0
594,PED000594,2026-02-04 01:36:45,CLI01412,Bogotá D.C.,Página web,,Hogar,Organizador modular,2,113900.00,20.00,227800.00,45560.00,182240.00,Tarjeta crédito,
595,PED000595,2026-05-07 10:04:52,CLI02202,Pereira,Página web,,Tecnología,Mouse inalámbrico,1,85400.00,5.00,85400.00,4270.00,81130.00,PSE,
596,PED000596,2026-06-13 11:16:28,CLI01996,Medellín,Página web,,Tecnología,Monitor 24 pulgadas,1,685900.00,0.00,685900.00,0.00,685900.00,Tarjeta débito,
597,PED000597,2026-01-15 13:01:00,CLI01287,Cali,Aplicación móvil,,Electrodomésticos,Arrocera,2,166500.00,10.00,333000.00,33300.00,299700.00,Tarjeta débito,2.0
598,PED000598,2026-06-19 17:09:06,CLI00377,Medellín,Página web,,Electrodomésticos,Cafetera eléctrica,2,189900.00,10.00,379800.00,37980.00,341820.00,Tarjeta crédito,4.0
599,PED000599,2026-02-20 13:18:23,CLI00837,Medellín,Aplicación móvil,,Hogar,Ventilador de torre,1,367400.00,0.00,367400.00,0.00,367400.00,PSE,
600,PED000600,2026-02-19 04:32:35,CLI00475,Cali,Tienda física,CLO-01,Oficina,Escritorio ajustable,1,1139900.00,0.00,1139900.00,0.00,1139900.00,Tarjeta crédito,3.0
601,PED000601,2026-01-21 02:38:48,CLI00511,Cali,Aplicación móvil,,Tecnología,Monitor 24 pulgadas,1,734900.00,10.00,734900.00,73490.00,661410.00,Tarjeta crédito,
602,PED000602,2026-01-07 02:48:54,CLI01732,Cali,Página web,,Hogar,Lámpara de mesa,2,129900.00,10.00,259800.00,25980.00,233820.00,PSE,5.0
603,PED000603,2026-05-04 11:04:56,CLI00525,Bogotá D.C.,Tienda física,BOG-02,Tecnología,Teclado mecánico,1,229900.00,5.00,229900.00,11495.00,218405.00,PSE,5.0
604,PED000604,2026-04-28 03:31:47,CLI02454,Cali,Aplicación móvil,,Oficina,Webcam Full HD,2,195900.00,0.00,391800.00,0.00,391800.00,PSE,
605,PED000605,2026-01-25 03:40:33,CLI00185,Bucaramanga,Tienda física,BGA-01,Hogar,Organizador modular,1,119900.00,10.00,119900.00,11990.00,107910.00,Efectivo,
606,PED000606,2026-01-06 02:13:22,CLI02590,Pereira,Tienda física,PEI-01,Tecnología,Teclado mecánico,1,229900.00,0.00,229900.00,0.00,229900.00,Tarjeta crédito,5.0
607,PED000607,2026-03-18 19:57:00,CLI02218,Barranquilla,Tienda física,BAQ-01,Tecnología,Teclado mecánico,2,234500.00,0.00,469000.00,0.00,469000.00,Tarjeta débito,3.0
608,PED000608,2026-04-27 10:38:08,CLI02320,Cali,Tienda física,CLO-01,Hogar,Aspiradora vertical,1,499900.00,0.00,499900.00,0.00,499900.00,Efectivo,5.0
609,PED000609,2026-04-13 11:46:46,CLI01528,Medellín,Aplicación móvil,,Hogar,Lámpara de mesa,1,129900.00,5.00,129900.00,6495.00,123405.00,PSE,5.0
610,PED000610,2026-06-28 14:19:32,CLI01547,Barranquilla,Tienda física,BAQ-01,Tecnología,Teclado mecánico,1,218400.00,10.00,218400.00,21840.00,196560.00,Tarjeta crédito,
611,PED000611,2026-02-09 10:46:22,CLI02698,Medellín,Página web,,Tecnología,Monitor 24 pulgadas,1,699900.00,0.00,699900.00,0.00,699900.00,Tarjeta crédito,
612,PED000612,2026-04-06 08:58:14,CLI01211,Bogotá D.C.,Tienda física,BOG-03,Electrodomésticos,Sanduchera,1,136400.00,0.00,136400.00,0.00,136400.00,Tarjeta crédito,4.0
613,PED000613,2026-06-27 12:41:17,CLI01984,Medellín,Tienda física,MDE-01,Electrodomésticos,Licuadora,1,244700.00,5.00,244700.00,12235.00,232465.00,Efectivo,2.0
614,PED000614,2026-02-15 21:34:59,CLI01324,Barranquilla,Aplicación móvil,,Tecnología,Tablet 10 pulgadas,1,899900.00,0.00,899900.00,0.00,899900.00,Tarjeta crédito,4.0
615,PED000615,2026-05-30 05:47:39,CLI02501,Medellín,Aplicación móvil,,Deportes,Balón fútbol,1,117500.00,0.00,117500.00,0.00,117500.00,Tarjeta débito,5.0
616,PED000616,2026-04-02 19:50:46,CLI02114,Bogotá D.C.,Aplicación móvil,,Tecnología,Tablet 10 pulgadas,1,854900.00,20.00,854900.00,170980.00,683920.00,PSE,5.0
617,PED000617,2026-06-29 00:23:28,CLI02375,Barranquilla,Página web,,Tecnología,Smartwatch,1,313400.00,0.00,313400.00,0.00,313400.00,Tarjeta débito,2.0
618,PED000618,2026-04-11 10:01:40,CLI00654,Bogotá D.C.,Aplicación móvil,,Electrodomésticos,Horno microondas,2,579900.00,10.00,1159800.00,115980.00,1043820.00,Tarjeta crédito,4.0
619,PED000619,2026-02-16 04:49:07,CLI00435,Bucaramanga,Aplicación móvil,,Tecnología,Audífonos Bluetooth,3,146900.00,10.00,440700.00,44070.00,396630.00,Billetera digital,1.0
620,PED000620,2026-06-03 08:07:36,CLI00846,Bucaramanga,Aplicación móvil,,Oficina,Base para portátil,1,104400.00,20.00,104400.00,20880.00,83520.00,PSE,5.0
621,PED000621,2026-06-15 03:20:03,CLI00265,Bogotá D.C.,Tienda física,BOG-01,Hogar,Purificador de aire,1,815900.00,0.00,815900.00,0.00,815900.00,Efectivo,4.0
622,PED000622,2026-02-06 02:58:57,CLI02048,Bogotá D.C.,Aplicación móvil,,Hogar,Purificador de aire,1,783900.00,0.00,783900.00,0.00,783900.00,Tarjeta débito,2.0
623,PED000623,2026-01-20 02:00:10,CLI02339,Bogotá D.C.,Tienda física,BOG-01,Oficina,Silla ergonómica,1,749900.00,15.00,749900.00,112485.00,637415.00,Efectivo,4.0
624,PED000624,2026-01-25 08:53:53,CLI01603,Bogotá D.C.,Página web,,Tecnología,Mouse inalámbrico,1,91700.00,10.00,91700.00,9170.00,82530.00,PSE,5.0
625,PED000625,2026-03-12 16:55:20,CLI00605,Bogotá D.C.,Página web,,Electrodomésticos,Sanduchera,1,136400.00,20.00,136400.00,27280.00,109120.00,PSE,4.0
626,PED000626,2026-02-22 18:32:08,CLI02443,Pereira,Tienda física,PEI-01,Deportes,Balón fútbol,1,119900.00,0.00,119900.00,0.00,119900.00,Tarjeta crédito,
627,PED000627,2026-04-04 13:04:56,CLI01969,Bogotá D.C.,Página web,,Tecnología,Monitor 24 pulgadas,1,699900.00,0.00,699900.00,0.00,699900.00,PSE,4.0
628,PED000628,2026-03-20 12:45:38,CLI00782,Medellín,Tienda física,MDE-02,Tecnología,Audífonos Bluetooth,1,142400.00,15.00,142400.00,21360.00,121040.00,Tarjeta crédito,
629,PED000629,2026-05-09 17:00:37,CLI01163,Cali,Tienda física,CLO-02,Electrodomésticos,Arrocera,1,178400.00,5.00,178400.00,8920.00,169480.00,Efectivo,
630,PED000630,2026-06-28 18:13:57,CLI01667,Bucaramanga,Aplicación móvil,,Tecnología,Audífonos Bluetooth,4,149900.00,10.00,599600.00,59960.00,539640.00,Tarjeta crédito,
631,PED000631,2026-05-19 01:01:25,CLI01184,Medellín,Tienda física,MDE-02,Tecnología,Smartwatch,2,323300.00,0.00,646600.00,0.00,646600.00,Efectivo,
632,PED000632,2026-04-12 19:04:07,CLI02667,Cali,Tienda física,CLO-01,Deportes,Mancuernas ajustables,1,399900.00,10.00,399900.00,39990.00,359910.00,Tarjeta débito,
633,PED000633,2026-01-02 01:45:54,CLI02428,Bogotá D.C.,Página web,,Electrodomésticos,Sanduchera,1,129900.00,0.00,129900.00,0.00,129900.00,PSE,
634,PED000634,2026-03-19 16:31:21,CLI02546,Bogotá D.C.,Página web,,Electrodomésticos,Licuadora,2,239900.00,5.00,479800.00,23990.00,455810.00,Tarjeta crédito,
635,PED000635,2026-04-14 17:04:27,CLI00231,Bogotá D.C.,Aplicación móvil,,Hogar,Juego de ollas,1,304400.00,0.00,304400.00,0.00,304400.00,PSE,
636,PED000636,2026-06-05 13:43:36,CLI00747,Bogotá D.C.,Aplicación móvil,,Deportes,Balón fútbol,1,119900.00,0.00,119900.00,0.00,119900.00,Tarjeta débito,5.0
637,PED000637,2026-01-20 07:28:22,CLI01528,Medellín,Página web,,Hogar,Purificador de aire,1,799900.00,10.00,799900.00,79990.00,719910.00,PSE,5.0
638,PED000638,2026-01-25 18:49:07,CLI02479,Bucaramanga,Tienda física,BGA-01,Tecnología,Audífonos Bluetooth,2,157400.00,0.00,314800.00,0.00,314800.00,Efectivo,
639,PED000639,2026-04-26 01:08:44,CLI01981,Bogotá D.C.,Aplicación móvil,,Hogar,Ventilador de torre,1,349900.00,0.00,349900.00,0.00,349900.00,Tarjeta crédito,
640,PED000640,2026-03-21 06:22:39,CLI00514,Cali,Aplicación móvil,,Deportes,Kit bandas elásticas,1,81500.00,0.00,81500.00,0.00,81500.00,Tarjeta débito,
641,PED000641,2026-02-25 13:25:51,CLI01671,Medellín,Tienda física,MDE-02,Deportes,Bicicleta estática,1,1499900.00,5.00,1499900.00,74995.00,1424905.00,Efectivo,4.0
642,PED000642,2026-03-17 17:46:51,CLI01304,Pereira,Página web,,Tecnología,Audífonos Bluetooth,1,152900.00,5.00,152900.00,7645.00,145255.00,Tarjeta crédito,
643,PED000643,2026-06-10 11:03:13,CLI01161,Barranquilla,Aplicación móvil,,Electrodomésticos,Cafetera eléctrica,2,189900.00,15.00,379800.00,56970.00,322830.00,Billetera digital,5.0
644,PED000644,2026-05-25 04:07:14,CLI01235,Pereira,Tienda física,PEI-01,Hogar,Juego de ollas,1,275400.00,10.00,275400.00,27540.00,247860.00,Tarjeta crédito,
645,PED000645,2026-06-09 16:36:09,CLI02382,Bogotá D.C.,Aplicación móvil,,Oficina,Silla ergonómica,1,749900.00,5.00,749900.00,37495.00,712405.00,Tarjeta crédito,4.0
646,PED000646,2026-04-23 15:53:11,CLI02386,Medellín,Página web,,Hogar,Purificador de aire,2,799900.00,0.00,1599800.00,0.00,1599800.00,PSE,
647,PED000647,2026-06-12 22:06:16,CLI01249,Bogotá D.C.,Tienda física,BOG-01,Electrodomésticos,Arrocera,1,161400.00,0.00,161400.00,0.00,161400.00,PSE,
648,PED000648,2026-04-13 14:33:11,CLI00008,Cali,Tienda física,CLO-01,Hogar,Organizador modular,1,113900.00,5.00,113900.00,5695.00,108205.00,Efectivo,5.0
649,PED000649,2026-05-12 10:05:18,CLI00576,Medellín,Página web,,Hogar,Organizador modular,2,119900.00,15.00,239800.00,35970.00,203830.00,Tarjeta crédito,
650,PED000650,2026-03-18 18:43:06,CLI01791,Cali,Tienda física,CLO-02,Deportes,Banda caminadora,1,2199900.00,15.00,2199900.00,329985.00,1869915.00,Tarjeta débito,
651,PED000651,2026-05-22 15:34:43,CLI02237,Cali,Aplicación móvil,,Electrodomésticos,Licuadora,4,239900.00,10.00,959600.00,95960.00,863640.00,Billetera digital,5.0
652,PED000652,2026-02-12 13:35:23,CLI00849,Bogotá D.C.,Tienda física,BOG-03,Deportes,Mancuernas ajustables,1,407900.00,0.00,407900.00,0.00,407900.00,PSE,5.0
653,PED000653,2026-03-16 04:57:41,CLI00652,Cali,Página web,,Electrodomésticos,Sanduchera,4,129900.00,5.00,519600.00,25980.00,493620.00,Tarjeta débito,3.0
654,PED000654,2026-01-21 12:39:40,CLI01856,Pereira,Página web,,Tecnología,Teclado mecánico,1,229900.00,10.00,229900.00,22990.00,206910.00,Transferencia,5.0
655,PED000655,2026-05-27 19:27:29,CLI02080,Medellín,Página web,,Tecnología,Tablet 10 pulgadas,1,917900.00,0.00,917900.00,0.00,917900.00,Tarjeta crédito,
656,PED000656,2026-05-14 17:20:23,CLI01965,Bogotá D.C.,Página web,,Electrodomésticos,Cafetera eléctrica,2,193700.00,0.00,387400.00,0.00,387400.00,PSE,4.0
657,PED000657,2026-03-24 18:45:04,CLI02638,Cali,Tienda física,CLO-02,Tecnología,Teclado mecánico,1,229900.00,15.00,229900.00,34485.00,195415.00,Tarjeta débito,
658,PED000658,2026-02-28 17:48:56,CLI01335,Bogotá D.C.,Aplicación móvil,,Electrodomésticos,Arrocera,1,169900.00,10.00,169900.00,16990.00,152910.00,Tarjeta crédito,5.0
659,PED000659,2026-02-21 11:21:53,CLI00198,Bogotá D.C.,Tienda física,BOG-03,Tecnología,Smartwatch,1,313400.00,0.00,313400.00,0.00,313400.00,Tarjeta crédito,5.0
660,PED000660,2026-01-12 05:44:00,CLI02230,Bucaramanga,Página web,,Electrodomésticos,Horno microondas,1,579900.00,5.00,579900.00,28995.00,550905.00,PSE,4.0
661,PED000661,2026-04-12 07:47:53,CLI02391,Barranquilla,Aplicación móvil,,Tecnología,Teclado mecánico,3,229900.00,0.00,689700.00,0.00,689700.00,Tarjeta crédito,
662,PED000662,2026-05-21 22:08:57,CLI00268,Medellín,Página web,,Tecnología,Monitor 24 pulgadas,1,699900.00,0.00,699900.00,0.00,699900.00,PSE,5.0
663,PED000663,2026-05-07 06:16:49,CLI01030,Bogotá D.C.,Página web,,Tecnología,Monitor 24 pulgadas,4,734900.00,10.00,2939600.00,293960.00,2645640.00,Tarjeta débito,
664,PED000664,2026-01-15 18:03:25,CLI02034,Bucaramanga,Aplicación móvil,,Deportes,Kit bandas elásticas,1,75900.00,10.00,75900.00,7590.00,68310.00,Tarjeta crédito,4.0
665,PED000665,2026-05-29 09:03:06,CLI00950,Bogotá D.C.,Tienda física,BOG-02,Oficina,Impresora multifuncional,1,832900.00,0.00,832900.00,0.00,832900.00,Tarjeta crédito,
666,PED000666,2026-05-30 01:06:14,CLI01599,Bogotá D.C.,Aplicación móvil,,Tecnología,Mouse inalámbrico,1,89900.00,0.00,89900.00,0.00,89900.00,PSE,
667,PED000667,2026-02-04 10:15:30,CLI01993,Bogotá D.C.,Aplicación móvil,,Deportes,Mancuernas ajustables,1,399900.00,5.00,399900.00,19995.00,379905.00,PSE,
668,PED000668,2026-02-25 21:12:27,CLI02350,Bogotá D.C.,Aplicación móvil,,Electrodomésticos,Licuadora,2,239900.00,0.00,479800.00,0.00,479800.00,PSE,
669,PED000669,2026-03-15 11:07:43,CLI00198,Bucaramanga,Aplicación móvil,,Electrodomésticos,Licuadora,1,251900.00,0.00,251900.00,0.00,251900.00,Tarjeta crédito,4.0
670,PED000670,2026-02-01 02:53:56,CLI00603,Bogotá D.C.,Página web,,Electrodomésticos,Horno microondas,2,579900.00,0.00,1159800.00,0.00,1159800.00,Tarjeta crédito,
671,PED000671,2026-05-16 09:02:14,CLI00044,Bucaramanga,Tienda física,BGA-01,Deportes,Kit bandas elásticas,2,79900.00,0.00,159800.00,0.00,159800.00,Tarjeta crédito,
672,PED000672,2026-04-10 17:40:00,CLI01457,Bucaramanga,Tienda física,BGA-01,Oficina,Base para portátil,2,109900.00,0.00,219800.00,0.00,219800.00,Tarjeta crédito,
673,PED000673,2026-04-26 08:10:31,CLI01813,Medellín,Aplicación móvil,,Tecnología,Teclado mecánico,1,241400.00,5.00,241400.00,12070.00,229330.00,PSE,4.0
674,PED000674,2026-05-23 06:16:35,CLI00561,Pereira,Tienda física,PEI-01,Hogar,Organizador modular,3,113900.00,5.00,341700.00,17085.00,324615.00,Tarjeta crédito,
675,PED000675,2026-04-24 09:41:49,CLI01489,Cali,Página web,,Electrodomésticos,Licuadora,1,239900.00,10.00,239900.00,23990.00,215910.00,Tarjeta débito,4.0
676,PED000676,2026-02-08 13:09:46,CLI00119,Cali,Página web,,Tecnología,Teclado mecánico,2,229900.00,10.00,459800.00,45980.00,413820.00,Tarjeta crédito,3.0
677,PED000677,2026-04-17 06:37:09,CLI02028,Bogotá D.C.,Página web,,Oficina,Escritorio ajustable,1,1259900.00,0.00,1259900.00,0.00,1259900.00,Tarjeta débito,5.0
678,PED000678,2026-05-12 18:22:56,CLI01888,Bucaramanga,Tienda física,BGA-01,Electrodomésticos,Arrocera,1,169900.00,0.00,169900.00,0.00,169900.00,Tarjeta débito,3.0
679,PED000679,2026-06-19 23:39:29,CLI00028,Bogotá D.C.,Página web,,Tecnología,Mouse inalámbrico,2,94400.00,5.00,188800.00,9440.00,179360.00,Transferencia,5.0
680,PED000680,2026-02-25 12:55:35,CLI00693,Barranquilla,Página web,,Tecnología,Teclado mecánico,2,234500.00,0.00,469000.00,0.00,469000.00,PSE,5.0
681,PED000681,2026-03-05 10:13:45,CLI00896,Medellín,Tienda física,MDE-02,Oficina,Escritorio ajustable,1,1199900.00,0.00,1199900.00,0.00,1199900.00,Efectivo,
682,PED000682,2026-06-14 07:02:57,CLI00562,Bogotá D.C.,Tienda física,BOG-02,Deportes,Colchoneta yoga,1,94400.00,0.00,94400.00,0.00,94400.00,Efectivo,5.0
683,PED000683,2026-03-18 17:55:11,CLI01140,Cali,Tienda física,CLO-02,Deportes,Mancuernas ajustables,1,399900.00,10.00,399900.00,39990.00,359910.00,Tarjeta crédito,
684,PED000684,2026-01-08 16:38:12,CLI02574,Bogotá D.C.,Aplicación móvil,,Deportes,Bicicleta estática,3,1469900.00,5.00,4409700.00,220485.00,4189215.00,Tarjeta crédito,
685,PED000685,2026-01-16 18:43:19,CLI02120,Bogotá D.C.,Página web,,Tecnología,Teclado mecánico,2,229900.00,0.00,459800.00,0.00,459800.00,Tarjeta crédito,4.0
686,PED000686,2026-04-06 05:28:41,CLI01283,Bogotá D.C.,Aplicación móvil,,Electrodomésticos,Sanduchera,1,127300.00,5.00,127300.00,6365.00,120935.00,Tarjeta crédito,
687,PED000687,2026-06-18 07:25:17,CLI00736,Cali,Página web,,Hogar,Lámpara de mesa,2,127300.00,0.00,254600.00,0.00,254600.00,PSE,5.0
688,PED000688,2026-01-23 09:56:06,CLI00378,Pereira,Tienda física,PEI-01,Deportes,Balón fútbol,1,125900.00,5.00,125900.00,6295.00,119605.00,Tarjeta crédito,3.0
689,PED000689,2026-04-22 09:58:33,CLI00777,Cali,Tienda física,CLO-01,Electrodomésticos,Licuadora,1,227900.00,10.00,227900.00,22790.00,205110.00,Tarjeta crédito,5.0
690,PED000690,2026-02-03 06:06:46,CLI00635,Bucaramanga,Página web,,Deportes,Banda caminadora,1,2155900.00,0.00,2155900.00,0.00,2155900.00,PSE,
691,PED000691,2026-06-09 14:05:20,CLI02143,Medellín,Tienda física,MDE-01,Hogar,Juego de ollas,1,289900.00,0.00,289900.00,0.00,289900.00,PSE,
692,PED000692,2026-04-06 22:26:11,CLI01541,Bogotá D.C.,Página web,,Tecnología,Monitor 24 pulgadas,1,664900.00,0.00,664900.00,0.00,664900.00,Tarjeta crédito,3.0
693,PED000693,2026-06-24 13:49:36,CLI02598,Bogotá D.C.,Página web,,Hogar,Juego de ollas,1,275400.00,0.00,275400.00,0.00,275400.00,Tarjeta crédito,5.0
694,PED000694,2026-03-23 14:28:54,CLI01958,Bogotá D.C.,Página web,,Tecnología,Audífonos Bluetooth,1,142400.00,10.00,142400.00,14240.00,128160.00,Tarjeta crédito,
695,PED000695,2026-01-04 23:11:32,CLI00323,Medellín,Aplicación móvil,,Electrodomésticos,Cafetera eléctrica,1,189900.00,10.00,189900.00,18990.00,170910.00,Tarjeta crédito,
696,PED000696,2026-03-07 11:00:20,CLI01566,Cali,Página web,,Hogar,Ventilador de torre,1,349900.00,5.00,349900.00,17495.00,332405.00,Tarjeta débito,1.0
697,PED000697,2026-01-12 12:06:04,CLI01783,Bogotá D.C.,Tienda física,BOG-03,Tecnología,Monitor 24 pulgadas,2,664900.00,5.00,1329800.00,66490.00,1263310.00,Efectivo,
698,PED000698,2026-04-10 06:59:29,CLI02616,Bogotá D.C.,Página web,,Tecnología,Teclado mecánico,2,225300.00,5.00,450600.00,22530.00,428070.00,Tarjeta crédito,4.0
699,PED000699,2026-02-09 00:26:17,CLI00170,Medellín,Tienda física,MDE-02,Tecnología,Mouse inalámbrico,2,94400.00,0.00,188800.00,0.00,188800.00,Tarjeta crédito,
700,PED000700,2026-02-16 12:17:32,CLI01578,Barranquilla,Tienda física,BAQ-01,Hogar,Juego de ollas,1,304400.00,15.00,304400.00,45660.00,258740.00,Tarjeta crédito,5.0
701,PED000701,2026-04-01 05:20:03,CLI00576,Bucaramanga,Página web,,Deportes,Bicicleta estática,1,1574900.00,0.00,1574900.00,0.00,1574900.00,Tarjeta crédito,3.0
702,PED000702,2026-04-12 04:50:18,CLI02562,Cali,Tienda física,CLO-02,Oficina,Base para portátil,2,109900.00,10.00,219800.00,21980.00,197820.00,Efectivo,
703,PED000703,2026-04-14 01:10:02,CLI00098,Cali,Aplicación móvil,,Hogar,Ventilador de torre,2,356900.00,0.00,713800.00,0.00,713800.00,Billetera digital,3.0
704,PED000704,2026-05-04 11:37:32,CLI01617,Bucaramanga,Página web,,Oficina,Impresora multifuncional,1,866900.00,0.00,866900.00,0.00,866900.00,Tarjeta débito,5.0
705,PED000705,2026-06-25 07:19:22,CLI02287,Bucaramanga,Página web,,Oficina,Impresora multifuncional,1,866900.00,0.00,866900.00,0.00,866900.00,Tarjeta crédito,4.0
706,PED000706,2026-06-06 19:01:06,CLI01135,Bogotá D.C.,Página web,,Tecnología,Teclado mecánico,1,229900.00,5.00,229900.00,11495.00,218405.00,PSE,
707,PED000707,2026-06-16 08:39:49,CLI01495,Bogotá D.C.,Aplicación móvil,,Deportes,Balón fútbol,1,117500.00,0.00,117500.00,0.00,117500.00,PSE,
708,PED000708,2026-03-09 02:42:29,CLI01842,Bogotá D.C.,Página web,,Electrodomésticos,Freidora de aire,1,440900.00,15.00,440900.00,66135.00,374765.00,PSE,5.0
709,PED000709,2026-05-11 06:33:45,CLI00457,Bucaramanga,Aplicación móvil,,Hogar,Lámpara de mesa,1,129900.00,10.00,129900.00,12990.00,116910.00,Billetera digital,5.0
710,PED000710,2026-05-08 20:40:20,CLI00770,Medellín,Aplicación móvil,,Oficina,Escritorio ajustable,1,1223900.00,0.00,1223900.00,0.00,1223900.00,Tarjeta crédito,4.0
711,PED000711,2026-02-11 14:30:32,CLI01302,Barranquilla,Página web,,Electrodomésticos,Freidora de aire,2,449900.00,0.00,899800.00,0.00,899800.00,Tarjeta débito,
712,PED000712,2026-06-07 17:55:02,CLI00393,Bucaramanga,Tienda física,BGA-01,Deportes,Banda caminadora,4,2089900.00,0.00,8359600.00,0.00,8359600.00,Tarjeta crédito,4.0
713,PED000713,2026-06-24 13:52:58,CLI00081,Pereira,Página web,,Tecnología,Monitor 24 pulgadas,3,734900.00,10.00,2204700.00,220470.00,1984230.00,Tarjeta crédito,4.0
714,PED000714,2026-01-08 21:39:16,CLI00195,Bogotá D.C.,Aplicación móvil,,Deportes,Kit bandas elásticas,2,83900.00,10.00,167800.00,16780.00,151020.00,Tarjeta débito,5.0
715,PED000715,2026-05-29 10:46:15,CLI00513,Barranquilla,Página web,,Hogar,Purificador de aire,3,799900.00,0.00,2399700.00,0.00,2399700.00,Tarjeta crédito,5.0
716,PED000716,2026-05-28 12:24:37,CLI01587,Bogotá D.C.,Página web,,Tecnología,Monitor 24 pulgadas,1,734900.00,0.00,734900.00,0.00,734900.00,PSE,4.0
717,PED000717,2026-06-18 06:19:16,CLI01882,Barranquilla,Aplicación móvil,,Oficina,Webcam Full HD,2,189900.00,5.00,379800.00,18990.00,360810.00,PSE,4.0
718,PED000718,2026-04-09 08:19:12,CLI02141,Medellín,Tienda física,MDE-02,Electrodomésticos,Licuadora,2,227900.00,0.00,455800.00,0.00,455800.00,Efectivo,5.0
719,PED000719,2026-03-25 15:18:27,CLI02687,Cali,Aplicación móvil,,Oficina,Archivador metálico,1,450700.00,0.00,450700.00,0.00,450700.00,Tarjeta crédito,
720,PED000720,2026-06-14 14:56:01,CLI00938,Cali,Aplicación móvil,,Electrodomésticos,Arrocera,1,169900.00,0.00,169900.00,0.00,169900.00,Tarjeta débito,
721,PED000721,2026-04-06 03:50:43,CLI00529,Pereira,Página web,,Tecnología,Tablet 10 pulgadas,1,854900.00,15.00,854900.00,128235.00,726665.00,Tarjeta crédito,5.0
722,PED000722,2026-05-21 04:26:25,CLI02198,Medellín,Aplicación móvil,,Electrodomésticos,Arrocera,2,169900.00,10.00,339800.00,33980.00,305820.00,PSE,
723,PED000723,2026-03-23 22:16:14,CLI02202,Bogotá D.C.,Tienda física,BOG-02,Tecnología,Audífonos Bluetooth,1,146900.00,5.00,146900.00,7345.00,139555.00,Tarjeta crédito,
724,PED000724,2026-02-03 00:31:39,CLI00850,Bucaramanga,Página web,,Electrodomésticos,Freidora de aire,1,449900.00,5.00,449900.00,22495.00,427405.00,Tarjeta crédito,
725,PED000725,2026-02-16 02:39:56,CLI01100,Cali,Tienda física,CLO-02,Electrodomésticos,Sanduchera,1,136400.00,0.00,136400.00,0.00,136400.00,Efectivo,
726,PED000726,2026-02-22 08:12:48,CLI01892,Medellín,Tienda física,MDE-02,Oficina,Silla ergonómica,1,787400.00,10.00,787400.00,78740.00,708660.00,Tarjeta débito,5.0
727,PED000727,2026-03-17 13:19:49,CLI02310,Medellín,Página web,,Electrodomésticos,Licuadora,1,244700.00,0.00,244700.00,0.00,244700.00,Tarjeta débito,3.0
728,PED000728,2026-05-16 09:43:08,CLI00660,Barranquilla,Tienda física,BAQ-01,Electrodomésticos,Licuadora,1,239900.00,0.00,239900.00,0.00,239900.00,Tarjeta crédito,5.0
729,PED000729,2026-06-13 23:38:13,CLI02261,Cali,Tienda física,CLO-02,Hogar,Juego de ollas,2,295700.00,0.00,591400.00,0.00,591400.00,PSE,
730,PED000730,2026-04-28 16:42:55,CLI00906,Bogotá D.C.,Página web,,Tecnología,Tablet 10 pulgadas,3,854900.00,0.00,2564700.00,0.00,2564700.00,Tarjeta crédito,
731,PED000731,2026-01-09 21:04:39,CLI00978,Bucaramanga,Aplicación móvil,,Tecnología,Tablet 10 pulgadas,2,881900.00,0.00,1763800.00,0.00,1763800.00,Tarjeta débito,4.0
732,PED000732,2026-05-08 12:52:02,CLI00873,Bogotá D.C.,Aplicación móvil,,Tecnología,Smartwatch,1,313400.00,5.00,313400.00,15670.00,297730.00,PSE,5.0
733,PED000733,2026-06-19 04:43:51,CLI02409,Medellín,Página web,,Tecnología,Mouse inalámbrico,2,89900.00,0.00,179800.00,0.00,179800.00,Tarjeta crédito,5.0
734,PED000734,2026-04-16 14:24:02,CLI01197,Barranquilla,Aplicación móvil,,Oficina,Base para portátil,2,109900.00,15.00,219800.00,32970.00,186830.00,PSE,
735,PED000735,2026-06-29 03:56:31,CLI00393,Bucaramanga,Aplicación móvil,,Hogar,Lámpara de mesa,1,129900.00,0.00,129900.00,0.00,129900.00,Tarjeta débito,5.0
736,PED000736,2026-02-26 17:42:16,CLI00513,Cali,Página web,,Deportes,Balón fútbol,1,119900.00,0.00,119900.00,0.00,119900.00,Tarjeta crédito,5.0
737,PED000737,2026-06-16 21:34:00,CLI02124,Bogotá D.C.,Tienda física,BOG-01,Tecnología,Monitor 24 pulgadas,2,685900.00,0.00,1371800.00,0.00,1371800.00,PSE,
738,PED000738,2026-04-01 01:53:59,CLI00195,Bogotá D.C.,Tienda física,BOG-02,Electrodomésticos,Sanduchera,2,129900.00,5.00,259800.00,12990.00,246810.00,Tarjeta débito,5.0
739,PED000739,2026-05-03 10:37:50,CLI01937,Barranquilla,Aplicación móvil,,Oficina,Escritorio ajustable,1,1199900.00,15.00,1199900.00,179985.00,1019915.00,Tarjeta crédito,
740,PED000740,2026-01-28 12:48:03,CLI02096,Bucaramanga,Aplicación móvil,,Tecnología,Mouse inalámbrico,1,85400.00,20.00,85400.00,17080.00,68320.00,Tarjeta débito,
741,PED000741,2026-04-20 17:39:05,CLI01401,Cali,Página web,,Tecnología,Audífonos Bluetooth,1,142400.00,0.00,142400.00,0.00,142400.00,Tarjeta crédito,4.0
742,PED000742,2026-06-27 13:58:56,CLI02192,Bogotá D.C.,Tienda física,BOG-01,Hogar,Aspiradora vertical,2,499900.00,15.00,999800.00,149970.00,849830.00,Tarjeta crédito,5.0
743,PED000743,2026-01-30 11:39:10,CLI02371,Pereira,Tienda física,PEI-01,Electrodomésticos,Freidora de aire,1,427400.00,0.00,427400.00,0.00,427400.00,Tarjeta crédito,5.0
744,PED000744,2026-03-07 15:29:18,CLI00604,Medellín,Aplicación móvil,,Hogar,Ventilador de torre,2,342900.00,0.00,685800.00,0.00,685800.00,Billetera digital,2.0
745,PED000745,2026-03-06 04:32:24,CLI00686,Bogotá D.C.,Página web,,Oficina,Webcam Full HD,2,189900.00,5.00,379800.00,18990.00,360810.00,Tarjeta crédito,4.0
746,PED000746,2026-01-03 17:44:10,CLI01481,Cali,Tienda física,CLO-02,Deportes,Banda caminadora,1,2155900.00,0.00,2155900.00,0.00,2155900.00,Tarjeta crédito,4.0
747,PED000747,2026-04-05 19:59:06,CLI01861,Bogotá D.C.,Aplicación móvil,,Oficina,Base para portátil,1,109900.00,0.00,109900.00,0.00,109900.00,Tarjeta crédito,
748,PED000748,2026-05-31 17:30:53,CLI02510,Pereira,Tienda física,PEI-01,Hogar,Juego de ollas,2,284100.00,10.00,568200.00,56820.00,511380.00,Tarjeta crédito,4.0
749,PED000749,2026-03-31 16:43:08,CLI01411,Cali,Página web,,Hogar,Purificador de aire,1,799900.00,0.00,799900.00,0.00,799900.00,Tarjeta crédito,
750,PED000750,2026-03-07 07:18:53,CLI00832,Barranquilla,Tienda física,BAQ-01,Oficina,Archivador metálico,1,459900.00,5.00,459900.00,22995.00,436905.00,Efectivo,4.0
751,PED000751,2026-05-23 06:05:56,CLI00985,Bucaramanga,Aplicación móvil,,Electrodomésticos,Freidora de aire,1,449900.00,0.00,449900.00,0.00,449900.00,Tarjeta crédito,3.0
752,PED000752,2026-02-01 18:53:16,CLI01568,Barranquilla,Aplicación móvil,,Hogar,Organizador modular,2,122300.00,15.00,244600.00,36690.00,207910.00,Tarjeta crédito,
753,PED000753,2026-02-28 20:32:40,CLI00633,Cali,Página web,,Tecnología,Tablet 10 pulgadas,1,881900.00,5.00,881900.00,44095.00,837805.00,Tarjeta crédito,5.0
754,PED000754,2026-05-21 07:34:28,CLI00154,Pereira,Aplicación móvil,,Deportes,Colchoneta yoga,1,94400.00,0.00,94400.00,0.00,94400.00,PSE,
755,PED000755,2026-03-26 07:06:00,CLI02481,Bogotá D.C.,Aplicación móvil,,Electrodomésticos,Freidora de aire,2,440900.00,15.00,881800.00,132270.00,749530.00,PSE,5.0
756,PED000756,2026-06-24 20:12:16,CLI00215,Cali,Tienda física,CLO-01,Tecnología,Smartwatch,2,329900.00,0.00,659800.00,0.00,659800.00,Efectivo,
757,PED000757,2026-01-02 02:37:59,CLI02276,Bogotá D.C.,Aplicación móvil,,Deportes,Balón fútbol,1,122300.00,10.00,122300.00,12230.00,110070.00,Tarjeta crédito,4.0
758,PED000758,2026-03-08 02:06:11,CLI02494,Bogotá D.C.,Página web,,Oficina,Base para portátil,2,109900.00,0.00,219800.00,0.00,219800.00,Tarjeta débito,4.0
759,PED000759,2026-03-12 22:52:05,CLI02254,Bogotá D.C.,Aplicación móvil,,Deportes,Mancuernas ajustables,1,399900.00,10.00,399900.00,39990.00,359910.00,Tarjeta crédito,
760,PED000760,2026-02-13 03:45:52,CLI00087,Bogotá D.C.,Página web,,Tecnología,Audífonos Bluetooth,1,142400.00,0.00,142400.00,0.00,142400.00,Tarjeta crédito,
761,PED000761,2026-02-08 09:05:08,CLI01714,Barranquilla,Aplicación móvil,,Hogar,Organizador modular,1,119900.00,10.00,119900.00,11990.00,107910.00,Billetera digital,5.0
762,PED000762,2026-04-24 21:36:52,CLI01146,Medellín,Tienda física,MDE-01,Tecnología,Smartwatch,1,329900.00,0.00,329900.00,0.00,329900.00,Efectivo,4.0
763,PED000763,2026-04-08 08:15:10,CLI01811,Bogotá D.C.,Aplicación móvil,,Oficina,Archivador metálico,1,482900.00,5.00,482900.00,24145.00,458755.00,Billetera digital,5.0
764,PED000764,2026-04-11 13:47:34,CLI01258,Bogotá D.C.,Aplicación móvil,,Tecnología,Tablet 10 pulgadas,2,944900.00,10.00,1889800.00,188980.00,1700820.00,PSE,
765,PED000765,2026-05-20 00:36:40,CLI01884,Medellín,Página web,,Electrodomésticos,Sanduchera,1,132500.00,0.00,132500.00,0.00,132500.00,Tarjeta débito,
766,PED000766,2026-05-11 22:27:10,CLI02593,Bucaramanga,Página web,,Hogar,Lámpara de mesa,1,127300.00,0.00,127300.00,0.00,127300.00,Tarjeta crédito,3.0
767,PED000767,2026-05-14 01:43:34,CLI01229,Medellín,Tienda física,MDE-01,Deportes,Mancuernas ajustables,1,399900.00,0.00,399900.00,0.00,399900.00,Tarjeta débito,4.0
768,PED000768,2026-01-02 03:36:26,CLI01546,Pereira,Página web,,Oficina,Base para portátil,1,107700.00,0.00,107700.00,0.00,107700.00,Tarjeta crédito,
769,PED000769,2026-01-08 20:43:18,CLI02302,Cali,Tienda física,CLO-02,Oficina,Archivador metálico,3,459900.00,10.00,1379700.00,137970.00,1241730.00,Efectivo,4.0
770,PED000770,2026-01-14 06:32:00,CLI00327,Bucaramanga,Aplicación móvil,,Oficina,Archivador metálico,1,450700.00,5.00,450700.00,22535.00,428165.00,PSE,5.0
771,PED000771,2026-04-13 19:35:02,CLI02562,Bogotá D.C.,Página web,,Hogar,Lámpara de mesa,1,127300.00,15.00,127300.00,19095.00,108205.00,Transferencia,
772,PED000772,2026-06-18 16:39:53,CLI01166,Bogotá D.C.,Aplicación móvil,,Tecnología,Smartwatch,1,313400.00,0.00,313400.00,0.00,313400.00,Tarjeta crédito,
773,PED000773,2026-06-13 17:19:28,CLI00601,Medellín,Aplicación móvil,,Hogar,Purificador de aire,1,815900.00,0.00,815900.00,0.00,815900.00,PSE,
774,PED000774,2026-06-27 23:50:04,CLI02457,Barranquilla,Tienda física,BAQ-01,Oficina,Silla ergonómica,1,764900.00,0.00,764900.00,0.00,764900.00,Tarjeta crédito,
775,PED000775,2026-01-15 05:13:09,CLI00058,Bogotá D.C.,Aplicación móvil,,Electrodomésticos,Cafetera eléctrica,2,199400.00,0.00,398800.00,0.00,398800.00,Billetera digital,2.0
776,PED000776,2026-05-21 01:55:37,CLI00098,Bogotá D.C.,Aplicación móvil,,Electrodomésticos,Arrocera,2,169900.00,0.00,339800.00,0.00,339800.00,Billetera digital,4.0
777,PED000777,2026-05-02 09:11:49,CLI01382,Bucaramanga,Tienda física,BGA-01,Tecnología,Monitor 24 pulgadas,1,685900.00,5.00,685900.00,34295.00,651605.00,Efectivo,4.0
778,PED000778,2026-01-04 11:49:30,CLI01198,Medellín,Página web,,Electrodomésticos,Arrocera,2,169900.00,0.00,339800.00,0.00,339800.00,PSE,5.0
779,PED000779,2026-04-12 09:51:07,CLI01113,Barranquilla,Página web,,Tecnología,Audífonos Bluetooth,1,157400.00,0.00,157400.00,0.00,157400.00,PSE,
780,PED000780,2026-04-27 02:47:09,CLI02566,Bogotá D.C.,Aplicación móvil,,Electrodomésticos,Licuadora,1,244700.00,0.00,244700.00,0.00,244700.00,Billetera digital,5.0
781,PED000781,2026-03-17 18:54:27,CLI01247,Bogotá D.C.,Página web,,Hogar,Purificador de aire,1,799900.00,0.00,799900.00,0.00,799900.00,Tarjeta débito,
782,PED000782,2026-03-05 21:21:35,CLI00768,Bogotá D.C.,Tienda física,BOG-01,Electrodomésticos,Arrocera,1,161400.00,0.00,161400.00,0.00,161400.00,Tarjeta débito,5.0
783,PED000783,2026-01-07 19:46:40,CLI02440,Barranquilla,Aplicación móvil,,Tecnología,Audífonos Bluetooth,1,146900.00,0.00,146900.00,0.00,146900.00,PSE,5.0
784,PED000784,2026-01-08 00:19:58,CLI02455,Bucaramanga,Aplicación móvil,,Hogar,Juego de ollas,1,284100.00,15.00,284100.00,42615.00,241485.00,Tarjeta crédito,
785,PED000785,2026-06-19 08:13:53,CLI00822,Cali,Tienda física,CLO-01,Electrodomésticos,Cafetera eléctrica,1,189900.00,5.00,189900.00,9495.00,180405.00,Tarjeta débito,
786,PED000786,2026-01-09 18:17:11,CLI01289,Bogotá D.C.,Página web,,Oficina,Escritorio ajustable,1,1199900.00,10.00,1199900.00,119990.00,1079910.00,PSE,5.0
787,PED000787,2026-02-10 03:14:45,CLI01173,Cali,Tienda física,CLO-02,Hogar,Lámpara de mesa,1,123400.00,5.00,123400.00,6170.00,117230.00,Tarjeta crédito,1.0
788,PED000788,2026-03-22 11:29:50,CLI00596,Bogotá D.C.,Página web,,Electrodomésticos,Freidora de aire,1,449900.00,5.00,449900.00,22495.00,427405.00,Tarjeta crédito,5.0
789,PED000789,2026-01-12 16:05:15,CLI01811,Bogotá D.C.,Tienda física,BOG-03,Deportes,Balón fútbol,3,119900.00,0.00,359700.00,0.00,359700.00,Tarjeta crédito,
790,PED000790,2026-06-19 23:28:45,CLI01480,Medellín,Tienda física,MDE-01,Oficina,Impresora multifuncional,3,849900.00,10.00,2549700.00,254970.00,2294730.00,Efectivo,
791,PED000791,2026-04-15 12:16:02,CLI02570,Bucaramanga,Aplicación móvil,,Hogar,Aspiradora vertical,2,509900.00,0.00,1019800.00,0.00,1019800.00,PSE,
792,PED000792,2026-02-21 07:15:30,CLI01064,Bucaramanga,Aplicación móvil,,Tecnología,Smartwatch,2,329900.00,0.00,659800.00,0.00,659800.00,PSE,
793,PED000793,2026-05-02 14:21:02,CLI01551,Cali,Aplicación móvil,,Hogar,Ventilador de torre,1,367400.00,10.00,367400.00,36740.00,330660.00,PSE,5.0
794,PED000794,2026-02-04 13:20:44,CLI01147,Cali,Página web,,Deportes,Banda caminadora,3,2309900.00,5.00,6929700.00,346485.00,6583215.00,Transferencia,
795,PED000795,2026-01-14 15:21:31,CLI01196,Barranquilla,Tienda física,BAQ-01,Deportes,Balón fútbol,1,119900.00,0.00,119900.00,0.00,119900.00,Tarjeta crédito,3.0
796,PED000796,2026-01-10 06:33:54,CLI02472,Medellín,Aplicación móvil,,Deportes,Banda caminadora,1,2199900.00,0.00,2199900.00,0.00,2199900.00,PSE,
797,PED000797,2026-02-18 20:35:53,CLI00812,Cali,Página web,,Tecnología,Smartwatch,1,336500.00,0.00,336500.00,0.00,336500.00,Tarjeta crédito,
798,PED000798,2026-06-10 17:44:37,CLI00342,Cali,Página web,,Hogar,Lámpara de mesa,1,129900.00,20.00,129900.00,25980.00,103920.00,Tarjeta débito,4.0
799,PED000799,2026-04-05 08:09:02,CLI00145,Bogotá D.C.,Aplicación móvil,,Tecnología,Monitor 24 pulgadas,2,664900.00,10.00,1329800.00,132980.00,1196820.00,Tarjeta débito,1.0
800,PED000800,2026-02-28 05:49:29,CLI00163,Bogotá D.C.,Página web,,Electrodomésticos,Horno microondas,1,608900.00,0.00,608900.00,0.00,608900.00,Tarjeta crédito,5.0
801,PED000801,2026-02-28 18:35:32,CLI00210,Cali,Aplicación móvil,,Electrodomésticos,Freidora de aire,2,458900.00,5.00,917800.00,45890.00,871910.00,Tarjeta crédito,
802,PED000802,2026-02-05 21:42:49,CLI00620,Bogotá D.C.,Página web,,Electrodomésticos,Licuadora,1,227900.00,0.00,227900.00,0.00,227900.00,Transferencia,
803,PED000803,2026-05-02 14:07:52,CLI01969,Bucaramanga,Página web,,Deportes,Balón fútbol,1,117500.00,0.00,117500.00,0.00,117500.00,Tarjeta crédito,5.0
804,PED000804,2026-06-07 02:23:45,CLI01869,Cali,Página web,,Deportes,Mancuernas ajustables,1,379900.00,0.00,379900.00,0.00,379900.00,Tarjeta crédito,
805,PED000805,2026-06-11 20:06:17,CLI00273,Barranquilla,Tienda física,BAQ-01,Electrodomésticos,Horno microondas,1,591500.00,5.00,591500.00,29575.00,561925.00,Tarjeta débito,3.0
806,PED000806,2026-01-22 07:34:01,CLI01937,Medellín,Página web,,Deportes,Mancuernas ajustables,1,407900.00,0.00,407900.00,0.00,407900.00,Tarjeta débito,2.0
807,PED000807,2026-04-08 11:27:20,CLI01557,Bogotá D.C.,Página web,,Hogar,Purificador de aire,2,799900.00,0.00,1599800.00,0.00,1599800.00,PSE,
808,PED000808,2026-06-15 18:50:59,CLI00839,Medellín,Página web,,Electrodomésticos,Sanduchera,1,123400.00,5.00,123400.00,6170.00,117230.00,PSE,5.0
809,PED000809,2026-01-07 11:22:22,CLI00938,Barranquilla,Tienda física,BAQ-01,Oficina,Impresora multifuncional,1,832900.00,15.00,832900.00,124935.00,707965.00,Tarjeta débito,5.0
810,PED000810,2026-06-20 19:17:40,CLI02619,Pereira,Tienda física,PEI-01,Electrodomésticos,Arrocera,1,169900.00,5.00,169900.00,8495.00,161405.00,Tarjeta crédito,3.0
811,PED000811,2026-03-19 04:27:29,CLI02025,Medellín,Página web,,Tecnología,Smartwatch,2,346400.00,10.00,692800.00,69280.00,623520.00,PSE,4.0
812,PED000812,2026-03-31 02:27:22,CLI02630,Bogotá D.C.,Aplicación móvil,,Tecnología,Audífonos Bluetooth,1,146900.00,0.00,146900.00,0.00,146900.00,PSE,
813,PED000813,2026-05-06 06:02:44,CLI02609,Pereira,Aplicación móvil,,Electrodomésticos,Licuadora,1,235100.00,5.00,235100.00,11755.00,223345.00,Tarjeta crédito,5.0
814,PED000814,2026-01-08 08:16:44,CLI00373,Pereira,Página web,,Tecnología,Teclado mecánico,1,225300.00,0.00,225300.00,0.00,225300.00,Tarjeta crédito,4.0
815,PED000815,2026-05-13 20:37:09,CLI02478,Barranquilla,Página web,,Oficina,Webcam Full HD,1,199900.00,10.00,199900.00,19990.00,179910.00,Transferencia,5.0
816,PED000816,2026-03-09 03:22:00,CLI02374,Medellín,Aplicación móvil,,Tecnología,Tablet 10 pulgadas,2,944900.00,0.00,1889800.00,0.00,1889800.00,Tarjeta crédito,1.0
817,PED000817,2026-02-02 21:57:56,CLI01774,Bogotá D.C.,Tienda física,BOG-01,Hogar,Juego de ollas,3,289900.00,0.00,869700.00,0.00,869700.00,PSE,4.0
818,PED000818,2026-05-15 21:27:44,CLI00751,Cali,Tienda física,CLO-01,Tecnología,Mouse inalámbrico,1,89900.00,0.00,89900.00,0.00,89900.00,Efectivo,4.0
819,PED000819,2026-04-05 08:10:29,CLI00691,Bogotá D.C.,Página web,,Deportes,Colchoneta yoga,2,89900.00,0.00,179800.00,0.00,179800.00,Tarjeta crédito,
820,PED000820,2026-06-19 07:51:37,CLI02455,Bogotá D.C.,Página web,,Hogar,Aspiradora vertical,4,499900.00,0.00,1999600.00,0.00,1999600.00,Tarjeta débito,
821,PED000821,2026-01-12 14:01:47,CLI00047,Pereira,Aplicación móvil,,Tecnología,Smartwatch,1,336500.00,0.00,336500.00,0.00,336500.00,PSE,4.0
822,PED000822,2026-01-25 20:44:27,CLI01529,Medellín,Página web,,Tecnología,Audífonos Bluetooth,1,142400.00,0.00,142400.00,0.00,142400.00,Tarjeta débito,5.0
823,PED000823,2026-03-31 17:48:32,CLI02360,Bogotá D.C.,Página web,,Tecnología,Mouse inalámbrico,1,89900.00,10.00,89900.00,8990.00,80910.00,Tarjeta débito,
824,PED000824,2026-01-29 12:00:37,CLI00656,Bogotá D.C.,Aplicación móvil,,Tecnología,Teclado mecánico,1,229900.00,0.00,229900.00,0.00,229900.00,PSE,1.0
825,PED000825,2026-06-21 14:18:35,CLI02276,Cali,Página web,,Hogar,Lámpara de mesa,2,132500.00,0.00,265000.00,0.00,265000.00,Tarjeta crédito,
826,PED000826,2026-03-20 02:46:56,CLI01226,Pereira,Tienda física,PEI-01,Electrodomésticos,Cafetera eléctrica,1,180400.00,15.00,180400.00,27060.00,153340.00,Tarjeta crédito,5.0
827,PED000827,2026-06-08 17:00:50,CLI00554,Cali,Aplicación móvil,,Hogar,Ventilador de torre,1,332400.00,10.00,332400.00,33240.00,299160.00,Tarjeta crédito,5.0
828,PED000828,2026-05-14 11:05:51,CLI00092,Barranquilla,Página web,,Deportes,Banda caminadora,2,2199900.00,0.00,4399800.00,0.00,4399800.00,Tarjeta crédito,4.0
829,PED000829,2026-06-28 09:08:16,CLI01510,Medellín,Aplicación móvil,,Oficina,Archivador metálico,1,436900.00,0.00,436900.00,0.00,436900.00,Tarjeta débito,
830,PED000830,2026-03-05 22:45:57,CLI00585,Medellín,Tienda física,MDE-02,Deportes,Bicicleta estática,1,1469900.00,5.00,1469900.00,73495.00,1396405.00,Tarjeta débito,4.0
831,PED000831,2026-03-14 13:23:09,CLI00769,Barranquilla,Tienda física,BAQ-01,Electrodomésticos,Horno microondas,1,568300.00,15.00,568300.00,85245.00,483055.00,Tarjeta crédito,
832,PED000832,2026-05-29 08:34:46,CLI00431,Medellín,Página web,,Tecnología,Audífonos Bluetooth,1,149900.00,5.00,149900.00,7495.00,142405.00,Tarjeta crédito,4.0
833,PED000833,2026-06-19 02:15:29,CLI00515,Medellín,Página web,,Oficina,Escritorio ajustable,1,1139900.00,10.00,1139900.00,113990.00,1025910.00,Tarjeta crédito,3.0
834,PED000834,2026-02-06 00:38:57,CLI01635,Bucaramanga,Tienda física,BGA-01,Deportes,Bicicleta estática,2,1574900.00,0.00,3149800.00,0.00,3149800.00,Tarjeta crédito,4.0
835,PED000835,2026-03-07 11:21:12,CLI00240,Bucaramanga,Página web,,Electrodomésticos,Licuadora,2,244700.00,0.00,489400.00,0.00,489400.00,Tarjeta débito,4.0
836,PED000836,2026-03-27 01:44:27,CLI01500,Medellín,Página web,,Oficina,Impresora multifuncional,2,807400.00,0.00,1614800.00,0.00,1614800.00,PSE,
837,PED000837,2026-04-04 23:13:56,CLI00218,Cali,Aplicación móvil,,Tecnología,Mouse inalámbrico,1,85400.00,15.00,85400.00,12810.00,72590.00,Tarjeta débito,5.0
838,PED000838,2026-06-06 11:30:33,CLI00113,Pereira,Tienda física,PEI-01,Tecnología,Mouse inalámbrico,1,89900.00,0.00,89900.00,0.00,89900.00,Tarjeta crédito,
839,PED000839,2026-03-04 16:19:49,CLI01807,Barranquilla,Página web,,Electrodomésticos,Cafetera eléctrica,2,189900.00,0.00,379800.00,0.00,379800.00,Tarjeta crédito,5.0
840,PED000840,2026-03-26 20:37:00,CLI01158,Bogotá D.C.,Tienda física,BOG-01,Deportes,Mancuernas ajustables,1,399900.00,20.00,399900.00,79980.00,319920.00,Tarjeta débito,3.0
841,PED000841,2026-03-02 17:18:58,CLI01253,Cali,Página web,,Deportes,Bicicleta estática,1,1499900.00,0.00,1499900.00,0.00,1499900.00,Tarjeta débito,5.0
842,PED000842,2026-04-13 16:13:02,CLI01312,Cali,Página web,,Hogar,Organizador modular,1,125900.00,0.00,125900.00,0.00,125900.00,Tarjeta crédito,5.0
843,PED000843,2026-06-21 23:49:32,CLI00423,Medellín,Página web,,Tecnología,Mouse inalámbrico,3,89900.00,0.00,269700.00,0.00,269700.00,PSE,4.0
844,PED000844,2026-04-03 07:48:16,CLI01695,Bucaramanga,Aplicación móvil,,Electrodomésticos,Cafetera eléctrica,1,189900.00,0.00,189900.00,0.00,189900.00,Tarjeta crédito,1.0
845,PED000845,2026-06-03 07:06:06,CLI00009,Cali,Tienda física,CLO-01,Deportes,Banda caminadora,1,2199900.00,0.00,2199900.00,0.00,2199900.00,Efectivo,5.0
846,PED000846,2026-06-02 21:50:53,CLI02552,Cali,Tienda física,CLO-01,Oficina,Base para portátil,4,115400.00,5.00,461600.00,23080.00,438520.00,Tarjeta crédito,5.0
847,PED000847,2026-05-31 22:00:53,CLI00620,Medellín,Tienda física,MDE-02,Tecnología,Monitor 24 pulgadas,1,699900.00,0.00,699900.00,0.00,699900.00,PSE,4.0
848,PED000848,2026-01-30 17:39:47,CLI02380,Bogotá D.C.,Tienda física,BOG-03,Hogar,Ventilador de torre,1,349900.00,0.00,349900.00,0.00,349900.00,Efectivo,4.0
849,PED000849,2026-03-28 07:20:59,CLI00865,Bogotá D.C.,Aplicación móvil,,Electrodomésticos,Arrocera,1,173300.00,0.00,173300.00,0.00,173300.00,Tarjeta crédito,2.0
850,PED000850,2026-06-12 06:48:53,CLI00330,Medellín,Página web,,Oficina,Impresora multifuncional,1,892400.00,20.00,892400.00,178480.00,713920.00,PSE,
851,PED000851,2026-03-11 21:52:59,CLI02657,Bogotá D.C.,Tienda física,BOG-02,Tecnología,Mouse inalámbrico,3,94400.00,0.00,283200.00,0.00,283200.00,Tarjeta crédito,
852,PED000852,2026-04-07 23:55:17,CLI02443,Bogotá D.C.,Tienda física,BOG-02,Hogar,Purificador de aire,1,839900.00,5.00,839900.00,41995.00,797905.00,Efectivo,
853,PED000853,2026-01-11 21:27:22,CLI00578,Pereira,Página web,,Hogar,Organizador modular,2,117500.00,15.00,235000.00,35250.00,199750.00,PSE,
854,PED000854,2026-05-02 18:50:18,CLI02325,Pereira,Tienda física,PEI-01,Oficina,Webcam Full HD,3,199900.00,0.00,599700.00,0.00,599700.00,Tarjeta crédito,5.0
855,PED000855,2026-06-21 21:08:58,CLI02644,Barranquilla,Página web,,Hogar,Ventilador de torre,1,342900.00,0.00,342900.00,0.00,342900.00,Tarjeta débito,
856,PED000856,2026-01-17 04:24:58,CLI01318,Bucaramanga,Página web,,Deportes,Balón fútbol,1,119900.00,0.00,119900.00,0.00,119900.00,Tarjeta crédito,5.0
857,PED000857,2026-06-24 15:35:31,CLI00762,Cali,Página web,,Deportes,Banda caminadora,2,2243900.00,10.00,4487800.00,448780.00,4039020.00,Tarjeta débito,
858,PED000858,2026-04-15 10:51:00,CLI02532,Cali,Página web,,Tecnología,Smartwatch,2,329900.00,5.00,659800.00,32990.00,626810.00,PSE,4.0
859,PED000859,2026-05-17 13:23:44,CLI00589,Cali,Tienda física,CLO-01,Electrodomésticos,Horno microondas,1,579900.00,10.00,579900.00,57990.00,521910.00,Tarjeta crédito,5.0
860,PED000860,2026-03-15 04:13:17,CLI00694,Medellín,Página web,,Tecnología,Monitor 24 pulgadas,3,685900.00,5.00,2057700.00,102885.00,1954815.00,PSE,4.0
861,PED000861,2026-06-18 02:56:37,CLI01092,Medellín,Tienda física,MDE-02,Deportes,Banda caminadora,2,2155900.00,5.00,4311800.00,215590.00,4096210.00,Tarjeta débito,2.0
862,PED000862,2026-01-29 21:33:52,CLI00295,Bogotá D.C.,Tienda física,BOG-03,Deportes,Banda caminadora,1,2155900.00,0.00,2155900.00,0.00,2155900.00,Efectivo,
863,PED000863,2026-01-22 15:17:15,CLI00885,Cali,Tienda física,CLO-02,Electrodomésticos,Cafetera eléctrica,1,189900.00,10.00,189900.00,18990.00,170910.00,Tarjeta crédito,
864,PED000864,2026-03-18 23:51:36,CLI00396,Barranquilla,Página web,,Tecnología,Mouse inalámbrico,2,85400.00,0.00,170800.00,0.00,170800.00,PSE,5.0
865,PED000865,2026-06-22 05:43:03,CLI01090,Medellín,Aplicación móvil,,Hogar,Juego de ollas,1,295700.00,15.00,295700.00,44355.00,251345.00,Tarjeta crédito,4.0
866,PED000866,2026-03-16 16:28:49,CLI00060,Pereira,Aplicación móvil,,Hogar,Purificador de aire,1,799900.00,10.00,799900.00,79990.00,719910.00,Tarjeta crédito,5.0
867,PED000867,2026-06-22 14:35:22,CLI02649,Barranquilla,Aplicación móvil,,Hogar,Juego de ollas,1,304400.00,0.00,304400.00,0.00,304400.00,Tarjeta débito,
868,PED000868,2026-01-25 18:26:17,CLI00110,Medellín,Aplicación móvil,,Oficina,Escritorio ajustable,1,1199900.00,5.00,1199900.00,59995.00,1139905.00,PSE,5.0
869,PED000869,2026-06-09 15:47:55,CLI00888,Cali,Página web,,Tecnología,Tablet 10 pulgadas,3,854900.00,10.00,2564700.00,256470.00,2308230.00,PSE,5.0
870,PED000870,2026-01-28 10:04:30,CLI00389,Bogotá D.C.,Página web,,Oficina,Impresora multifuncional,1,892400.00,5.00,892400.00,44620.00,847780.00,Tarjeta débito,5.0
871,PED000871,2026-01-16 00:01:39,CLI02250,Pereira,Página web,,Tecnología,Teclado mecánico,4,234500.00,15.00,938000.00,140700.00,797300.00,PSE,
872,PED000872,2026-06-25 13:20:14,CLI01051,Cali,Tienda física,CLO-02,Tecnología,Audífonos Bluetooth,1,142400.00,10.00,142400.00,14240.00,128160.00,Tarjeta crédito,
873,PED000873,2026-06-28 09:20:45,CLI01301,Barranquilla,Página web,,Electrodomésticos,Horno microondas,1,579900.00,10.00,579900.00,57990.00,521910.00,PSE,
874,PED000874,2026-01-26 20:45:36,CLI01978,Barranquilla,Tienda física,BAQ-01,Electrodomésticos,Sanduchera,2,123400.00,5.00,246800.00,12340.00,234460.00,Tarjeta crédito,
875,PED000875,2026-02-18 12:33:45,CLI00513,Pereira,Tienda física,PEI-01,Oficina,Impresora multifuncional,1,849900.00,0.00,849900.00,0.00,849900.00,Efectivo,
876,PED000876,2026-03-27 09:24:16,CLI01753,Bogotá D.C.,Aplicación móvil,,Oficina,Silla ergonómica,2,734900.00,0.00,1469800.00,0.00,1469800.00,PSE,4.0
877,PED000877,2026-04-18 11:05:05,CLI00583,Bogotá D.C.,Aplicación móvil,,Deportes,Kit bandas elásticas,1,81500.00,5.00,81500.00,4075.00,77425.00,Tarjeta débito,
878,PED000878,2026-05-14 03:40:36,CLI01711,Bogotá D.C.,Página web,,Tecnología,Tablet 10 pulgadas,2,944900.00,0.00,1889800.00,0.00,1889800.00,PSE,
879,PED000879,2026-03-11 00:46:08,CLI02155,Bogotá D.C.,Página web,,Electrodomésticos,Sanduchera,1,136400.00,0.00,136400.00,0.00,136400.00,Tarjeta débito,
880,PED000880,2026-04-18 14:24:28,CLI00236,Bogotá D.C.,Aplicación móvil,,Deportes,Colchoneta yoga,2,94400.00,10.00,188800.00,18880.00,169920.00,Billetera digital,4.0
881,PED000881,2026-04-09 05:27:22,CLI01621,Bucaramanga,Página web,,Electrodomésticos,Horno microondas,1,579900.00,0.00,579900.00,0.00,579900.00,Tarjeta crédito,
882,PED000882,2026-01-29 11:16:45,CLI02567,Bogotá D.C.,Aplicación móvil,,Deportes,Colchoneta yoga,2,94400.00,0.00,188800.00,0.00,188800.00,Tarjeta crédito,5.0
883,PED000883,2026-04-14 19:55:06,CLI02583,Medellín,Aplicación móvil,,Tecnología,Tablet 10 pulgadas,1,899900.00,10.00,899900.00,89990.00,809910.00,Tarjeta crédito,5.0
884,PED000884,2026-01-17 05:26:53,CLI02599,Bogotá D.C.,Aplicación móvil,,Electrodomésticos,Cafetera eléctrica,1,189900.00,0.00,189900.00,0.00,189900.00,Billetera digital,5.0
885,PED000885,2026-02-17 19:25:47,CLI02537,Cali,Página web,,Deportes,Balón fútbol,1,117500.00,5.00,117500.00,5875.00,111625.00,PSE,5.0
886,PED000886,2026-01-30 13:23:04,CLI00919,Bogotá D.C.,Tienda física,BOG-03,Deportes,Balón fútbol,2,122300.00,0.00,244600.00,0.00,244600.00,Tarjeta débito,
887,PED000887,2026-03-07 01:20:04,CLI02215,Barranquilla,Aplicación móvil,,Oficina,Webcam Full HD,2,195900.00,0.00,391800.00,0.00,391800.00,Tarjeta crédito,
888,PED000888,2026-01-28 23:25:50,CLI01016,Cali,Página web,,Oficina,Escritorio ajustable,1,1199900.00,5.00,1199900.00,59995.00,1139905.00,Tarjeta crédito,4.0
889,PED000889,2026-01-11 04:43:42,CLI00943,Bogotá D.C.,Página web,,Tecnología,Tablet 10 pulgadas,2,917900.00,0.00,1835800.00,0.00,1835800.00,Tarjeta crédito,
890,PED000890,2026-03-31 04:08:52,CLI00988,Bucaramanga,Página web,,Tecnología,Mouse inalámbrico,1,89900.00,0.00,89900.00,0.00,89900.00,Transferencia,4.0
891,PED000891,2026-04-24 01:33:52,CLI02241,Barranquilla,Tienda física,BAQ-01,Tecnología,Monitor 24 pulgadas,1,685900.00,0.00,685900.00,0.00,685900.00,Tarjeta débito,
892,PED000892,2026-04-18 18:34:22,CLI00929,Medellín,Tienda física,MDE-02,Electrodomésticos,Licuadora,1,251900.00,0.00,251900.00,0.00,251900.00,Efectivo,5.0
893,PED000893,2026-04-21 14:11:14,CLI02466,Bogotá D.C.,Página web,,Electrodomésticos,Licuadora,2,244700.00,15.00,489400.00,73410.00,415990.00,Tarjeta crédito,
894,PED000894,2026-01-17 01:44:35,CLI01666,Cali,Página web,,Hogar,Lámpara de mesa,1,129900.00,5.00,129900.00,6495.00,123405.00,PSE,5.0
895,PED000895,2026-01-02 07:57:35,CLI00471,Barranquilla,Página web,,Tecnología,Smartwatch,2,329900.00,0.00,659800.00,0.00,659800.00,PSE,
896,PED000896,2026-05-01 09:43:31,CLI01843,Bucaramanga,Tienda física,BGA-01,Oficina,Escritorio ajustable,1,1199900.00,0.00,1199900.00,0.00,1199900.00,Efectivo,
897,PED000897,2026-03-04 19:19:55,CLI00014,Bogotá D.C.,Página web,,Electrodomésticos,Arrocera,1,169900.00,0.00,169900.00,0.00,169900.00,Tarjeta débito,4.0
898,PED000898,2026-04-26 06:44:53,CLI01089,Barranquilla,Aplicación móvil,,Tecnología,Teclado mecánico,2,229900.00,10.00,459800.00,45980.00,413820.00,PSE,3.0
899,PED000899,2026-01-02 19:39:58,CLI02415,Bogotá D.C.,Aplicación móvil,,Oficina,Escritorio ajustable,2,1199900.00,5.00,2399800.00,119990.00,2279810.00,Tarjeta crédito,4.0
900,PED000900,2026-03-31 02:24:49,CLI00570,Barranquilla,Página web,,Hogar,Aspiradora vertical,1,489900.00,0.00,489900.00,0.00,489900.00,Transferencia,
901,PED000901,2026-03-18 11:10:49,CLI02127,Barranquilla,Página web,,Hogar,Juego de ollas,2,284100.00,0.00,568200.00,0.00,568200.00,Transferencia,
902,PED000902,2026-04-02 17:50:21,CLI02512,Cali,Tienda física,CLO-01,Oficina,Base para portátil,4,112100.00,0.00,448400.00,0.00,448400.00,Tarjeta crédito,2.0
903,PED000903,2026-06-05 06:31:47,CLI01573,Barranquilla,Aplicación móvil,,Oficina,Silla ergonómica,1,749900.00,10.00,749900.00,74990.00,674910.00,Tarjeta crédito,5.0
904,PED000904,2026-06-11 02:22:32,CLI00862,Bucaramanga,Tienda física,BGA-01,Deportes,Colchoneta yoga,3,89900.00,0.00,269700.00,0.00,269700.00,Tarjeta crédito,4.0
905,PED000905,2026-04-18 07:13:59,CLI00444,Cali,Aplicación móvil,,Electrodomésticos,Licuadora,1,235100.00,20.00,235100.00,47020.00,188080.00,Billetera digital,4.0
906,PED000906,2026-06-21 19:59:57,CLI01837,Cali,Tienda física,CLO-02,Tecnología,Tablet 10 pulgadas,2,854900.00,15.00,1709800.00,256470.00,1453330.00,Efectivo,5.0
907,PED000907,2026-04-22 05:00:12,CLI02669,Medellín,Aplicación móvil,,Tecnología,Audífonos Bluetooth,3,149900.00,10.00,449700.00,44970.00,404730.00,Tarjeta crédito,5.0
908,PED000908,2026-01-04 11:56:23,CLI00556,Bogotá D.C.,Tienda física,BOG-01,Hogar,Ventilador de torre,3,356900.00,0.00,1070700.00,0.00,1070700.00,Tarjeta débito,5.0
909,PED000909,2026-05-26 20:48:19,CLI01129,Cali,Tienda física,CLO-02,Oficina,Impresora multifuncional,1,849900.00,0.00,849900.00,0.00,849900.00,Efectivo,3.0
910,PED000910,2026-01-02 16:28:46,CLI00406,Cali,Tienda física,CLO-01,Oficina,Base para portátil,1,115400.00,0.00,115400.00,0.00,115400.00,Tarjeta crédito,4.0
911,PED000911,2026-06-23 00:56:58,CLI01247,Bogotá D.C.,Aplicación móvil,,Tecnología,Tablet 10 pulgadas,2,917900.00,5.00,1835800.00,91790.00,1744010.00,Tarjeta crédito,
912,PED000912,2026-04-23 15:36:40,CLI01715,Bogotá D.C.,Página web,,Electrodomésticos,Sanduchera,1,129900.00,0.00,129900.00,0.00,129900.00,PSE,4.0
913,PED000913,2026-05-22 13:11:07,CLI02512,Bogotá D.C.,Página web,,Electrodomésticos,Cafetera eléctrica,1,193700.00,10.00,193700.00,19370.00,174330.00,Tarjeta débito,4.0
914,PED000914,2026-01-04 19:57:21,CLI00606,Bogotá D.C.,Tienda física,BOG-01,Electrodomésticos,Freidora de aire,1,427400.00,0.00,427400.00,0.00,427400.00,Tarjeta crédito,5.0
915,PED000915,2026-06-12 14:17:13,CLI00932,Medellín,Aplicación móvil,,Hogar,Lámpara de mesa,1,129900.00,5.00,129900.00,6495.00,123405.00,Tarjeta débito,1.0
916,PED000916,2026-06-30 13:45:20,CLI00468,Bogotá D.C.,Página web,,Oficina,Archivador metálico,1,459900.00,10.00,459900.00,45990.00,413910.00,Tarjeta débito,5.0
917,PED000917,2026-04-10 16:11:15,CLI02520,Barranquilla,Tienda física,BAQ-01,Tecnología,Tablet 10 pulgadas,2,854900.00,0.00,1709800.00,0.00,1709800.00,Efectivo,
918,PED000918,2026-03-16 21:29:28,CLI00040,Medellín,Aplicación móvil,,Tecnología,Smartwatch,1,313400.00,10.00,313400.00,31340.00,282060.00,Tarjeta crédito,
919,PED000919,2026-06-15 16:27:13,CLI01436,Bogotá D.C.,Tienda física,BOG-01,Tecnología,Mouse inalámbrico,2,94400.00,10.00,188800.00,18880.00,169920.00,Efectivo,4.0
920,PED000920,2026-04-17 11:42:59,CLI00585,Medellín,Aplicación móvil,,Hogar,Aspiradora vertical,2,499900.00,10.00,999800.00,99980.00,899820.00,Billetera digital,5.0
921,PED000921,2026-02-12 07:27:14,CLI00148,Cali,Página web,,Hogar,Purificador de aire,1,839900.00,5.00,839900.00,41995.00,797905.00,Transferencia,
922,PED000922,2026-04-13 04:57:47,CLI01130,Bucaramanga,Tienda física,BGA-01,Deportes,Kit bandas elásticas,2,83900.00,0.00,167800.00,0.00,167800.00,Efectivo,5.0
923,PED000923,2026-04-26 11:17:22,CLI00966,Bucaramanga,Tienda física,BGA-01,Hogar,Purificador de aire,1,839900.00,0.00,839900.00,0.00,839900.00,PSE,4.0
924,PED000924,2026-04-12 15:07:53,CLI01554,Bucaramanga,Página web,,Tecnología,Tablet 10 pulgadas,2,899900.00,0.00,1799800.00,0.00,1799800.00,PSE,
925,PED000925,2026-04-30 18:57:26,CLI00175,Medellín,Página web,,Deportes,Bicicleta estática,2,1574900.00,10.00,3149800.00,314980.00,2834820.00,PSE,5.0
926,PED000926,2026-01-24 12:17:02,CLI00907,Bogotá D.C.,Página web,,Electrodomésticos,Licuadora,1,235100.00,0.00,235100.00,0.00,235100.00,PSE,4.0
927,PED000927,2026-06-04 12:00:17,CLI02560,Bogotá D.C.,Aplicación móvil,,Oficina,Base para portátil,1,109900.00,15.00,109900.00,16485.00,93415.00,PSE,4.0
928,PED000928,2026-05-02 08:30:53,CLI01197,Medellín,Página web,,Electrodomésticos,Horno microondas,1,568300.00,0.00,568300.00,0.00,568300.00,Tarjeta débito,4.0
929,PED000929,2026-03-11 23:36:48,CLI00897,Bogotá D.C.,Página web,,Oficina,Silla ergonómica,1,734900.00,20.00,734900.00,146980.00,587920.00,Tarjeta crédito,
930,PED000930,2026-03-07 18:07:18,CLI01985,Medellín,Tienda física,MDE-01,Tecnología,Teclado mecánico,2,218400.00,10.00,436800.00,43680.00,393120.00,Tarjeta débito,3.0
931,PED000931,2026-05-13 07:36:49,CLI00209,Barranquilla,Aplicación móvil,,Hogar,Purificador de aire,1,799900.00,0.00,799900.00,0.00,799900.00,Billetera digital,
932,PED000932,2026-05-04 02:33:34,CLI02571,Bogotá D.C.,Página web,,Hogar,Ventilador de torre,1,349900.00,0.00,349900.00,0.00,349900.00,Tarjeta débito,3.0
933,PED000933,2026-06-07 06:06:25,CLI02029,Bucaramanga,Página web,,Oficina,Archivador metálico,1,459900.00,15.00,459900.00,68985.00,390915.00,Transferencia,
934,PED000934,2026-03-12 09:10:33,CLI01631,Bogotá D.C.,Página web,,Electrodomésticos,Cafetera eléctrica,3,189900.00,10.00,569700.00,56970.00,512730.00,Tarjeta débito,5.0
935,PED000935,2026-04-27 16:34:08,CLI02187,Bogotá D.C.,Página web,,Electrodomésticos,Freidora de aire,1,449900.00,15.00,449900.00,67485.00,382415.00,Transferencia,
936,PED000936,2026-02-16 15:15:58,CLI00968,Medellín,Aplicación móvil,,Deportes,Mancuernas ajustables,1,419900.00,0.00,419900.00,0.00,419900.00,Billetera digital,
937,PED000937,2026-02-08 00:20:10,CLI02475,Medellín,Tienda física,MDE-02,Electrodomésticos,Cafetera eléctrica,1,189900.00,10.00,189900.00,18990.00,170910.00,Tarjeta débito,5.0
938,PED000938,2026-05-25 13:31:49,CLI01245,Pereira,Página web,,Tecnología,Smartwatch,1,329900.00,0.00,329900.00,0.00,329900.00,Tarjeta crédito,4.0
939,PED000939,2026-03-09 14:24:20,CLI01054,Cali,Página web,,Deportes,Balón fútbol,3,119900.00,0.00,359700.00,0.00,359700.00,Tarjeta crédito,
940,PED000940,2026-01-26 14:44:46,CLI01814,Bogotá D.C.,Tienda física,BOG-01,Electrodomésticos,Arrocera,1,161400.00,5.00,161400.00,8070.00,153330.00,PSE,4.0
941,PED000941,2026-05-23 19:31:37,CLI02191,Bucaramanga,Página web,,Tecnología,Tablet 10 pulgadas,1,899900.00,5.00,899900.00,44995.00,854905.00,Tarjeta débito,5.0
942,PED000942,2026-04-29 04:01:22,CLI02624,Bogotá D.C.,Página web,,Tecnología,Smartwatch,1,313400.00,0.00,313400.00,0.00,313400.00,Tarjeta débito,3.0
943,PED000943,2026-04-13 12:24:14,CLI01133,Bucaramanga,Aplicación móvil,,Tecnología,Tablet 10 pulgadas,1,854900.00,0.00,854900.00,0.00,854900.00,Tarjeta crédito,
944,PED000944,2026-04-20 05:56:39,CLI02456,Cali,Tienda física,CLO-02,Electrodomésticos,Sanduchera,2,129900.00,0.00,259800.00,0.00,259800.00,Tarjeta crédito,5.0
945,PED000945,2026-02-11 03:47:41,CLI01916,Cali,Página web,,Electrodomésticos,Freidora de aire,1,427400.00,15.00,427400.00,64110.00,363290.00,Tarjeta crédito,
946,PED000946,2026-06-18 15:51:53,CLI00473,Bogotá D.C.,Tienda física,BOG-03,Hogar,Ventilador de torre,1,356900.00,5.00,356900.00,17845.00,339055.00,Efectivo,5.0
947,PED000947,2026-05-26 01:33:22,CLI00351,Bogotá D.C.,Tienda física,BOG-03,Oficina,Base para portátil,2,115400.00,0.00,230800.00,0.00,230800.00,Efectivo,5.0
948,PED000948,2026-06-14 06:33:35,CLI00916,Bucaramanga,Página web,,Oficina,Silla ergonómica,1,749900.00,0.00,749900.00,0.00,749900.00,Tarjeta crédito,
949,PED000949,2026-05-01 17:57:42,CLI01181,Bucaramanga,Página web,,Electrodomésticos,Licuadora,1,227900.00,10.00,227900.00,22790.00,205110.00,PSE,
950,PED000950,2026-01-30 15:57:00,CLI01936,Medellín,Aplicación móvil,,Hogar,Purificador de aire,4,839900.00,0.00,3359600.00,0.00,3359600.00,Tarjeta débito,5.0
951,PED000951,2026-03-06 06:12:11,CLI00729,Medellín,Tienda física,MDE-01,Tecnología,Smartwatch,2,336500.00,0.00,673000.00,0.00,673000.00,Efectivo,5.0
952,PED000952,2026-01-25 19:09:41,CLI00612,Bogotá D.C.,Aplicación móvil,,Tecnología,Mouse inalámbrico,1,88100.00,0.00,88100.00,0.00,88100.00,Tarjeta crédito,5.0
953,PED000953,2026-01-18 01:13:18,CLI00816,Cali,Aplicación móvil,,Tecnología,Tablet 10 pulgadas,3,899900.00,5.00,2699700.00,134985.00,2564715.00,Tarjeta crédito,5.0
954,PED000954,2026-03-19 09:06:46,CLI00675,Bogotá D.C.,Tienda física,BOG-01,Tecnología,Audífonos Bluetooth,2,152900.00,20.00,305800.00,61160.00,244640.00,PSE,
955,PED000955,2026-01-06 11:50:04,CLI00975,Bucaramanga,Tienda física,BGA-01,Electrodomésticos,Licuadora,1,239900.00,10.00,239900.00,23990.00,215910.00,Tarjeta débito,5.0
956,PED000956,2026-01-26 07:06:02,CLI00660,Bogotá D.C.,Aplicación móvil,,Hogar,Ventilador de torre,4,349900.00,10.00,1399600.00,139960.00,1259640.00,Billetera digital,1.0
957,PED000957,2026-02-25 21:18:28,CLI01623,Bogotá D.C.,Aplicación móvil,,Tecnología,Smartwatch,1,313400.00,10.00,313400.00,31340.00,282060.00,Billetera digital,
958,PED000958,2026-05-30 20:57:12,CLI01976,Cali,Página web,,Electrodomésticos,Freidora de aire,1,449900.00,5.00,449900.00,22495.00,427405.00,Tarjeta débito,
959,PED000959,2026-03-30 12:26:27,CLI02071,Cali,Página web,,Deportes,Balón fútbol,2,125900.00,0.00,251800.00,0.00,251800.00,PSE,1.0
960,PED000960,2026-01-29 17:03:03,CLI02319,Pereira,Tienda física,PEI-01,Hogar,Aspiradora vertical,1,489900.00,5.00,489900.00,24495.00,465405.00,Tarjeta crédito,4.0
961,PED000961,2026-04-07 09:05:14,CLI00872,Barranquilla,Aplicación móvil,,Electrodomésticos,Arrocera,2,178400.00,5.00,356800.00,17840.00,338960.00,PSE,
962,PED000962,2026-04-26 19:38:22,CLI00041,Cali,Página web,,Hogar,Organizador modular,1,119900.00,0.00,119900.00,0.00,119900.00,Tarjeta crédito,
963,PED000963,2026-05-15 06:32:38,CLI00450,Barranquilla,Página web,,Tecnología,Mouse inalámbrico,1,89900.00,0.00,89900.00,0.00,89900.00,Tarjeta crédito,3.0
964,PED000964,2026-04-29 15:33:55,CLI01726,Barranquilla,Página web,,Hogar,Aspiradora vertical,1,499900.00,10.00,499900.00,49990.00,449910.00,PSE,
965,PED000965,2026-06-25 07:55:35,CLI02170,Cali,Tienda física,CLO-01,Tecnología,Teclado mecánico,2,241400.00,10.00,482800.00,48280.00,434520.00,Tarjeta crédito,
966,PED000966,2026-02-14 22:09:33,CLI00046,Cali,Aplicación móvil,,Hogar,Organizador modular,1,122300.00,5.00,122300.00,6115.00,116185.00,Billetera digital,
967,PED000967,2026-04-08 21:53:08,CLI02228,Bogotá D.C.,Tienda física,BOG-01,Deportes,Colchoneta yoga,2,94400.00,15.00,188800.00,28320.00,160480.00,Tarjeta débito,
968,PED000968,2026-04-05 08:37:21,CLI02361,Medellín,Aplicación móvil,,Hogar,Juego de ollas,1,275400.00,0.00,275400.00,0.00,275400.00,PSE,
969,PED000969,2026-01-06 13:36:26,CLI02044,Barranquilla,Página web,,Electrodomésticos,Licuadora,1,251900.00,10.00,251900.00,25190.00,226710.00,Tarjeta crédito,5.0
970,PED000970,2026-04-23 03:16:40,CLI00104,Medellín,Página web,,Deportes,Mancuernas ajustables,1,407900.00,5.00,407900.00,20395.00,387505.00,Tarjeta crédito,4.0
971,PED000971,2026-02-19 03:31:33,CLI01215,Medellín,Tienda física,MDE-02,Electrodomésticos,Sanduchera,1,123400.00,10.00,123400.00,12340.00,111060.00,Efectivo,5.0
972,PED000972,2026-03-12 07:06:32,CLI02421,Medellín,Aplicación móvil,,Hogar,Lámpara de mesa,1,136400.00,5.00,136400.00,6820.00,129580.00,Billetera digital,
973,PED000973,2026-03-08 21:23:20,CLI02307,Bucaramanga,Tienda física,BGA-01,Electrodomésticos,Cafetera eléctrica,3,193700.00,0.00,581100.00,0.00,581100.00,Efectivo,4.0
974,PED000974,2026-03-31 07:00:35,CLI00299,Bogotá D.C.,Página web,,Electrodomésticos,Licuadora,2,251900.00,0.00,503800.00,0.00,503800.00,Tarjeta crédito,5.0
975,PED000975,2026-01-10 18:12:47,CLI01089,Cali,Tienda física,CLO-02,Oficina,Webcam Full HD,1,209900.00,0.00,209900.00,0.00,209900.00,PSE,5.0
976,PED000976,2026-04-21 02:35:10,CLI00030,Cali,Página web,,Electrodomésticos,Cafetera eléctrica,1,186100.00,0.00,186100.00,0.00,186100.00,Tarjeta crédito,
977,PED000977,2026-06-27 22:47:00,CLI02072,Cali,Aplicación móvil,,Tecnología,Teclado mecánico,1,218400.00,0.00,218400.00,0.00,218400.00,Tarjeta crédito,5.0
978,PED000978,2026-02-23 19:07:08,CLI01728,Bogotá D.C.,Página web,,Oficina,Archivador metálico,1,459900.00,0.00,459900.00,0.00,459900.00,Tarjeta débito,4.0
979,PED000979,2026-01-23 01:02:15,CLI02529,Medellín,Página web,,Electrodomésticos,Freidora de aire,1,427400.00,10.00,427400.00,42740.00,384660.00,Tarjeta débito,5.0
980,PED000980,2026-06-05 15:14:33,CLI01164,Bogotá D.C.,Tienda física,BOG-03,Deportes,Kit bandas elásticas,1,75900.00,5.00,75900.00,3795.00,72105.00,Tarjeta débito,4.0
981,PED000981,2026-01-27 11:11:49,CLI01462,Medellín,Tienda física,MDE-01,Electrodomésticos,Arrocera,1,166500.00,0.00,166500.00,0.00,166500.00,Tarjeta crédito,
982,PED000982,2026-04-26 02:44:55,CLI01556,Bucaramanga,Aplicación móvil,,Oficina,Base para portátil,2,109900.00,5.00,219800.00,10990.00,208810.00,Billetera digital,5.0
983,PED000983,2026-05-02 02:46:04,CLI01995,Cali,Tienda física,CLO-02,Deportes,Balón fútbol,2,122300.00,0.00,244600.00,0.00,244600.00,Tarjeta crédito,4.0
984,PED000984,2026-03-08 07:01:03,CLI00964,Barranquilla,Página web,,Electrodomésticos,Licuadora,4,239900.00,0.00,959600.00,0.00,959600.00,Tarjeta crédito,5.0
985,PED000985,2026-02-27 22:46:07,CLI00632,Bogotá D.C.,Aplicación móvil,,Electrodomésticos,Licuadora,2,244700.00,0.00,489400.00,0.00,489400.00,PSE,
986,PED000986,2026-05-11 11:01:46,CLI01463,Bogotá D.C.,Tienda física,BOG-02,Tecnología,Mouse inalámbrico,2,85400.00,0.00,170800.00,0.00,170800.00,Efectivo,
987,PED000987,2026-01-03 02:11:24,CLI01804,Bucaramanga,Tienda física,BGA-01,Hogar,Ventilador de torre,1,349900.00,15.00,349900.00,52485.00,297415.00,Tarjeta crédito,3.0
988,PED000988,2026-05-07 06:40:07,CLI01525,Pereira,Página web,,Deportes,Kit bandas elásticas,2,83900.00,5.00,167800.00,8390.00,159410.00,Tarjeta crédito,
989,PED000989,2026-02-05 19:20:29,CLI02378,Bogotá D.C.,Página web,,Electrodomésticos,Freidora de aire,2,458900.00,0.00,917800.00,0.00,917800.00,Tarjeta crédito,4.0
990,PED000990,2026-03-20 00:17:40,CLI00315,Medellín,Página web,,Oficina,Archivador metálico,1,482900.00,5.00,482900.00,24145.00,458755.00,PSE,
991,PED000991,2026-03-19 23:31:20,CLI01653,Bogotá D.C.,Página web,,Hogar,Aspiradora vertical,2,489900.00,0.00,979800.00,0.00,979800.00,Transferencia,
992,PED000992,2026-06-06 05:26:10,CLI00345,Barranquilla,Aplicación móvil,,Deportes,Balón fútbol,1,122300.00,0.00,122300.00,0.00,122300.00,Tarjeta crédito,
993,PED000993,2026-01-16 21:15:58,CLI00176,Bogotá D.C.,Tienda física,BOG-03,Tecnología,Teclado mecánico,1,229900.00,0.00,229900.00,0.00,229900.00,Tarjeta crédito,
994,PED000994,2026-05-10 16:02:51,CLI00607,Cali,Página web,,Tecnología,Teclado mecánico,2,229900.00,10.00,459800.00,45980.00,413820.00,Tarjeta débito,
995,PED000995,2026-04-13 14:42:48,CLI00012,Cali,Página web,,Tecnología,Monitor 24 pulgadas,1,699900.00,10.00,699900.00,69990.00,629910.00,Tarjeta crédito,
996,PED000996,2026-01-11 20:18:42,CLI01393,Medellín,Aplicación móvil,,Electrodomésticos,Horno microondas,1,579900.00,5.00,579900.00,28995.00,550905.00,Tarjeta crédito,5.0
997,PED000997,2026-01-15 05:53:07,CLI00503,Cali,Aplicación móvil,,Tecnología,Monitor 24 pulgadas,1,699900.00,0.00,699900.00,0.00,699900.00,Tarjeta crédito,
998,PED000998,2026-05-07 07:12:03,CLI00066,Medellín,Aplicación móvil,,Hogar,Lámpara de mesa,2,129900.00,0.00,259800.00,0.00,259800.00,Billetera digital,4.0
999,PED000999,2026-02-11 08:06:28,CLI00248,Bogotá D.C.,Tienda física,BOG-03,Tecnología,Monitor 24 pulgadas,1,664900.00,5.00,664900.00,33245.00,631655.00,Tarjeta débito,
1000,PED001000,2026-06-14 03:27:56,CLI00310,Bogotá D.C.,Tienda física,BOG-03,Hogar,Organizador modular,1,119900.00,0.00,119900.00,0.00,119900.00,Tarjeta crédito,
1001,PED001001,2026-05-27 00:29:47,CLI00678,Medellín,Página web,,Tecnología,Tablet 10 pulgadas,1,881900.00,10.00,881900.00,88190.00,793710.00,Tarjeta crédito,5.0
1002,PED001002,2026-05-26 19:07:08,CLI01379,Bogotá D.C.,Tienda física,BOG-02,Hogar,Aspiradora vertical,2,499900.00,10.00,999800.00,99980.00,899820.00,Efectivo,5.0
1003,PED001003,2026-03-16 12:15:59,CLI01512,Bogotá D.C.,Tienda física,BOG-03,Hogar,Lámpara de mesa,4,136400.00,0.00,545600.00,0.00,545600.00,Efectivo,
1004,PED001004,2026-04-15 12:11:06,CLI00362,Bogotá D.C.,Tienda física,BOG-02,Deportes,Banda caminadora,2,2089900.00,5.00,4179800.00,208990.00,3970810.00,Efectivo,5.0
1005,PED001005,2026-04-15 05:32:28,CLI01797,Cali,Aplicación móvil,,Deportes,Colchoneta yoga,1,88100.00,10.00,88100.00,8810.00,79290.00,PSE,2.0
1006,PED001006,2026-02-06 21:11:30,CLI00738,Bogotá D.C.,Página web,,Electrodomésticos,Arrocera,1,173300.00,0.00,173300.00,0.00,173300.00,PSE,
1007,PED001007,2026-06-26 03:31:58,CLI00668,Bogotá D.C.,Aplicación móvil,,Tecnología,Audífonos Bluetooth,1,146900.00,0.00,146900.00,0.00,146900.00,Tarjeta crédito,
1008,PED001008,2026-01-22 12:08:43,CLI02138,Bogotá D.C.,Página web,,Tecnología,Audífonos Bluetooth,1,149900.00,0.00,149900.00,0.00,149900.00,Tarjeta débito,5.0
1009,PED001009,2026-04-08 21:37:13,CLI01675,Bogotá D.C.,Aplicación móvil,,Tecnología,Audífonos Bluetooth,2,149900.00,10.00,299800.00,29980.00,269820.00,Tarjeta crédito,4.0
1010,PED001010,2026-02-23 12:00:42,CLI02003,Pereira,Página web,,Deportes,Colchoneta yoga,1,88100.00,15.00,88100.00,13215.00,74885.00,PSE,4.0
1011,PED001011,2026-02-28 09:32:31,CLI01109,Bogotá D.C.,Página web,,Oficina,Webcam Full HD,1,203900.00,0.00,203900.00,0.00,203900.00,PSE,
1012,PED001012,2026-01-25 04:05:01,CLI00980,Bogotá D.C.,Aplicación móvil,,Tecnología,Mouse inalámbrico,1,89900.00,0.00,89900.00,0.00,89900.00,Billetera digital,5.0
1013,PED001013,2026-03-06 08:35:32,CLI02000,Cali,Página web,,Tecnología,Mouse inalámbrico,2,85400.00,5.00,170800.00,8540.00,162260.00,PSE,
1014,PED001014,2026-03-24 21:21:45,CLI00501,Medellín,Página web,,Tecnología,Teclado mecánico,2,218400.00,5.00,436800.00,21840.00,414960.00,PSE,
1015,PED001015,2026-02-18 16:39:22,CLI02275,Barranquilla,Tienda física,BAQ-01,Tecnología,Smartwatch,1,329900.00,5.00,329900.00,16495.00,313405.00,Efectivo,2.0
1016,PED001016,2026-01-06 10:48:44,CLI00029,Bogotá D.C.,Aplicación móvil,,Electrodomésticos,Horno microondas,1,579900.00,0.00,579900.00,0.00,579900.00,Billetera digital,2.0
1017,PED001017,2026-05-23 15:47:23,CLI01073,Barranquilla,Página web,,Tecnología,Monitor 24 pulgadas,1,713900.00,5.00,713900.00,35695.00,678205.00,PSE,
1018,PED001018,2026-05-04 00:09:15,CLI01508,Pereira,Página web,,Hogar,Aspiradora vertical,2,489900.00,0.00,979800.00,0.00,979800.00,Tarjeta débito,4.0
1019,PED001019,2026-04-27 18:11:44,CLI00740,Bucaramanga,Aplicación móvil,,Oficina,Impresora multifuncional,1,849900.00,5.00,849900.00,42495.00,807405.00,Billetera digital,
1020,PED001020,2026-02-24 09:56:28,CLI01836,Bogotá D.C.,Tienda física,BOG-02,Hogar,Organizador modular,1,119900.00,15.00,119900.00,17985.00,101915.00,Tarjeta crédito,5.0
1021,PED001021,2026-05-15 11:25:02,CLI01221,Pereira,Tienda física,PEI-01,Oficina,Escritorio ajustable,1,1223900.00,0.00,1223900.00,0.00,1223900.00,Tarjeta crédito,
1022,PED001022,2026-04-24 12:30:49,CLI01784,Barranquilla,Tienda física,BAQ-01,Deportes,Balón fútbol,1,119900.00,10.00,119900.00,11990.00,107910.00,Tarjeta débito,5.0
1023,PED001023,2026-05-09 06:04:53,CLI01066,Medellín,Página web,,Tecnología,Teclado mecánico,1,229900.00,5.00,229900.00,11495.00,218405.00,Tarjeta crédito,
1024,PED001024,2026-06-08 13:46:31,CLI01899,Barranquilla,Aplicación móvil,,Hogar,Purificador de aire,3,799900.00,0.00,2399700.00,0.00,2399700.00,Billetera digital,
1025,PED001025,2026-04-17 01:51:03,CLI01004,Bucaramanga,Aplicación móvil,,Oficina,Archivador metálico,1,459900.00,10.00,459900.00,45990.00,413910.00,Tarjeta crédito,5.0
1026,PED001026,2026-02-05 12:30:58,CLI01528,Bogotá D.C.,Aplicación móvil,,Deportes,Colchoneta yoga,1,89900.00,10.00,89900.00,8990.00,80910.00,PSE,
1027,PED001027,2026-02-22 12:58:44,CLI00132,Medellín,Página web,,Oficina,Base para portátil,1,109900.00,0.00,109900.00,0.00,109900.00,Tarjeta crédito,3.0
1028,PED001028,2026-02-18 01:42:26,CLI01959,Cali,Página web,,Electrodomésticos,Horno microondas,1,550900.00,10.00,550900.00,55090.00,495810.00,Tarjeta débito,5.0
1029,PED001029,2026-02-12 05:16:47,CLI01394,Medellín,Aplicación móvil,,Tecnología,Smartwatch,1,346400.00,15.00,346400.00,51960.00,294440.00,Tarjeta débito,3.0
1030,PED001030,2026-04-14 17:50:31,CLI01236,Cali,Aplicación móvil,,Tecnología,Mouse inalámbrico,1,89900.00,0.00,89900.00,0.00,89900.00,Tarjeta crédito,
1031,PED001031,2026-06-15 04:48:31,CLI00072,Bogotá D.C.,Aplicación móvil,,Electrodomésticos,Sanduchera,1,127300.00,10.00,127300.00,12730.00,114570.00,Tarjeta crédito,
1032,PED001032,2026-03-14 15:57:18,CLI02228,Medellín,Aplicación móvil,,Hogar,Juego de ollas,1,289900.00,0.00,289900.00,0.00,289900.00,Tarjeta crédito,
1033,PED001033,2026-06-22 04:58:33,CLI00081,Medellín,Aplicación móvil,,Oficina,Silla ergonómica,1,712400.00,15.00,712400.00,106860.00,605540.00,Tarjeta crédito,3.0
1034,PED001034,2026-02-01 15:21:05,CLI00230,Medellín,Tienda física,MDE-01,Hogar,Lámpara de mesa,1,127300.00,0.00,127300.00,0.00,127300.00,Tarjeta crédito,4.0
1035,PED001035,2026-05-21 01:47:10,CLI01757,Medellín,Página web,,Deportes,Balón fútbol,2,117500.00,0.00,235000.00,0.00,235000.00,PSE,
1036,PED001036,2026-02-12 02:56:57,CLI01004,Bucaramanga,Tienda física,BGA-01,Deportes,Colchoneta yoga,2,91700.00,0.00,183400.00,0.00,183400.00,Efectivo,
1037,PED001037,2026-05-02 18:35:09,CLI00477,Cali,Página web,,Oficina,Archivador metálico,1,459900.00,5.00,459900.00,22995.00,436905.00,Tarjeta débito,
1038,PED001038,2026-01-17 05:02:27,CLI00778,Bogotá D.C.,Tienda física,BOG-02,Oficina,Escritorio ajustable,2,1199900.00,10.00,2399800.00,239980.00,2159820.00,Tarjeta crédito,5.0
1039,PED001039,2026-01-28 16:56:54,CLI01882,Bogotá D.C.,Aplicación móvil,,Tecnología,Audífonos Bluetooth,4,149900.00,0.00,599600.00,0.00,599600.00,Tarjeta crédito,5.0
1040,PED001040,2026-05-06 06:23:23,CLI00603,Bucaramanga,Página web,,Tecnología,Monitor 24 pulgadas,1,664900.00,0.00,664900.00,0.00,664900.00,Tarjeta crédito,
1041,PED001041,2026-02-08 11:40:43,CLI00357,Bogotá D.C.,Aplicación móvil,,Hogar,Juego de ollas,1,289900.00,10.00,289900.00,28990.00,260910.00,Tarjeta crédito,
1042,PED001042,2026-02-05 03:40:52,CLI00661,Medellín,Aplicación móvil,,Hogar,Juego de ollas,1,289900.00,20.00,289900.00,57980.00,231920.00,Tarjeta crédito,
1043,PED001043,2026-05-26 10:00:04,CLI02340,Bogotá D.C.,Aplicación móvil,,Oficina,Impresora multifuncional,2,849900.00,15.00,1699800.00,254970.00,1444830.00,PSE,
1044,PED001044,2026-02-16 05:52:18,CLI01224,Medellín,Página web,,Oficina,Webcam Full HD,2,195900.00,5.00,391800.00,19590.00,372210.00,Tarjeta crédito,5.0
1045,PED001045,2026-06-25 14:23:44,CLI00977,Cali,Tienda física,CLO-01,Tecnología,Mouse inalámbrico,1,85400.00,0.00,85400.00,0.00,85400.00,Efectivo,
1046,PED001046,2026-04-28 15:10:50,CLI01281,Bucaramanga,Página web,,Deportes,Mancuernas ajustables,1,399900.00,0.00,399900.00,0.00,399900.00,Tarjeta crédito,5.0
1047,PED001047,2026-03-03 03:15:14,CLI01958,Cali,Página web,,Deportes,Colchoneta yoga,1,88100.00,0.00,88100.00,0.00,88100.00,Tarjeta crédito,
1048,PED001048,2026-06-07 10:32:50,CLI01591,Bogotá D.C.,Aplicación móvil,,Oficina,Archivador metálico,1,459900.00,15.00,459900.00,68985.00,390915.00,Tarjeta débito,
1049,PED001049,2026-05-09 13:48:20,CLI00582,Pereira,Página web,,Tecnología,Teclado mecánico,3,241400.00,5.00,724200.00,36210.00,687990.00,Tarjeta crédito,
1050,PED001050,2026-05-24 14:08:27,CLI00814,Medellín,Aplicación móvil,,Hogar,Aspiradora vertical,1,489900.00,0.00,489900.00,0.00,489900.00,Tarjeta débito,
1051,PED001051,2026-01-11 23:49:39,CLI00252,Barranquilla,Tienda física,BAQ-01,Hogar,Lámpara de mesa,2,132500.00,0.00,265000.00,0.00,265000.00,Tarjeta débito,5.0
1052,PED001052,2026-01-27 22:16:58,CLI00916,Cali,Página web,,Electrodomésticos,Cafetera eléctrica,1,199400.00,15.00,199400.00,29910.00,169490.00,PSE,5.0
1053,PED001053,2026-01-20 23:43:13,CLI01846,Bogotá D.C.,Página web,,Oficina,Webcam Full HD,3,199900.00,0.00,599700.00,0.00,599700.00,Tarjeta crédito,4.0
1054,PED001054,2026-01-17 11:29:28,CLI00601,Bogotá D.C.,Aplicación móvil,,Hogar,Organizador modular,1,122300.00,0.00,122300.00,0.00,122300.00,PSE,
1055,PED001055,2026-06-25 04:06:46,CLI02163,Bogotá D.C.,Tienda física,BOG-02,Tecnología,Audífonos Bluetooth,1,152900.00,0.00,152900.00,0.00,152900.00,PSE,4.0
1056,PED001056,2026-03-18 19:24:39,CLI00437,Medellín,Tienda física,MDE-01,Deportes,Bicicleta estática,2,1499900.00,0.00,2999800.00,0.00,2999800.00,Efectivo,5.0
1057,PED001057,2026-06-06 08:22:02,CLI01217,Pereira,Tienda física,PEI-01,Deportes,Balón fútbol,4,117500.00,0.00,470000.00,0.00,470000.00,Efectivo,4.0
1058,PED001058,2026-02-28 03:11:15,CLI02477,Bogotá D.C.,Página web,,Deportes,Bicicleta estática,1,1499900.00,5.00,1499900.00,74995.00,1424905.00,PSE,
1059,PED001059,2026-06-25 09:28:34,CLI01670,Bogotá D.C.,Tienda física,BOG-01,Electrodomésticos,Freidora de aire,1,449900.00,15.00,449900.00,67485.00,382415.00,Tarjeta crédito,5.0
1060,PED001060,2026-06-20 15:09:30,CLI00610,Bucaramanga,Tienda física,BGA-01,Hogar,Lámpara de mesa,1,129900.00,5.00,129900.00,6495.00,123405.00,Efectivo,1.0
1061,PED001061,2026-04-26 13:30:21,CLI00488,Bucaramanga,Tienda física,BGA-01,Oficina,Impresora multifuncional,1,892400.00,0.00,892400.00,0.00,892400.00,Efectivo,2.0
1062,PED001062,2026-03-28 15:42:25,CLI00938,Medellín,Aplicación móvil,,Tecnología,Mouse inalámbrico,1,85400.00,10.00,85400.00,8540.00,76860.00,Tarjeta crédito,4.0
1063,PED001063,2026-03-16 19:09:19,CLI00678,Barranquilla,Aplicación móvil,,Hogar,Aspiradora vertical,1,524900.00,0.00,524900.00,0.00,524900.00,PSE,4.0
1064,PED001064,2026-05-01 09:49:36,CLI01237,Barranquilla,Tienda física,BAQ-01,Electrodomésticos,Arrocera,1,161400.00,0.00,161400.00,0.00,161400.00,Tarjeta crédito,4.0
1065,PED001065,2026-01-16 12:45:30,CLI00709,Bucaramanga,Página web,,Tecnología,Audífonos Bluetooth,3,149900.00,5.00,449700.00,22485.00,427215.00,Tarjeta crédito,5.0
1066,PED001066,2026-02-13 16:46:36,CLI01715,Medellín,Página web,,Hogar,Organizador modular,2,119900.00,0.00,239800.00,0.00,239800.00,PSE,3.0
1067,PED001067,2026-04-22 08:34:46,CLI01155,Barranquilla,Tienda física,BAQ-01,Tecnología,Smartwatch,1,329900.00,10.00,329900.00,32990.00,296910.00,Tarjeta crédito,
1068,PED001068,2026-05-06 18:12:04,CLI02070,Medellín,Aplicación móvil,,Hogar,Juego de ollas,1,289900.00,0.00,289900.00,0.00,289900.00,Tarjeta débito,5.0
1069,PED001069,2026-01-24 12:07:35,CLI02119,Pereira,Página web,,Tecnología,Monitor 24 pulgadas,1,699900.00,0.00,699900.00,0.00,699900.00,PSE,5.0
1070,PED001070,2026-04-21 12:56:29,CLI01501,Barranquilla,Tienda física,BAQ-01,Electrodomésticos,Arrocera,2,178400.00,15.00,356800.00,53520.00,303280.00,Efectivo,5.0
1071,PED001071,2026-06-16 03:26:40,CLI00782,Barranquilla,Tienda física,BAQ-01,Oficina,Escritorio ajustable,1,1199900.00,0.00,1199900.00,0.00,1199900.00,Tarjeta crédito,
1072,PED001072,2026-05-02 22:14:41,CLI02093,Bucaramanga,Página web,,Tecnología,Tablet 10 pulgadas,2,881900.00,10.00,1763800.00,176380.00,1587420.00,PSE,4.0
1073,PED001073,2026-04-30 06:22:53,CLI01832,Cali,Página web,,Deportes,Bicicleta estática,1,1574900.00,0.00,1574900.00,0.00,1574900.00,Tarjeta crédito,
1074,PED001074,2026-02-05 17:47:24,CLI01841,Barranquilla,Página web,,Tecnología,Monitor 24 pulgadas,1,713900.00,15.00,713900.00,107085.00,606815.00,PSE,
1075,PED001075,2026-03-16 06:09:14,CLI02384,Medellín,Página web,,Tecnología,Monitor 24 pulgadas,1,734900.00,20.00,734900.00,146980.00,587920.00,PSE,
1076,PED001076,2026-03-27 08:12:18,CLI02645,Bogotá D.C.,Tienda física,BOG-03,Hogar,Aspiradora vertical,4,524900.00,5.00,2099600.00,104980.00,1994620.00,Tarjeta débito,
1077,PED001077,2026-03-16 02:23:40,CLI00517,Bogotá D.C.,Página web,,Tecnología,Smartwatch,2,346400.00,10.00,692800.00,69280.00,623520.00,PSE,
1078,PED001078,2026-05-03 01:25:56,CLI00298,Bogotá D.C.,Aplicación móvil,,Tecnología,Teclado mecánico,1,241400.00,0.00,241400.00,0.00,241400.00,PSE,
1079,PED001079,2026-04-29 17:29:40,CLI02154,Bogotá D.C.,Aplicación móvil,,Electrodomésticos,Arrocera,3,169900.00,10.00,509700.00,50970.00,458730.00,Tarjeta crédito,5.0
1080,PED001080,2026-05-14 13:15:39,CLI02362,Medellín,Aplicación móvil,,Deportes,Mancuernas ajustables,1,399900.00,20.00,399900.00,79980.00,319920.00,Billetera digital,4.0
1081,PED001081,2026-01-30 05:05:17,CLI01683,Bucaramanga,Aplicación móvil,,Hogar,Ventilador de torre,1,349900.00,0.00,349900.00,0.00,349900.00,Tarjeta crédito,
1082,PED001082,2026-02-01 16:18:43,CLI01961,Bogotá D.C.,Página web,,Oficina,Webcam Full HD,1,195900.00,20.00,195900.00,39180.00,156720.00,Tarjeta crédito,5.0
1083,PED001083,2026-06-24 10:04:18,CLI01671,Bogotá D.C.,Tienda física,BOG-02,Electrodomésticos,Sanduchera,1,129900.00,5.00,129900.00,6495.00,123405.00,Tarjeta débito,
1084,PED001084,2026-02-13 07:11:22,CLI00321,Pereira,Aplicación móvil,,Tecnología,Audífonos Bluetooth,1,149900.00,0.00,149900.00,0.00,149900.00,Tarjeta débito,4.0
1085,PED001085,2026-02-08 04:25:02,CLI01491,Medellín,Tienda física,MDE-01,Hogar,Ventilador de torre,1,349900.00,0.00,349900.00,0.00,349900.00,Tarjeta crédito,
1086,PED001086,2026-01-06 21:47:57,CLI00707,Bucaramanga,Tienda física,BGA-01,Hogar,Juego de ollas,1,304400.00,15.00,304400.00,45660.00,258740.00,Tarjeta crédito,4.0
1087,PED001087,2026-05-01 16:23:44,CLI00311,Bogotá D.C.,Página web,,Tecnología,Monitor 24 pulgadas,1,685900.00,5.00,685900.00,34295.00,651605.00,Tarjeta crédito,4.0
1088,PED001088,2026-06-12 23:13:52,CLI00412,Bogotá D.C.,Página web,,Electrodomésticos,Sanduchera,2,129900.00,15.00,259800.00,38970.00,220830.00,PSE,5.0
1089,PED001089,2026-04-07 09:04:09,CLI00103,Cali,Aplicación móvil,,Hogar,Juego de ollas,2,275400.00,10.00,550800.00,55080.00,495720.00,PSE,4.0
1090,PED001090,2026-02-03 23:47:54,CLI01055,Medellín,Aplicación móvil,,Hogar,Juego de ollas,1,289900.00,0.00,289900.00,0.00,289900.00,PSE,4.0
1091,PED001091,2026-01-09 17:32:47,CLI01704,Bogotá D.C.,Aplicación móvil,,Tecnología,Smartwatch,1,323300.00,0.00,323300.00,0.00,323300.00,Tarjeta crédito,4.0
1092,PED001092,2026-03-14 05:25:06,CLI02202,Bogotá D.C.,Aplicación móvil,,Tecnología,Monitor 24 pulgadas,1,699900.00,0.00,699900.00,0.00,699900.00,PSE,
1093,PED001093,2026-06-17 22:22:42,CLI01854,Bogotá D.C.,Tienda física,BOG-03,Hogar,Juego de ollas,1,275400.00,5.00,275400.00,13770.00,261630.00,Tarjeta crédito,5.0
1094,PED001094,2026-06-04 12:08:53,CLI00090,Cali,Tienda física,CLO-01,Electrodomésticos,Freidora de aire,3,427400.00,10.00,1282200.00,128220.00,1153980.00,Efectivo,4.0
1095,PED001095,2026-05-19 00:29:26,CLI01770,Cali,Aplicación móvil,,Tecnología,Teclado mecánico,1,241400.00,0.00,241400.00,0.00,241400.00,PSE,4.0
1096,PED001096,2026-03-18 23:38:19,CLI02541,Bogotá D.C.,Aplicación móvil,,Oficina,Base para portátil,1,109900.00,5.00,109900.00,5495.00,104405.00,Billetera digital,
1097,PED001097,2026-05-02 23:17:05,CLI01828,Medellín,Tienda física,MDE-01,Tecnología,Mouse inalámbrico,2,94400.00,10.00,188800.00,18880.00,169920.00,Tarjeta débito,4.0
1098,PED001098,2026-03-04 23:04:27,CLI01916,Cali,Página web,,Tecnología,Audífonos Bluetooth,1,149900.00,0.00,149900.00,0.00,149900.00,PSE,5.0
1099,PED001099,2026-03-03 10:03:26,CLI02536,Medellín,Página web,,Electrodomésticos,Cafetera eléctrica,2,189900.00,10.00,379800.00,37980.00,341820.00,PSE,5.0
1100,PED001100,2026-02-19 08:40:54,CLI01741,Bogotá D.C.,Aplicación móvil,,Oficina,Impresora multifuncional,1,892400.00,0.00,892400.00,0.00,892400.00,Tarjeta crédito,
1101,PED001101,2026-04-30 08:19:45,CLI01498,Medellín,Aplicación móvil,,Hogar,Lámpara de mesa,2,136400.00,0.00,272800.00,0.00,272800.00,Billetera digital,
1102,PED001102,2026-05-20 20:33:45,CLI00242,Bogotá D.C.,Tienda física,BOG-02,Deportes,Colchoneta yoga,1,85400.00,0.00,85400.00,0.00,85400.00,Tarjeta crédito,4.0
1103,PED001103,2026-02-02 08:15:38,CLI02232,Cali,Tienda física,CLO-02,Hogar,Ventilador de torre,1,349900.00,0.00,349900.00,0.00,349900.00,Tarjeta crédito,5.0
1104,PED001104,2026-06-16 08:09:13,CLI02152,Bogotá D.C.,Página web,,Oficina,Escritorio ajustable,1,1199900.00,5.00,1199900.00,59995.00,1139905.00,Tarjeta débito,5.0
1105,PED001105,2026-01-24 12:26:56,CLI01600,Cali,Tienda física,CLO-01,Hogar,Ventilador de torre,1,356900.00,20.00,356900.00,71380.00,285520.00,PSE,3.0
1106,PED001106,2026-05-15 07:57:02,CLI02570,Medellín,Aplicación móvil,,Oficina,Silla ergonómica,1,734900.00,0.00,734900.00,0.00,734900.00,PSE,
1107,PED001107,2026-06-16 21:14:55,CLI01681,Bucaramanga,Página web,,Tecnología,Monitor 24 pulgadas,1,713900.00,5.00,713900.00,35695.00,678205.00,PSE,4.0
1108,PED001108,2026-05-10 04:44:16,CLI02469,Medellín,Página web,,Tecnología,Smartwatch,1,346400.00,5.00,346400.00,17320.00,329080.00,Tarjeta crédito,5.0
1109,PED001109,2026-04-09 18:20:18,CLI00788,Cali,Aplicación móvil,,Oficina,Escritorio ajustable,1,1199900.00,20.00,1199900.00,239980.00,959920.00,PSE,
1110,PED001110,2026-06-06 21:15:59,CLI00762,Bogotá D.C.,Tienda física,BOG-03,Tecnología,Mouse inalámbrico,1,88100.00,0.00,88100.00,0.00,88100.00,Tarjeta crédito,5.0
1111,PED001111,2026-01-01 18:58:45,CLI01762,Bogotá D.C.,Página web,,Tecnología,Teclado mecánico,1,218400.00,0.00,218400.00,0.00,218400.00,Tarjeta crédito,5.0
1112,PED001112,2026-05-10 02:45:43,CLI00204,Cali,Aplicación móvil,,Tecnología,Smartwatch,1,313400.00,0.00,313400.00,0.00,313400.00,Tarjeta crédito,5.0
1113,PED001113,2026-02-20 01:41:55,CLI00020,Medellín,Tienda física,MDE-01,Deportes,Kit bandas elásticas,1,78300.00,0.00,78300.00,0.00,78300.00,Tarjeta débito,
1114,PED001114,2026-05-16 13:25:36,CLI02161,Pereira,Tienda física,PEI-01,Oficina,Base para portátil,1,112100.00,15.00,112100.00,16815.00,95285.00,Tarjeta débito,5.0
1115,PED001115,2026-01-07 01:55:37,CLI01087,Barranquilla,Tienda física,BAQ-01,Deportes,Mancuernas ajustables,2,399900.00,0.00,799800.00,0.00,799800.00,Efectivo,4.0
1116,PED001116,2026-02-03 07:15:14,CLI01264,Bogotá D.C.,Tienda física,BOG-03,Hogar,Juego de ollas,1,275400.00,15.00,275400.00,41310.00,234090.00,Tarjeta crédito,
1117,PED001117,2026-04-23 00:28:17,CLI01501,Pereira,Página web,,Deportes,Bicicleta estática,3,1499900.00,0.00,4499700.00,0.00,4499700.00,Tarjeta crédito,4.0
1118,PED001118,2026-02-09 06:36:07,CLI01604,Bogotá D.C.,Tienda física,BOG-01,Electrodomésticos,Freidora de aire,3,427400.00,0.00,1282200.00,0.00,1282200.00,Tarjeta crédito,5.0
1119,PED001119,2026-01-03 17:55:53,CLI02414,Barranquilla,Tienda física,BAQ-01,Tecnología,Smartwatch,1,313400.00,5.00,313400.00,15670.00,297730.00,Tarjeta crédito,4.0
1120,PED001120,2026-03-03 02:48:59,CLI01150,Bogotá D.C.,Tienda física,BOG-01,Oficina,Impresora multifuncional,1,892400.00,5.00,892400.00,44620.00,847780.00,Efectivo,5.0
1121,PED001121,2026-01-15 08:09:34,CLI01955,Medellín,Página web,,Hogar,Ventilador de torre,2,356900.00,5.00,713800.00,35690.00,678110.00,Transferencia,5.0
1122,PED001122,2026-01-15 18:39:55,CLI01090,Medellín,Aplicación móvil,,Oficina,Archivador metálico,1,482900.00,0.00,482900.00,0.00,482900.00,PSE,4.0
1123,PED001123,2026-05-19 12:54:50,CLI00244,Medellín,Página web,,Tecnología,Monitor 24 pulgadas,1,699900.00,10.00,699900.00,69990.00,629910.00,Tarjeta crédito,
1124,PED001124,2026-06-07 06:49:38,CLI01943,Cali,Aplicación móvil,,Electrodomésticos,Arrocera,1,169900.00,0.00,169900.00,0.00,169900.00,Tarjeta crédito,3.0
1125,PED001125,2026-04-06 04:37:11,CLI01932,Bucaramanga,Página web,,Oficina,Escritorio ajustable,1,1259900.00,15.00,1259900.00,188985.00,1070915.00,Tarjeta débito,
1126,PED001126,2026-06-30 00:39:52,CLI00177,Cali,Página web,,Tecnología,Tablet 10 pulgadas,1,899900.00,0.00,899900.00,0.00,899900.00,Tarjeta crédito,
1127,PED001127,2026-03-12 08:51:46,CLI00060,Bucaramanga,Página web,,Hogar,Lámpara de mesa,2,136400.00,10.00,272800.00,27280.00,245520.00,Tarjeta débito,
1128,PED001128,2026-04-02 05:55:42,CLI02261,Cali,Página web,,Deportes,Balón fútbol,1,125900.00,20.00,125900.00,25180.00,100720.00,PSE,5.0
1129,PED001129,2026-06-05 03:56:55,CLI02256,Medellín,Tienda física,MDE-01,Electrodomésticos,Arrocera,1,169900.00,0.00,169900.00,0.00,169900.00,Tarjeta crédito,
1130,PED001130,2026-01-14 22:43:26,CLI02602,Pereira,Página web,,Oficina,Silla ergonómica,1,787400.00,0.00,787400.00,0.00,787400.00,Tarjeta crédito,5.0
1131,PED001131,2026-01-12 09:09:14,CLI02451,Medellín,Aplicación móvil,,Electrodomésticos,Horno microondas,2,608900.00,5.00,1217800.00,60890.00,1156910.00,Billetera digital,4.0
1132,PED001132,2026-05-25 12:18:52,CLI00118,Bogotá D.C.,Página web,,Hogar,Ventilador de torre,1,349900.00,0.00,349900.00,0.00,349900.00,Tarjeta débito,5.0
1133,PED001133,2026-05-22 16:06:35,CLI00655,Bogotá D.C.,Página web,,Deportes,Banda caminadora,1,2243900.00,0.00,2243900.00,0.00,2243900.00,PSE,3.0
1134,PED001134,2026-06-25 05:39:25,CLI00685,Barranquilla,Página web,,Electrodomésticos,Horno microondas,1,579900.00,10.00,579900.00,57990.00,521910.00,Tarjeta crédito,4.0
1135,PED001135,2026-03-06 04:00:21,CLI00328,Bucaramanga,Tienda física,BGA-01,Oficina,Impresora multifuncional,1,866900.00,10.00,866900.00,86690.00,780210.00,Efectivo,4.0
1136,PED001136,2026-03-07 03:51:08,CLI02636,Medellín,Aplicación móvil,,Deportes,Colchoneta yoga,2,91700.00,0.00,183400.00,0.00,183400.00,Billetera digital,
1137,PED001137,2026-01-29 20:37:59,CLI00395,Bogotá D.C.,Aplicación móvil,,Deportes,Banda caminadora,1,2309900.00,20.00,2309900.00,461980.00,1847920.00,PSE,4.0
1138,PED001138,2026-03-26 13:23:26,CLI02587,Medellín,Tienda física,MDE-01,Deportes,Kit bandas elásticas,2,75900.00,10.00,151800.00,15180.00,136620.00,Efectivo,5.0
1139,PED001139,2026-02-19 21:42:59,CLI01406,Barranquilla,Aplicación móvil,,Deportes,Banda caminadora,1,2243900.00,0.00,2243900.00,0.00,2243900.00,Billetera digital,4.0
1140,PED001140,2026-02-01 16:42:48,CLI01532,Medellín,Tienda física,MDE-01,Tecnología,Mouse inalámbrico,1,91700.00,0.00,91700.00,0.00,91700.00,Tarjeta crédito,
1141,PED001141,2026-01-31 13:51:30,CLI01745,Bogotá D.C.,Página web,,Tecnología,Mouse inalámbrico,1,89900.00,10.00,89900.00,8990.00,80910.00,Tarjeta débito,5.0
1142,PED001142,2026-06-07 08:26:26,CLI00692,Cali,Aplicación móvil,,Electrodomésticos,Horno microondas,1,591500.00,5.00,591500.00,29575.00,561925.00,PSE,2.0
1143,PED001143,2026-04-21 19:26:42,CLI01493,Cali,Tienda física,CLO-02,Tecnología,Monitor 24 pulgadas,3,685900.00,5.00,2057700.00,102885.00,1954815.00,Tarjeta crédito,4.0
1144,PED001144,2026-03-18 21:26:31,CLI01451,Bogotá D.C.,Tienda física,BOG-03,Tecnología,Mouse inalámbrico,3,85400.00,0.00,256200.00,0.00,256200.00,Tarjeta crédito,3.0
1145,PED001145,2026-05-30 02:20:21,CLI01780,Barranquilla,Tienda física,BAQ-01,Electrodomésticos,Cafetera eléctrica,2,189900.00,5.00,379800.00,18990.00,360810.00,Tarjeta crédito,
1146,PED001146,2026-06-15 08:19:33,CLI00474,Cali,Aplicación móvil,,Electrodomésticos,Freidora de aire,2,440900.00,5.00,881800.00,44090.00,837710.00,PSE,4.0
1147,PED001147,2026-06-22 13:47:03,CLI01663,Bucaramanga,Tienda física,BGA-01,Electrodomésticos,Horno microondas,2,591500.00,5.00,1183000.00,59150.00,1123850.00,Tarjeta débito,3.0
1148,PED001148,2026-06-28 17:31:56,CLI00817,Barranquilla,Tienda física,BAQ-01,Tecnología,Smartwatch,1,329900.00,0.00,329900.00,0.00,329900.00,Tarjeta crédito,
1149,PED001149,2026-06-29 00:20:22,CLI01482,Cali,Página web,,Oficina,Escritorio ajustable,1,1223900.00,0.00,1223900.00,0.00,1223900.00,PSE,3.0
1150,PED001150,2026-01-07 01:06:18,CLI01150,Bogotá D.C.,Aplicación móvil,,Electrodomésticos,Freidora de aire,1,449900.00,5.00,449900.00,22495.00,427405.00,Tarjeta crédito,3.0
1151,PED001151,2026-01-10 16:03:25,CLI01272,Bogotá D.C.,Tienda física,BOG-02,Deportes,Bicicleta estática,1,1424900.00,0.00,1424900.00,0.00,1424900.00,Tarjeta débito,4.0
1152,PED001152,2026-06-05 20:50:47,CLI00031,Bogotá D.C.,Tienda física,BOG-02,Tecnología,Teclado mecánico,3,241400.00,0.00,724200.00,0.00,724200.00,Tarjeta débito,
1153,PED001153,2026-05-10 09:53:50,CLI01071,Cali,Página web,,Electrodomésticos,Cafetera eléctrica,1,186100.00,0.00,186100.00,0.00,186100.00,Tarjeta crédito,4.0
1154,PED001154,2026-02-15 19:29:02,CLI00694,Medellín,Tienda física,MDE-01,Tecnología,Smartwatch,1,346400.00,0.00,346400.00,0.00,346400.00,Tarjeta crédito,5.0
1155,PED001155,2026-04-20 14:50:49,CLI01517,Medellín,Tienda física,MDE-02,Electrodomésticos,Arrocera,1,161400.00,10.00,161400.00,16140.00,145260.00,Tarjeta débito,
1156,PED001156,2026-05-20 20:37:38,CLI01124,Pereira,Aplicación móvil,,Electrodomésticos,Freidora de aire,1,449900.00,10.00,449900.00,44990.00,404910.00,Tarjeta crédito,
1157,PED001157,2026-03-23 03:25:13,CLI02392,Bucaramanga,Página web,,Electrodomésticos,Cafetera eléctrica,1,189900.00,0.00,189900.00,0.00,189900.00,Tarjeta débito,5.0
1158,PED001158,2026-02-17 02:30:13,CLI02496,Bucaramanga,Página web,,Deportes,Balón fútbol,1,125900.00,0.00,125900.00,0.00,125900.00,Tarjeta débito,
1159,PED001159,2026-05-31 07:19:45,CLI00881,Bucaramanga,Página web,,Tecnología,Smartwatch,2,329900.00,5.00,659800.00,32990.00,626810.00,Tarjeta crédito,3.0
1160,PED001160,2026-01-10 12:48:17,CLI02396,Cali,Tienda física,CLO-02,Hogar,Lámpara de mesa,2,136400.00,10.00,272800.00,27280.00,245520.00,Efectivo,
1161,PED001161,2026-01-15 17:32:09,CLI01789,Medellín,Tienda física,MDE-01,Electrodomésticos,Horno microondas,1,550900.00,0.00,550900.00,0.00,550900.00,Tarjeta crédito,4.0
1162,PED001162,2026-03-14 14:27:41,CLI00919,Bucaramanga,Aplicación móvil,,Tecnología,Monitor 24 pulgadas,3,699900.00,5.00,2099700.00,104985.00,1994715.00,PSE,
1163,PED001163,2026-01-09 12:05:07,CLI01587,Medellín,Página web,,Deportes,Bicicleta estática,1,1469900.00,0.00,1469900.00,0.00,1469900.00,PSE,5.0
1164,PED001164,2026-05-16 00:26:28,CLI00448,Cali,Tienda física,CLO-02,Oficina,Silla ergonómica,1,749900.00,0.00,749900.00,0.00,749900.00,PSE,
1165,PED001165,2026-04-23 10:48:04,CLI00621,Bogotá D.C.,Tienda física,BOG-01,Hogar,Purificador de aire,1,815900.00,0.00,815900.00,0.00,815900.00,Tarjeta débito,
1166,PED001166,2026-02-12 08:16:11,CLI00515,Bogotá D.C.,Tienda física,BOG-03,Tecnología,Mouse inalámbrico,1,85400.00,0.00,85400.00,0.00,85400.00,Efectivo,
1167,PED001167,2026-04-04 09:17:48,CLI02345,Medellín,Página web,,Deportes,Kit bandas elásticas,1,79900.00,0.00,79900.00,0.00,79900.00,Transferencia,
1168,PED001168,2026-06-05 05:50:21,CLI01067,Barranquilla,Tienda física,BAQ-01,Deportes,Banda caminadora,2,2309900.00,20.00,4619800.00,923960.00,3695840.00,Tarjeta débito,
1169,PED001169,2026-02-24 19:22:26,CLI01235,Cali,Tienda física,CLO-02,Electrodomésticos,Freidora de aire,3,440900.00,5.00,1322700.00,66135.00,1256565.00,Efectivo,3.0
1170,PED001170,2026-05-25 17:52:25,CLI02480,Bogotá D.C.,Tienda física,BOG-02,Hogar,Purificador de aire,1,799900.00,5.00,799900.00,39995.00,759905.00,Tarjeta débito,
1171,PED001171,2026-05-09 18:40:24,CLI00601,Cali,Aplicación móvil,,Deportes,Balón fútbol,1,119900.00,5.00,119900.00,5995.00,113905.00,Billetera digital,
1172,PED001172,2026-02-28 10:43:24,CLI01521,Bogotá D.C.,Aplicación móvil,,Deportes,Balón fútbol,1,117500.00,0.00,117500.00,0.00,117500.00,PSE,4.0
1173,PED001173,2026-06-20 06:03:25,CLI02400,Bogotá D.C.,Tienda física,BOG-02,Oficina,Escritorio ajustable,1,1139900.00,0.00,1139900.00,0.00,1139900.00,Tarjeta crédito,4.0
1174,PED001174,2026-02-05 23:05:22,CLI01483,Bogotá D.C.,Página web,,Hogar,Juego de ollas,1,289900.00,5.00,289900.00,14495.00,275405.00,PSE,5.0
1175,PED001175,2026-04-22 15:58:20,CLI02330,Barranquilla,Página web,,Electrodomésticos,Cafetera eléctrica,1,180400.00,5.00,180400.00,9020.00,171380.00,Tarjeta débito,
1176,PED001176,2026-01-13 02:11:58,CLI01959,Cali,Página web,,Deportes,Mancuernas ajustables,1,419900.00,0.00,419900.00,0.00,419900.00,Tarjeta débito,4.0
1177,PED001177,2026-01-04 14:06:33,CLI02255,Bogotá D.C.,Página web,,Tecnología,Smartwatch,1,323300.00,0.00,323300.00,0.00,323300.00,PSE,5.0
1178,PED001178,2026-03-08 21:40:27,CLI00190,Bogotá D.C.,Tienda física,BOG-02,Hogar,Organizador modular,2,125900.00,10.00,251800.00,25180.00,226620.00,Efectivo,4.0
1179,PED001179,2026-06-06 10:05:36,CLI00780,Bucaramanga,Página web,,Deportes,Colchoneta yoga,1,91700.00,0.00,91700.00,0.00,91700.00,PSE,2.0
1180,PED001180,2026-01-20 12:25:42,CLI00552,Barranquilla,Aplicación móvil,,Oficina,Impresora multifuncional,2,807400.00,0.00,1614800.00,0.00,1614800.00,Billetera digital,5.0
1181,PED001181,2026-06-29 14:28:04,CLI02193,Pereira,Tienda física,PEI-01,Deportes,Colchoneta yoga,3,89900.00,0.00,269700.00,0.00,269700.00,Efectivo,4.0
1182,PED001182,2026-06-17 02:31:14,CLI00937,Bogotá D.C.,Tienda física,BOG-02,Tecnología,Audífonos Bluetooth,3,142400.00,15.00,427200.00,64080.00,363120.00,PSE,4.0
1183,PED001183,2026-05-20 18:44:35,CLI01791,Cali,Tienda física,CLO-01,Hogar,Ventilador de torre,1,349900.00,5.00,349900.00,17495.00,332405.00,Efectivo,
1184,PED001184,2026-03-12 16:27:59,CLI00692,Pereira,Tienda física,PEI-01,Tecnología,Teclado mecánico,1,234500.00,10.00,234500.00,23450.00,211050.00,Efectivo,
1185,PED001185,2026-02-23 16:23:55,CLI00787,Bogotá D.C.,Tienda física,BOG-02,Oficina,Webcam Full HD,4,195900.00,10.00,783600.00,78360.00,705240.00,Efectivo,
1186,PED001186,2026-05-26 17:37:18,CLI02666,Bogotá D.C.,Página web,,Tecnología,Smartwatch,1,346400.00,0.00,346400.00,0.00,346400.00,PSE,4.0
1187,PED001187,2026-04-28 18:52:41,CLI01853,Medellín,Aplicación móvil,,Hogar,Lámpara de mesa,1,123400.00,0.00,123400.00,0.00,123400.00,Tarjeta crédito,5.0
1188,PED001188,2026-05-17 21:10:37,CLI02190,Bogotá D.C.,Aplicación móvil,,Deportes,Colchoneta yoga,1,85400.00,0.00,85400.00,0.00,85400.00,Tarjeta crédito,5.0
1189,PED001189,2026-06-30 08:30:20,CLI01862,Cali,Página web,,Oficina,Silla ergonómica,1,787400.00,0.00,787400.00,0.00,787400.00,Tarjeta débito,5.0
1190,PED001190,2026-05-30 22:59:38,CLI01390,Bogotá D.C.,Tienda física,BOG-01,Hogar,Juego de ollas,1,289900.00,5.00,289900.00,14495.00,275405.00,Efectivo,
1191,PED001191,2026-04-20 16:39:41,CLI00703,Bogotá D.C.,Aplicación móvil,,Hogar,Ventilador de torre,1,332400.00,15.00,332400.00,49860.00,282540.00,Tarjeta débito,
1192,PED001192,2026-03-15 06:57:45,CLI01478,Bogotá D.C.,Página web,,Oficina,Silla ergonómica,1,749900.00,20.00,749900.00,149980.00,599920.00,Tarjeta débito,3.0
1193,PED001193,2026-02-03 14:34:53,CLI00696,Medellín,Aplicación móvil,,Hogar,Aspiradora vertical,1,499900.00,0.00,499900.00,0.00,499900.00,PSE,4.0
1194,PED001194,2026-03-18 14:43:42,CLI01704,Bogotá D.C.,Página web,,Electrodomésticos,Horno microondas,1,579900.00,0.00,579900.00,0.00,579900.00,PSE,4.0
1195,PED001195,2026-06-18 23:01:43,CLI01437,Medellín,Página web,,Hogar,Ventilador de torre,1,349900.00,0.00,349900.00,0.00,349900.00,Tarjeta débito,5.0
1196,PED001196,2026-06-02 12:53:29,CLI01521,Bogotá D.C.,Aplicación móvil,,Hogar,Lámpara de mesa,1,136400.00,5.00,136400.00,6820.00,129580.00,Billetera digital,5.0
1197,PED001197,2026-04-03 05:01:05,CLI01583,Medellín,Aplicación móvil,,Hogar,Organizador modular,1,119900.00,20.00,119900.00,23980.00,95920.00,PSE,2.0
1198,PED001198,2026-02-01 06:56:36,CLI00545,Bogotá D.C.,Aplicación móvil,,Tecnología,Monitor 24 pulgadas,1,713900.00,15.00,713900.00,107085.00,606815.00,Billetera digital,
1199,PED001199,2026-04-02 02:11:50,CLI02622,Pereira,Aplicación móvil,,Oficina,Escritorio ajustable,1,1175900.00,0.00,1175900.00,0.00,1175900.00,Tarjeta crédito,5.0
1200,PED001200,2026-02-02 18:51:19,CLI02159,Bogotá D.C.,Página web,,Electrodomésticos,Freidora de aire,2,449900.00,0.00,899800.00,0.00,899800.00,Tarjeta crédito,
1201,PED001201,2026-03-30 14:11:15,CLI01594,Pereira,Aplicación móvil,,Deportes,Banda caminadora,2,2199900.00,0.00,4399800.00,0.00,4399800.00,Tarjeta crédito,3.0
1202,PED001202,2026-02-07 22:15:03,CLI01606,Bogotá D.C.,Tienda física,BOG-02,Electrodomésticos,Horno microondas,1,550900.00,5.00,550900.00,27545.00,523355.00,Tarjeta crédito,5.0
1203,PED001203,2026-03-26 08:57:02,CLI02423,Medellín,Página web,,Tecnología,Audífonos Bluetooth,1,152900.00,10.00,152900.00,15290.00,137610.00,Tarjeta crédito,5.0
1204,PED001204,2026-04-26 06:45:57,CLI01378,Barranquilla,Tienda física,BAQ-01,Hogar,Purificador de aire,1,799900.00,15.00,799900.00,119985.00,679915.00,Efectivo,
1205,PED001205,2026-06-25 20:11:16,CLI00505,Medellín,Página web,,Tecnología,Smartwatch,2,336500.00,15.00,673000.00,100950.00,572050.00,PSE,5.0
1206,PED001206,2026-05-08 06:32:24,CLI01989,Barranquilla,Página web,,Oficina,Base para portátil,2,115400.00,0.00,230800.00,0.00,230800.00,PSE,
1207,PED001207,2026-04-20 01:20:31,CLI02077,Bogotá D.C.,Tienda física,BOG-02,Tecnología,Audífonos Bluetooth,2,152900.00,10.00,305800.00,30580.00,275220.00,Tarjeta débito,4.0
1208,PED001208,2026-01-05 01:43:18,CLI02459,Bogotá D.C.,Página web,,Electrodomésticos,Horno microondas,1,550900.00,0.00,550900.00,0.00,550900.00,PSE,4.0
1209,PED001209,2026-04-08 06:34:49,CLI00476,Medellín,Tienda física,MDE-02,Hogar,Juego de ollas,1,295700.00,0.00,295700.00,0.00,295700.00,Tarjeta crédito,
1210,PED001210,2026-02-20 07:48:12,CLI00067,Barranquilla,Aplicación móvil,,Electrodomésticos,Cafetera eléctrica,1,189900.00,20.00,189900.00,37980.00,151920.00,Tarjeta crédito,4.0
1211,PED001211,2026-06-15 00:03:58,CLI01323,Medellín,Tienda física,MDE-02,Hogar,Ventilador de torre,1,349900.00,0.00,349900.00,0.00,349900.00,Tarjeta débito,2.0
1212,PED001212,2026-03-08 07:41:56,CLI00417,Bogotá D.C.,Página web,,Tecnología,Teclado mecánico,1,234500.00,0.00,234500.00,0.00,234500.00,PSE,5.0
1213,PED001213,2026-02-13 10:12:52,CLI01923,Pereira,Aplicación móvil,,Electrodomésticos,Sanduchera,1,136400.00,0.00,136400.00,0.00,136400.00,Billetera digital,
1214,PED001214,2026-05-12 15:26:38,CLI02429,Bogotá D.C.,Aplicación móvil,,Tecnología,Audífonos Bluetooth,1,149900.00,5.00,149900.00,7495.00,142405.00,Tarjeta crédito,4.0
1215,PED001215,2026-01-23 14:16:42,CLI01617,Bogotá D.C.,Tienda física,BOG-03,Electrodomésticos,Arrocera,1,169900.00,10.00,169900.00,16990.00,152910.00,Tarjeta crédito,4.0
1216,PED001216,2026-01-07 16:26:00,CLI01405,Barranquilla,Aplicación móvil,,Oficina,Webcam Full HD,1,209900.00,5.00,209900.00,10495.00,199405.00,Billetera digital,
1217,PED001217,2026-06-19 07:14:49,CLI01146,Cali,Tienda física,CLO-01,Electrodomésticos,Sanduchera,2,136400.00,5.00,272800.00,13640.00,259160.00,PSE,4.0
1218,PED001218,2026-06-03 10:46:26,CLI01003,Cali,Tienda física,CLO-01,Hogar,Aspiradora vertical,3,499900.00,0.00,1499700.00,0.00,1499700.00,Efectivo,4.0
1219,PED001219,2026-06-29 15:14:41,CLI02492,Bogotá D.C.,Tienda física,BOG-03,Electrodomésticos,Freidora de aire,3,440900.00,0.00,1322700.00,0.00,1322700.00,PSE,4.0
1220,PED001220,2026-05-28 12:44:40,CLI01354,Bogotá D.C.,Página web,,Hogar,Organizador modular,1,119900.00,5.00,119900.00,5995.00,113905.00,Tarjeta crédito,5.0
1221,PED001221,2026-02-15 12:14:59,CLI02649,Pereira,Aplicación móvil,,Hogar,Organizador modular,1,119900.00,0.00,119900.00,0.00,119900.00,Tarjeta débito,5.0
1222,PED001222,2026-05-16 10:52:53,CLI01942,Pereira,Aplicación móvil,,Oficina,Silla ergonómica,3,749900.00,0.00,2249700.00,0.00,2249700.00,Billetera digital,
1223,PED001223,2026-01-02 14:44:29,CLI02669,Bogotá D.C.,Tienda física,BOG-03,Deportes,Kit bandas elásticas,1,79900.00,0.00,79900.00,0.00,79900.00,PSE,4.0
1224,PED001224,2026-01-16 20:25:38,CLI02594,Medellín,Página web,,Tecnología,Teclado mecánico,2,225300.00,10.00,450600.00,45060.00,405540.00,Tarjeta crédito,
1225,PED001225,2026-06-12 13:15:58,CLI00681,Bogotá D.C.,Tienda física,BOG-01,Electrodomésticos,Sanduchera,1,129900.00,5.00,129900.00,6495.00,123405.00,Tarjeta crédito,4.0
1226,PED001226,2026-02-15 18:10:14,CLI02211,Barranquilla,Página web,,Hogar,Lámpara de mesa,1,129900.00,0.00,129900.00,0.00,129900.00,Tarjeta crédito,5.0
1227,PED001227,2026-03-12 17:49:46,CLI01723,Pereira,Página web,,Deportes,Mancuernas ajustables,1,379900.00,0.00,379900.00,0.00,379900.00,Tarjeta crédito,4.0
1228,PED001228,2026-01-29 06:34:03,CLI00777,Bogotá D.C.,Tienda física,BOG-01,Hogar,Aspiradora vertical,1,499900.00,10.00,499900.00,49990.00,449910.00,Tarjeta crédito,3.0
1229,PED001229,2026-03-04 07:41:22,CLI02416,Pereira,Página web,,Electrodomésticos,Freidora de aire,1,449900.00,0.00,449900.00,0.00,449900.00,PSE,5.0
1230,PED001230,2026-02-15 03:55:17,CLI00161,Bogotá D.C.,Página web,,Tecnología,Audífonos Bluetooth,1,142400.00,0.00,142400.00,0.00,142400.00,Tarjeta crédito,5.0
1231,PED001231,2026-05-11 15:48:33,CLI00270,Barranquilla,Tienda física,BAQ-01,Deportes,Kit bandas elásticas,1,79900.00,0.00,79900.00,0.00,79900.00,Tarjeta débito,5.0
1232,PED001232,2026-02-10 01:03:58,CLI00749,Pereira,Tienda física,PEI-01,Hogar,Ventilador de torre,1,367400.00,10.00,367400.00,36740.00,330660.00,PSE,
1233,PED001233,2026-03-30 13:47:49,CLI01478,Cali,Página web,,Tecnología,Mouse inalámbrico,1,89900.00,15.00,89900.00,13485.00,76415.00,PSE,
1234,PED001234,2026-02-04 05:28:35,CLI01621,Bogotá D.C.,Tienda física,BOG-01,Oficina,Archivador metálico,2,459900.00,0.00,919800.00,0.00,919800.00,Tarjeta crédito,
1235,PED001235,2026-05-02 15:44:09,CLI00822,Bucaramanga,Aplicación móvil,,Tecnología,Monitor 24 pulgadas,2,699900.00,5.00,1399800.00,69990.00,1329810.00,Tarjeta débito,2.0
1236,PED001236,2026-05-10 05:22:32,CLI01145,Barranquilla,Página web,,Tecnología,Smartwatch,1,329900.00,0.00,329900.00,0.00,329900.00,Tarjeta crédito,4.0
1237,PED001237,2026-03-27 06:05:15,CLI02682,Bucaramanga,Tienda física,BGA-01,Tecnología,Audífonos Bluetooth,1,146900.00,10.00,146900.00,14690.00,132210.00,Tarjeta débito,4.0
1238,PED001238,2026-05-15 16:52:31,CLI00234,Bogotá D.C.,Tienda física,BOG-02,Electrodomésticos,Licuadora,1,239900.00,0.00,239900.00,0.00,239900.00,Tarjeta crédito,
1239,PED001239,2026-01-02 12:04:10,CLI01562,Bucaramanga,Aplicación móvil,,Tecnología,Teclado mecánico,1,241400.00,5.00,241400.00,12070.00,229330.00,Tarjeta débito,
1240,PED001240,2026-06-02 22:45:25,CLI00857,Medellín,Página web,,Hogar,Ventilador de torre,1,367400.00,0.00,367400.00,0.00,367400.00,Tarjeta débito,5.0
1241,PED001241,2026-06-28 04:09:05,CLI02616,Bogotá D.C.,Página web,,Hogar,Ventilador de torre,1,342900.00,15.00,342900.00,51435.00,291465.00,Tarjeta crédito,
1242,PED001242,2026-04-29 03:47:47,CLI02094,Bucaramanga,Tienda física,BGA-01,Electrodomésticos,Arrocera,1,169900.00,10.00,169900.00,16990.00,152910.00,Tarjeta débito,
1243,PED001243,2026-05-20 21:56:08,CLI01831,Medellín,Página web,,Electrodomésticos,Freidora de aire,2,458900.00,0.00,917800.00,0.00,917800.00,Transferencia,5.0
1244,PED001244,2026-01-20 22:31:43,CLI00180,Medellín,Página web,,Oficina,Archivador metálico,1,450700.00,10.00,450700.00,45070.00,405630.00,PSE,5.0
1245,PED001245,2026-05-01 00:03:57,CLI02027,Cali,Aplicación móvil,,Deportes,Kit bandas elásticas,1,75900.00,10.00,75900.00,7590.00,68310.00,PSE,2.0
1246,PED001246,2026-05-09 08:24:30,CLI00290,Barranquilla,Tienda física,BAQ-01,Hogar,Juego de ollas,1,284100.00,0.00,284100.00,0.00,284100.00,Efectivo,4.0
1247,PED001247,2026-06-08 13:47:39,CLI02581,Bogotá D.C.,Página web,,Oficina,Escritorio ajustable,3,1139900.00,10.00,3419700.00,341970.00,3077730.00,Tarjeta crédito,4.0
1248,PED001248,2026-05-19 12:22:32,CLI02329,Cali,Tienda física,CLO-01,Tecnología,Mouse inalámbrico,1,88100.00,10.00,88100.00,8810.00,79290.00,Efectivo,5.0
1249,PED001249,2026-03-11 08:22:42,CLI02060,Medellín,Página web,,Tecnología,Audífonos Bluetooth,1,142400.00,20.00,142400.00,28480.00,113920.00,Tarjeta crédito,5.0
1250,PED001250,2026-02-17 14:43:59,CLI00465,Bucaramanga,Aplicación móvil,,Tecnología,Monitor 24 pulgadas,1,699900.00,0.00,699900.00,0.00,699900.00,Tarjeta débito,4.0
1251,PED001251,2026-02-15 08:42:19,CLI01946,Bogotá D.C.,Página web,,Tecnología,Teclado mecánico,1,229900.00,10.00,229900.00,22990.00,206910.00,Tarjeta débito,5.0
1252,PED001252,2026-03-09 08:13:26,CLI00964,Medellín,Tienda física,MDE-01,Hogar,Lámpara de mesa,1,123400.00,10.00,123400.00,12340.00,111060.00,Efectivo,
1253,PED001253,2026-05-22 06:17:24,CLI02404,Medellín,Página web,,Deportes,Colchoneta yoga,1,89900.00,15.00,89900.00,13485.00,76415.00,PSE,
1254,PED001254,2026-05-03 00:15:26,CLI01814,Cali,Aplicación móvil,,Electrodomésticos,Licuadora,1,244700.00,0.00,244700.00,0.00,244700.00,Tarjeta crédito,
1255,PED001255,2026-02-17 07:46:57,CLI00774,Bogotá D.C.,Página web,,Oficina,Silla ergonómica,1,734900.00,5.00,734900.00,36745.00,698155.00,PSE,4.0
1256,PED001256,2026-02-12 02:43:17,CLI00091,Cali,Página web,,Tecnología,Teclado mecánico,2,229900.00,0.00,459800.00,0.00,459800.00,PSE,
1257,PED001257,2026-06-11 12:58:35,CLI00913,Pereira,Página web,,Hogar,Purificador de aire,1,799900.00,15.00,799900.00,119985.00,679915.00,PSE,
1258,PED001258,2026-03-10 21:55:46,CLI02539,Cali,Tienda física,CLO-02,Electrodomésticos,Horno microondas,2,591500.00,5.00,1183000.00,59150.00,1123850.00,Tarjeta crédito,
1259,PED001259,2026-04-18 22:40:41,CLI00930,Cali,Página web,,Tecnología,Audífonos Bluetooth,1,149900.00,0.00,149900.00,0.00,149900.00,PSE,5.0
1260,PED001260,2026-06-02 06:32:21,CLI00099,Medellín,Aplicación móvil,,Tecnología,Tablet 10 pulgadas,1,899900.00,0.00,899900.00,0.00,899900.00,PSE,
1261,PED001261,2026-03-02 23:20:48,CLI01239,Pereira,Tienda física,PEI-01,Tecnología,Mouse inalámbrico,1,89900.00,15.00,89900.00,13485.00,76415.00,PSE,3.0
1262,PED001262,2026-02-25 23:49:53,CLI02613,Bogotá D.C.,Aplicación móvil,,Electrodomésticos,Horno microondas,2,579900.00,0.00,1159800.00,0.00,1159800.00,Tarjeta crédito,5.0
1263,PED001263,2026-01-07 08:01:21,CLI02485,Bogotá D.C.,Tienda física,BOG-01,Tecnología,Smartwatch,1,346400.00,0.00,346400.00,0.00,346400.00,Efectivo,
1264,PED001264,2026-03-22 09:31:26,CLI00864,Barranquilla,Tienda física,BAQ-01,Tecnología,Mouse inalámbrico,1,85400.00,0.00,85400.00,0.00,85400.00,Efectivo,
1265,PED001265,2026-06-20 13:47:00,CLI00437,Bogotá D.C.,Tienda física,BOG-03,Electrodomésticos,Freidora de aire,2,440900.00,0.00,881800.00,0.00,881800.00,Tarjeta crédito,
1266,PED001266,2026-03-17 02:59:21,CLI02317,Bogotá D.C.,Tienda física,BOG-01,Tecnología,Audífonos Bluetooth,2,149900.00,5.00,299800.00,14990.00,284810.00,Tarjeta crédito,
1267,PED001267,2026-06-03 13:11:38,CLI00826,Pereira,Aplicación móvil,,Tecnología,Audífonos Bluetooth,1,142400.00,0.00,142400.00,0.00,142400.00,PSE,1.0
1268,PED001268,2026-06-11 04:21:38,CLI01467,Cali,Página web,,Oficina,Base para portátil,1,115400.00,15.00,115400.00,17310.00,98090.00,Transferencia,
1269,PED001269,2026-05-01 21:34:32,CLI02575,Bogotá D.C.,Tienda física,BOG-01,Tecnología,Teclado mecánico,1,234500.00,0.00,234500.00,0.00,234500.00,Efectivo,
1270,PED001270,2026-04-23 03:39:03,CLI01572,Cali,Página web,,Hogar,Juego de ollas,1,289900.00,5.00,289900.00,14495.00,275405.00,Tarjeta débito,
1271,PED001271,2026-01-23 01:05:05,CLI02425,Bogotá D.C.,Aplicación móvil,,Oficina,Escritorio ajustable,1,1199900.00,5.00,1199900.00,59995.00,1139905.00,Billetera digital,5.0
1272,PED001272,2026-06-13 12:44:29,CLI02578,Pereira,Página web,,Hogar,Juego de ollas,1,295700.00,0.00,295700.00,0.00,295700.00,Tarjeta crédito,5.0
1273,PED001273,2026-03-01 13:29:29,CLI01410,Bogotá D.C.,Página web,,Deportes,Kit bandas elásticas,3,75900.00,5.00,227700.00,11385.00,216315.00,PSE,4.0
1274,PED001274,2026-02-13 15:12:16,CLI00892,Pereira,Página web,,Electrodomésticos,Licuadora,1,244700.00,10.00,244700.00,24470.00,220230.00,Tarjeta débito,4.0
1275,PED001275,2026-06-04 22:36:11,CLI01673,Medellín,Página web,,Hogar,Aspiradora vertical,1,499900.00,0.00,499900.00,0.00,499900.00,PSE,5.0
1276,PED001276,2026-03-08 15:56:33,CLI02362,Bucaramanga,Página web,,Deportes,Mancuernas ajustables,3,399900.00,5.00,1199700.00,59985.00,1139715.00,Tarjeta crédito,4.0
1277,PED001277,2026-02-15 14:50:18,CLI01846,Bogotá D.C.,Tienda física,BOG-02,Oficina,Silla ergonómica,1,749900.00,20.00,749900.00,149980.00,599920.00,Efectivo,3.0
1278,PED001278,2026-06-21 02:39:54,CLI00910,Medellín,Aplicación móvil,,Electrodomésticos,Horno microondas,3,579900.00,0.00,1739700.00,0.00,1739700.00,Tarjeta crédito,
1279,PED001279,2026-03-24 18:26:21,CLI02021,Bogotá D.C.,Tienda física,BOG-01,Hogar,Aspiradora vertical,1,499900.00,0.00,499900.00,0.00,499900.00,Tarjeta débito,5.0
1280,PED001280,2026-01-26 08:21:03,CLI01535,Pereira,Página web,,Hogar,Lámpara de mesa,1,129900.00,0.00,129900.00,0.00,129900.00,Transferencia,4.0
1281,PED001281,2026-06-13 02:38:49,CLI02304,Medellín,Página web,,Tecnología,Mouse inalámbrico,1,89900.00,5.00,89900.00,4495.00,85405.00,Tarjeta crédito,4.0
1282,PED001282,2026-04-01 08:28:27,CLI02601,Barranquilla,Tienda física,BAQ-01,Electrodomésticos,Freidora de aire,1,440900.00,5.00,440900.00,22045.00,418855.00,Tarjeta débito,3.0
1283,PED001283,2026-04-17 17:53:41,CLI00192,Cali,Página web,,Hogar,Purificador de aire,1,783900.00,0.00,783900.00,0.00,783900.00,PSE,
1284,PED001284,2026-06-15 01:47:09,CLI00428,Bogotá D.C.,Tienda física,BOG-01,Electrodomésticos,Licuadora,1,239900.00,15.00,239900.00,35985.00,203915.00,Efectivo,4.0
1285,PED001285,2026-04-11 13:38:25,CLI00362,Barranquilla,Tienda física,BAQ-01,Tecnología,Smartwatch,1,346400.00,10.00,346400.00,34640.00,311760.00,Tarjeta crédito,
1286,PED001286,2026-06-02 06:35:16,CLI01419,Bogotá D.C.,Página web,,Oficina,Silla ergonómica,1,749900.00,0.00,749900.00,0.00,749900.00,PSE,5.0
1287,PED001287,2026-05-21 22:04:20,CLI02167,Bogotá D.C.,Página web,,Electrodomésticos,Horno microondas,3,579900.00,5.00,1739700.00,86985.00,1652715.00,Transferencia,5.0
1288,PED001288,2026-05-02 14:36:04,CLI01796,Pereira,Página web,,Oficina,Base para portátil,3,107700.00,0.00,323100.00,0.00,323100.00,PSE,2.0
1289,PED001289,2026-03-31 18:22:28,CLI01728,Bogotá D.C.,Aplicación móvil,,Electrodomésticos,Horno microondas,2,550900.00,0.00,1101800.00,0.00,1101800.00,PSE,4.0
1290,PED001290,2026-04-03 15:29:32,CLI00732,Cali,Página web,,Deportes,Kit bandas elásticas,2,81500.00,10.00,163000.00,16300.00,146700.00,PSE,5.0
1291,PED001291,2026-03-22 19:26:26,CLI01158,Bogotá D.C.,Página web,,Electrodomésticos,Arrocera,1,169900.00,0.00,169900.00,0.00,169900.00,Tarjeta débito,5.0
1292,PED001292,2026-06-10 13:05:32,CLI02277,Barranquilla,Tienda física,BAQ-01,Electrodomésticos,Licuadora,1,239900.00,10.00,239900.00,23990.00,215910.00,Tarjeta crédito,
1293,PED001293,2026-05-07 02:06:04,CLI01134,Bogotá D.C.,Tienda física,BOG-03,Electrodomésticos,Horno microondas,1,579900.00,5.00,579900.00,28995.00,550905.00,Efectivo,
1294,PED001294,2026-03-13 21:04:31,CLI02361,Barranquilla,Página web,,Hogar,Organizador modular,1,125900.00,0.00,125900.00,0.00,125900.00,Tarjeta débito,
1295,PED001295,2026-06-21 13:38:49,CLI01392,Bucaramanga,Aplicación móvil,,Electrodomésticos,Cafetera eléctrica,1,189900.00,5.00,189900.00,9495.00,180405.00,Tarjeta crédito,5.0
1296,PED001296,2026-04-24 09:40:13,CLI00771,Barranquilla,Tienda física,BAQ-01,Tecnología,Teclado mecánico,1,229900.00,5.00,229900.00,11495.00,218405.00,Tarjeta débito,5.0
1297,PED001297,2026-06-01 05:18:21,CLI02581,Bucaramanga,Página web,,Hogar,Juego de ollas,1,289900.00,10.00,289900.00,28990.00,260910.00,PSE,4.0
1298,PED001298,2026-05-26 23:33:21,CLI01677,Cali,Aplicación móvil,,Deportes,Colchoneta yoga,1,88100.00,0.00,88100.00,0.00,88100.00,PSE,5.0
1299,PED001299,2026-01-12 12:16:32,CLI00766,Bogotá D.C.,Tienda física,BOG-01,Tecnología,Monitor 24 pulgadas,1,685900.00,0.00,685900.00,0.00,685900.00,Tarjeta débito,
1300,PED001300,2026-03-18 08:22:58,CLI02101,Medellín,Tienda física,MDE-02,Electrodomésticos,Horno microondas,1,550900.00,10.00,550900.00,55090.00,495810.00,Tarjeta crédito,4.0
1301,PED001301,2026-04-30 04:57:57,CLI00642,Bogotá D.C.,Tienda física,BOG-01,Electrodomésticos,Horno microondas,1,568300.00,15.00,568300.00,85245.00,483055.00,Tarjeta crédito,
1302,PED001302,2026-01-29 04:42:37,CLI01905,Medellín,Tienda física,MDE-02,Electrodomésticos,Horno microondas,1,608900.00,0.00,608900.00,0.00,608900.00,Tarjeta débito,4.0
1303,PED001303,2026-01-05 10:38:24,CLI01169,Pereira,Aplicación móvil,,Tecnología,Smartwatch,1,313400.00,10.00,313400.00,31340.00,282060.00,Tarjeta débito,5.0
1304,PED001304,2026-06-28 18:53:03,CLI00507,Pereira,Aplicación móvil,,Electrodomésticos,Horno microondas,2,579900.00,0.00,1159800.00,0.00,1159800.00,Billetera digital,2.0
1305,PED001305,2026-06-25 01:58:08,CLI01216,Pereira,Página web,,Deportes,Bicicleta estática,1,1499900.00,20.00,1499900.00,299980.00,1199920.00,Tarjeta débito,
1306,PED001306,2026-01-15 20:02:05,CLI02357,Medellín,Página web,,Oficina,Webcam Full HD,2,195900.00,5.00,391800.00,19590.00,372210.00,Tarjeta crédito,5.0
1307,PED001307,2026-01-30 00:04:13,CLI00156,Bogotá D.C.,Tienda física,BOG-01,Electrodomésticos,Arrocera,4,169900.00,5.00,679600.00,33980.00,645620.00,Efectivo,
1308,PED001308,2026-06-27 18:27:21,CLI00319,Barranquilla,Página web,,Hogar,Organizador modular,2,113900.00,10.00,227800.00,22780.00,205020.00,Tarjeta crédito,5.0
1309,PED001309,2026-06-24 20:53:43,CLI01844,Cali,Tienda física,CLO-02,Tecnología,Mouse inalámbrico,1,89900.00,5.00,89900.00,4495.00,85405.00,PSE,3.0
1310,PED001310,2026-04-17 16:48:45,CLI00988,Pereira,Tienda física,PEI-01,Electrodomésticos,Arrocera,2,178400.00,0.00,356800.00,0.00,356800.00,Tarjeta crédito,5.0
1311,PED001311,2026-04-17 05:54:17,CLI00485,Medellín,Aplicación móvil,,Hogar,Ventilador de torre,1,342900.00,0.00,342900.00,0.00,342900.00,Tarjeta crédito,4.0
1312,PED001312,2026-03-24 22:21:55,CLI00965,Bogotá D.C.,Aplicación móvil,,Tecnología,Audífonos Bluetooth,1,149900.00,0.00,149900.00,0.00,149900.00,Tarjeta crédito,5.0
1313,PED001313,2026-03-14 10:44:11,CLI00970,Medellín,Tienda física,MDE-02,Tecnología,Tablet 10 pulgadas,3,899900.00,5.00,2699700.00,134985.00,2564715.00,Tarjeta crédito,3.0
1314,PED001314,2026-04-15 15:45:19,CLI01044,Bogotá D.C.,Aplicación móvil,,Oficina,Silla ergonómica,2,749900.00,0.00,1499800.00,0.00,1499800.00,PSE,
1315,PED001315,2026-03-08 05:00:19,CLI01736,Medellín,Aplicación móvil,,Tecnología,Mouse inalámbrico,4,88100.00,5.00,352400.00,17620.00,334780.00,Billetera digital,
1316,PED001316,2026-03-16 19:17:46,CLI01040,Medellín,Tienda física,MDE-01,Electrodomésticos,Freidora de aire,1,449900.00,0.00,449900.00,0.00,449900.00,Tarjeta débito,3.0
1317,PED001317,2026-04-16 18:24:27,CLI00277,Medellín,Página web,,Deportes,Kit bandas elásticas,1,79900.00,10.00,79900.00,7990.00,71910.00,Tarjeta crédito,
1318,PED001318,2026-04-10 09:35:35,CLI02687,Bogotá D.C.,Página web,,Hogar,Lámpara de mesa,1,136400.00,0.00,136400.00,0.00,136400.00,Tarjeta crédito,5.0
1319,PED001319,2026-02-01 15:51:16,CLI00859,Cali,Aplicación móvil,,Tecnología,Mouse inalámbrico,1,89900.00,0.00,89900.00,0.00,89900.00,PSE,2.0
1320,PED001320,2026-06-20 21:57:44,CLI02456,Bogotá D.C.,Tienda física,BOG-01,Hogar,Juego de ollas,2,304400.00,10.00,608800.00,60880.00,547920.00,Tarjeta débito,4.0
1321,PED001321,2026-04-24 03:20:33,CLI00741,Cali,Tienda física,CLO-01,Deportes,Banda caminadora,4,2199900.00,0.00,8799600.00,0.00,8799600.00,Tarjeta crédito,
1322,PED001322,2026-06-16 03:01:07,CLI01512,Barranquilla,Tienda física,BAQ-01,Tecnología,Smartwatch,1,329900.00,15.00,329900.00,49485.00,280415.00,Tarjeta crédito,
1323,PED001323,2026-04-27 06:20:19,CLI00078,Bogotá D.C.,Página web,,Tecnología,Teclado mecánico,1,234500.00,5.00,234500.00,11725.00,222775.00,Tarjeta crédito,1.0
1324,PED001324,2026-06-12 13:22:33,CLI01716,Cali,Tienda física,CLO-01,Electrodomésticos,Horno microondas,1,579900.00,5.00,579900.00,28995.00,550905.00,Tarjeta crédito,3.0
1325,PED001325,2026-02-11 13:59:35,CLI02424,Bogotá D.C.,Página web,,Electrodomésticos,Licuadora,4,239900.00,0.00,959600.00,0.00,959600.00,Tarjeta débito,
1326,PED001326,2026-01-28 07:08:25,CLI01773,Barranquilla,Tienda física,BAQ-01,Hogar,Aspiradora vertical,2,499900.00,10.00,999800.00,99980.00,899820.00,Tarjeta crédito,4.0
1327,PED001327,2026-02-13 20:09:10,CLI00562,Bogotá D.C.,Tienda física,BOG-01,Deportes,Mancuernas ajustables,1,407900.00,10.00,407900.00,40790.00,367110.00,Efectivo,
1328,PED001328,2026-02-14 19:11:58,CLI01532,Bogotá D.C.,Tienda física,BOG-03,Oficina,Escritorio ajustable,1,1223900.00,0.00,1223900.00,0.00,1223900.00,Tarjeta crédito,
1329,PED001329,2026-01-23 08:17:37,CLI01690,Barranquilla,Página web,,Oficina,Impresora multifuncional,1,832900.00,0.00,832900.00,0.00,832900.00,PSE,
1330,PED001330,2026-02-15 05:44:49,CLI02205,Bucaramanga,Tienda física,BGA-01,Electrodomésticos,Arrocera,2,166500.00,15.00,333000.00,49950.00,283050.00,Efectivo,
1331,PED001331,2026-04-18 03:05:38,CLI02297,Bogotá D.C.,Página web,,Oficina,Base para portátil,1,112100.00,5.00,112100.00,5605.00,106495.00,Tarjeta débito,5.0
1332,PED001332,2026-05-01 23:06:26,CLI02461,Barranquilla,Página web,,Oficina,Archivador metálico,1,459900.00,10.00,459900.00,45990.00,413910.00,Tarjeta crédito,
1333,PED001333,2026-06-16 01:34:14,CLI01631,Bogotá D.C.,Tienda física,BOG-03,Tecnología,Smartwatch,1,346400.00,10.00,346400.00,34640.00,311760.00,Efectivo,
1334,PED001334,2026-03-25 19:16:43,CLI02470,Pereira,Tienda física,PEI-01,Deportes,Banda caminadora,2,2309900.00,5.00,4619800.00,230990.00,4388810.00,Efectivo,3.0
1335,PED001335,2026-02-18 05:11:33,CLI01097,Bogotá D.C.,Página web,,Electrodomésticos,Freidora de aire,1,472400.00,0.00,472400.00,0.00,472400.00,Tarjeta débito,
1336,PED001336,2026-05-02 05:08:01,CLI01831,Cali,Página web,,Electrodomésticos,Horno microondas,2,608900.00,0.00,1217800.00,0.00,1217800.00,Tarjeta crédito,4.0
1337,PED001337,2026-02-28 11:46:03,CLI00319,Bogotá D.C.,Página web,,Oficina,Base para portátil,1,112100.00,0.00,112100.00,0.00,112100.00,PSE,
1338,PED001338,2026-03-30 13:29:14,CLI00927,Bucaramanga,Página web,,Oficina,Impresora multifuncional,1,849900.00,0.00,849900.00,0.00,849900.00,Tarjeta crédito,
1339,PED001339,2026-04-07 08:23:31,CLI00197,Bogotá D.C.,Tienda física,BOG-03,Deportes,Mancuernas ajustables,1,391900.00,20.00,391900.00,78380.00,313520.00,Tarjeta crédito,4.0
1340,PED001340,2026-01-29 15:32:02,CLI01525,Medellín,Tienda física,MDE-02,Tecnología,Tablet 10 pulgadas,2,944900.00,0.00,1889800.00,0.00,1889800.00,PSE,
1341,PED001341,2026-06-27 13:53:08,CLI00102,Cali,Página web,,Tecnología,Smartwatch,1,329900.00,0.00,329900.00,0.00,329900.00,PSE,3.0
1342,PED001342,2026-01-03 18:29:31,CLI02122,Medellín,Tienda física,MDE-02,Deportes,Banda caminadora,1,2309900.00,0.00,2309900.00,0.00,2309900.00,Efectivo,
1343,PED001343,2026-01-13 09:03:27,CLI00103,Bogotá D.C.,Aplicación móvil,,Hogar,Organizador modular,1,122300.00,5.00,122300.00,6115.00,116185.00,Tarjeta crédito,
1344,PED001344,2026-03-15 15:44:09,CLI02123,Bogotá D.C.,Tienda física,BOG-02,Electrodomésticos,Cafetera eléctrica,1,189900.00,5.00,189900.00,9495.00,180405.00,PSE,
1345,PED001345,2026-03-10 21:55:32,CLI01194,Bogotá D.C.,Página web,,Tecnología,Monitor 24 pulgadas,1,699900.00,10.00,699900.00,69990.00,629910.00,Tarjeta crédito,4.0
1346,PED001346,2026-05-09 17:04:24,CLI02331,Medellín,Aplicación móvil,,Oficina,Escritorio ajustable,1,1139900.00,0.00,1139900.00,0.00,1139900.00,Tarjeta débito,
1347,PED001347,2026-01-19 23:06:19,CLI00665,Barranquilla,Aplicación móvil,,Deportes,Bicicleta estática,2,1499900.00,15.00,2999800.00,449970.00,2549830.00,PSE,5.0
1348,PED001348,2026-02-14 19:30:07,CLI02444,Pereira,Página web,,Tecnología,Tablet 10 pulgadas,1,854900.00,0.00,854900.00,0.00,854900.00,Tarjeta crédito,
1349,PED001349,2026-04-11 19:27:50,CLI00569,Bogotá D.C.,Tienda física,BOG-03,Electrodomésticos,Licuadora,1,235100.00,0.00,235100.00,0.00,235100.00,Efectivo,5.0
1350,PED001350,2026-05-26 09:28:22,CLI01892,Medellín,Página web,,Deportes,Bicicleta estática,1,1499900.00,0.00,1499900.00,0.00,1499900.00,Tarjeta crédito,5.0
1351,PED001351,2026-03-07 00:28:59,CLI00544,Barranquilla,Tienda física,BAQ-01,Tecnología,Audífonos Bluetooth,1,157400.00,0.00,157400.00,0.00,157400.00,Tarjeta débito,
1352,PED001352,2026-02-06 08:15:06,CLI01712,Bucaramanga,Página web,,Electrodomésticos,Freidora de aire,4,449900.00,0.00,1799600.00,0.00,1799600.00,Tarjeta crédito,5.0
1353,PED001353,2026-05-20 04:19:00,CLI02496,Medellín,Tienda física,MDE-01,Electrodomésticos,Sanduchera,1,136400.00,0.00,136400.00,0.00,136400.00,Tarjeta débito,
1354,PED001354,2026-02-23 17:44:55,CLI00617,Bucaramanga,Tienda física,BGA-01,Hogar,Purificador de aire,1,815900.00,10.00,815900.00,81590.00,734310.00,Tarjeta crédito,4.0
1355,PED001355,2026-06-03 22:08:29,CLI00155,Bogotá D.C.,Aplicación móvil,,Oficina,Archivador metálico,1,459900.00,5.00,459900.00,22995.00,436905.00,Tarjeta débito,
1356,PED001356,2026-01-03 22:22:19,CLI00050,Bogotá D.C.,Página web,,Oficina,Archivador metálico,1,469100.00,0.00,469100.00,0.00,469100.00,Tarjeta crédito,
1357,PED001357,2026-05-14 16:11:34,CLI02089,Bogotá D.C.,Página web,,Tecnología,Monitor 24 pulgadas,1,699900.00,0.00,699900.00,0.00,699900.00,Transferencia,5.0
1358,PED001358,2026-06-22 23:21:05,CLI00400,Cali,Página web,,Tecnología,Smartwatch,2,346400.00,10.00,692800.00,69280.00,623520.00,Tarjeta crédito,
1359,PED001359,2026-05-07 04:42:05,CLI00432,Cali,Tienda física,CLO-02,Tecnología,Monitor 24 pulgadas,1,685900.00,0.00,685900.00,0.00,685900.00,Tarjeta débito,4.0
1360,PED001360,2026-04-18 06:06:52,CLI02555,Medellín,Página web,,Deportes,Kit bandas elásticas,2,75900.00,20.00,151800.00,30360.00,121440.00,Tarjeta crédito,
1361,PED001361,2026-05-25 15:47:16,CLI01768,Bogotá D.C.,Aplicación móvil,,Deportes,Kit bandas elásticas,4,83900.00,0.00,335600.00,0.00,335600.00,Billetera digital,4.0
1362,PED001362,2026-03-22 22:05:35,CLI00016,Bogotá D.C.,Tienda física,BOG-02,Deportes,Bicicleta estática,1,1424900.00,0.00,1424900.00,0.00,1424900.00,Tarjeta débito,5.0
1363,PED001363,2026-04-09 22:51:51,CLI01014,Bucaramanga,Tienda física,BGA-01,Electrodomésticos,Arrocera,1,169900.00,10.00,169900.00,16990.00,152910.00,PSE,4.0
1364,PED001364,2026-04-29 18:22:34,CLI00098,Medellín,Tienda física,MDE-01,Electrodomésticos,Cafetera eléctrica,2,186100.00,0.00,372200.00,0.00,372200.00,Tarjeta débito,
1365,PED001365,2026-03-05 10:44:25,CLI02569,Medellín,Aplicación móvil,,Deportes,Banda caminadora,1,2089900.00,0.00,2089900.00,0.00,2089900.00,Billetera digital,
1366,PED001366,2026-01-25 03:26:28,CLI00163,Bogotá D.C.,Página web,,Oficina,Archivador metálico,1,469100.00,0.00,469100.00,0.00,469100.00,PSE,
1367,PED001367,2026-01-23 05:07:22,CLI02311,Bogotá D.C.,Aplicación móvil,,Electrodomésticos,Licuadora,2,239900.00,0.00,479800.00,0.00,479800.00,Tarjeta débito,5.0
1368,PED001368,2026-02-28 02:23:19,CLI02013,Bogotá D.C.,Página web,,Deportes,Balón fútbol,2,119900.00,15.00,239800.00,35970.00,203830.00,Tarjeta débito,
1369,PED001369,2026-05-21 02:38:35,CLI01388,Bogotá D.C.,Página web,,Oficina,Archivador metálico,2,459900.00,5.00,919800.00,45990.00,873810.00,Tarjeta crédito,
1370,PED001370,2026-03-13 01:05:53,CLI01729,Bucaramanga,Aplicación móvil,,Tecnología,Tablet 10 pulgadas,2,917900.00,5.00,1835800.00,91790.00,1744010.00,PSE,4.0
1371,PED001371,2026-06-15 11:57:21,CLI00484,Cali,Aplicación móvil,,Deportes,Kit bandas elásticas,1,79900.00,0.00,79900.00,0.00,79900.00,PSE,5.0
1372,PED001372,2026-06-11 15:38:24,CLI02055,Bucaramanga,Página web,,Hogar,Aspiradora vertical,1,509900.00,0.00,509900.00,0.00,509900.00,Tarjeta débito,
1373,PED001373,2026-04-18 05:27:36,CLI01254,Bucaramanga,Aplicación móvil,,Tecnología,Mouse inalámbrico,2,89900.00,10.00,179800.00,17980.00,161820.00,Tarjeta crédito,4.0
1374,PED001374,2026-02-19 18:10:35,CLI02683,Bogotá D.C.,Aplicación móvil,,Electrodomésticos,Horno microondas,2,579900.00,0.00,1159800.00,0.00,1159800.00,Tarjeta crédito,
1375,PED001375,2026-04-26 05:05:53,CLI01588,Bucaramanga,Tienda física,BGA-01,Oficina,Escritorio ajustable,2,1175900.00,10.00,2351800.00,235180.00,2116620.00,Efectivo,
1376,PED001376,2026-05-21 18:09:12,CLI00798,Cali,Página web,,Tecnología,Mouse inalámbrico,1,91700.00,15.00,91700.00,13755.00,77945.00,PSE,
1377,PED001377,2026-06-07 00:04:57,CLI02436,Medellín,Página web,,Oficina,Impresora multifuncional,2,849900.00,5.00,1699800.00,84990.00,1614810.00,PSE,4.0
1378,PED001378,2026-06-11 13:08:25,CLI02030,Bucaramanga,Aplicación móvil,,Electrodomésticos,Horno microondas,2,550900.00,0.00,1101800.00,0.00,1101800.00,PSE,3.0
1379,PED001379,2026-02-11 05:46:58,CLI01940,Barranquilla,Tienda física,BAQ-01,Electrodomésticos,Arrocera,1,173300.00,15.00,173300.00,25995.00,147305.00,Tarjeta crédito,2.0
1380,PED001380,2026-04-26 06:02:19,CLI01086,Cali,Página web,,Electrodomésticos,Cafetera eléctrica,1,189900.00,0.00,189900.00,0.00,189900.00,Tarjeta débito,
1381,PED001381,2026-05-21 14:18:27,CLI01900,Bogotá D.C.,Aplicación móvil,,Oficina,Base para portátil,1,109900.00,0.00,109900.00,0.00,109900.00,PSE,4.0
1382,PED001382,2026-06-03 03:34:57,CLI00317,Bogotá D.C.,Tienda física,BOG-01,Hogar,Juego de ollas,1,275400.00,0.00,275400.00,0.00,275400.00,Tarjeta crédito,
1383,PED001383,2026-04-22 05:00:20,CLI01103,Cali,Aplicación móvil,,Tecnología,Mouse inalámbrico,4,91700.00,0.00,366800.00,0.00,366800.00,Tarjeta crédito,3.0
1384,PED001384,2026-06-14 23:07:43,CLI01278,Cali,Tienda física,CLO-02,Tecnología,Teclado mecánico,1,229900.00,0.00,229900.00,0.00,229900.00,Efectivo,
1385,PED001385,2026-05-27 07:45:12,CLI02361,Bogotá D.C.,Tienda física,BOG-03,Electrodomésticos,Licuadora,2,239900.00,0.00,479800.00,0.00,479800.00,Tarjeta crédito,
1386,PED001386,2026-03-23 05:28:46,CLI00639,Bogotá D.C.,Tienda física,BOG-03,Oficina,Escritorio ajustable,1,1259900.00,5.00,1259900.00,62995.00,1196905.00,Efectivo,
1387,PED001387,2026-01-21 20:41:07,CLI02507,Bogotá D.C.,Página web,,Deportes,Mancuernas ajustables,3,379900.00,0.00,1139700.00,0.00,1139700.00,Tarjeta débito,5.0
1388,PED001388,2026-03-26 00:56:44,CLI01332,Barranquilla,Tienda física,BAQ-01,Tecnología,Mouse inalámbrico,1,89900.00,10.00,89900.00,8990.00,80910.00,Tarjeta crédito,3.0
1389,PED001389,2026-03-28 16:37:47,CLI02673,Cali,Tienda física,CLO-02,Oficina,Webcam Full HD,1,209900.00,5.00,209900.00,10495.00,199405.00,Tarjeta crédito,
1390,PED001390,2026-02-15 21:49:11,CLI02489,Bucaramanga,Aplicación móvil,,Deportes,Mancuernas ajustables,1,379900.00,0.00,379900.00,0.00,379900.00,PSE,
1391,PED001391,2026-02-17 21:49:06,CLI00465,Bogotá D.C.,Tienda física,BOG-02,Deportes,Balón fútbol,1,119900.00,10.00,119900.00,11990.00,107910.00,Tarjeta débito,4.0
1392,PED001392,2026-06-05 04:46:03,CLI02635,Bucaramanga,Tienda física,BGA-01,Oficina,Impresora multifuncional,3,866900.00,0.00,2600700.00,0.00,2600700.00,Tarjeta débito,1.0
1393,PED001393,2026-02-25 02:16:24,CLI01221,Pereira,Página web,,Oficina,Base para portátil,1,109900.00,10.00,109900.00,10990.00,98910.00,Tarjeta crédito,5.0
1394,PED001394,2026-02-01 22:04:42,CLI00927,Cali,Página web,,Tecnología,Audífonos Bluetooth,1,152900.00,0.00,152900.00,0.00,152900.00,Tarjeta crédito,
1395,PED001395,2026-06-06 06:49:34,CLI00394,Barranquilla,Aplicación móvil,,Deportes,Balón fútbol,4,117500.00,0.00,470000.00,0.00,470000.00,Tarjeta crédito,
1396,PED001396,2026-06-04 09:33:53,CLI00204,Barranquilla,Aplicación móvil,,Hogar,Ventilador de torre,4,349900.00,10.00,1399600.00,139960.00,1259640.00,Tarjeta débito,5.0
1397,PED001397,2026-06-19 22:05:10,CLI02229,Bogotá D.C.,Página web,,Hogar,Organizador modular,1,125900.00,0.00,125900.00,0.00,125900.00,Tarjeta crédito,
1398,PED001398,2026-05-18 20:40:58,CLI02424,Cali,Página web,,Electrodomésticos,Licuadora,1,239900.00,5.00,239900.00,11995.00,227905.00,PSE,
1399,PED001399,2026-03-03 11:37:29,CLI02010,Bogotá D.C.,Página web,,Oficina,Impresora multifuncional,2,849900.00,0.00,1699800.00,0.00,1699800.00,PSE,4.0
1400,PED001400,2026-02-12 13:10:40,CLI02070,Medellín,Tienda física,MDE-02,Tecnología,Mouse inalámbrico,1,89900.00,0.00,89900.00,0.00,89900.00,PSE,5.0
1401,PED001401,2026-03-15 00:05:57,CLI02662,Cali,Tienda física,CLO-01,Hogar,Lámpara de mesa,1,132500.00,0.00,132500.00,0.00,132500.00,Tarjeta crédito,4.0
1402,PED001402,2026-06-26 05:22:08,CLI02441,Bogotá D.C.,Página web,,Electrodomésticos,Arrocera,1,161400.00,0.00,161400.00,0.00,161400.00,Tarjeta débito,
1403,PED001403,2026-05-06 03:36:47,CLI02616,Bucaramanga,Página web,,Deportes,Balón fútbol,1,119900.00,5.00,119900.00,5995.00,113905.00,Tarjeta débito,
1404,PED001404,2026-05-12 21:06:03,CLI01479,Medellín,Aplicación móvil,,Hogar,Ventilador de torre,2,349900.00,0.00,699800.00,0.00,699800.00,Tarjeta crédito,2.0
1405,PED001405,2026-05-08 05:03:11,CLI01106,Bogotá D.C.,Tienda física,BOG-02,Hogar,Organizador modular,1,119900.00,0.00,119900.00,0.00,119900.00,Tarjeta débito,
1406,PED001406,2026-01-08 22:47:05,CLI00778,Bogotá D.C.,Página web,,Electrodomésticos,Licuadora,4,244700.00,10.00,978800.00,97880.00,880920.00,Transferencia,5.0
1407,PED001407,2026-03-12 23:12:53,CLI02117,Medellín,Página web,,Deportes,Banda caminadora,1,2089900.00,0.00,2089900.00,0.00,2089900.00,PSE,2.0
1408,PED001408,2026-02-16 12:04:03,CLI01120,Medellín,Aplicación móvil,,Hogar,Juego de ollas,1,275400.00,0.00,275400.00,0.00,275400.00,Billetera digital,4.0
1409,PED001409,2026-04-14 22:42:13,CLI01826,Bogotá D.C.,Tienda física,BOG-02,Oficina,Webcam Full HD,2,199900.00,0.00,399800.00,0.00,399800.00,Tarjeta crédito,
1410,PED001410,2026-03-16 12:08:55,CLI00970,Cali,Aplicación móvil,,Hogar,Aspiradora vertical,2,509900.00,0.00,1019800.00,0.00,1019800.00,Billetera digital,4.0
1411,PED001411,2026-01-21 02:09:39,CLI02448,Pereira,Página web,,Electrodomésticos,Horno microondas,2,579900.00,10.00,1159800.00,115980.00,1043820.00,PSE,5.0
1412,PED001412,2026-05-04 11:20:01,CLI00385,Medellín,Aplicación móvil,,Oficina,Escritorio ajustable,1,1175900.00,0.00,1175900.00,0.00,1175900.00,Billetera digital,
1413,PED001413,2026-03-06 23:08:46,CLI01525,Cali,Aplicación móvil,,Tecnología,Smartwatch,1,329900.00,5.00,329900.00,16495.00,313405.00,Billetera digital,4.0
1414,PED001414,2026-01-08 19:21:38,CLI00211,Bogotá D.C.,Página web,,Deportes,Kit bandas elásticas,2,79900.00,10.00,159800.00,15980.00,143820.00,PSE,4.0
1415,PED001415,2026-02-20 04:46:48,CLI02194,Cali,Aplicación móvil,,Hogar,Ventilador de torre,1,342900.00,0.00,342900.00,0.00,342900.00,Tarjeta crédito,
1416,PED001416,2026-03-27 08:38:07,CLI02528,Cali,Tienda física,CLO-02,Electrodomésticos,Arrocera,3,161400.00,15.00,484200.00,72630.00,411570.00,Tarjeta débito,4.0
1417,PED001417,2026-02-21 01:01:47,CLI02000,Pereira,Aplicación móvil,,Tecnología,Monitor 24 pulgadas,1,713900.00,0.00,713900.00,0.00,713900.00,Tarjeta débito,
1418,PED001418,2026-04-30 06:48:01,CLI00339,Cali,Tienda física,CLO-01,Hogar,Organizador modular,1,125900.00,0.00,125900.00,0.00,125900.00,Tarjeta débito,3.0
1419,PED001419,2026-06-01 18:43:07,CLI01832,Bucaramanga,Página web,,Deportes,Mancuernas ajustables,1,399900.00,15.00,399900.00,59985.00,339915.00,Tarjeta débito,
1420,PED001420,2026-04-21 04:38:29,CLI02621,Cali,Tienda física,CLO-02,Electrodomésticos,Horno microondas,1,591500.00,20.00,591500.00,118300.00,473200.00,Tarjeta débito,5.0
1421,PED001421,2026-06-09 10:43:53,CLI01240,Barranquilla,Página web,,Electrodomésticos,Horno microondas,1,579900.00,5.00,579900.00,28995.00,550905.00,PSE,4.0
1422,PED001422,2026-01-14 11:29:23,CLI01249,Bucaramanga,Tienda física,BGA-01,Oficina,Escritorio ajustable,1,1175900.00,10.00,1175900.00,117590.00,1058310.00,Tarjeta débito,
1423,PED001423,2026-04-16 19:45:09,CLI00145,Cali,Aplicación móvil,,Oficina,Webcam Full HD,1,203900.00,0.00,203900.00,0.00,203900.00,Tarjeta crédito,4.0
1424,PED001424,2026-06-15 19:00:10,CLI00241,Pereira,Tienda física,PEI-01,Hogar,Ventilador de torre,2,332400.00,0.00,664800.00,0.00,664800.00,Tarjeta débito,4.0
1425,PED001425,2026-05-16 06:42:59,CLI02516,Bogotá D.C.,Aplicación móvil,,Electrodomésticos,Arrocera,3,173300.00,10.00,519900.00,51990.00,467910.00,Tarjeta crédito,5.0
1426,PED001426,2026-05-19 20:59:52,CLI00946,Pereira,Aplicación móvil,,Hogar,Organizador modular,2,119900.00,10.00,239800.00,23980.00,215820.00,Billetera digital,
1427,PED001427,2026-01-09 23:52:30,CLI00242,Bogotá D.C.,Aplicación móvil,,Deportes,Kit bandas elásticas,1,79900.00,0.00,79900.00,0.00,79900.00,Tarjeta débito,5.0
1428,PED001428,2026-06-22 16:14:59,CLI00326,Bogotá D.C.,Página web,,Deportes,Balón fútbol,1,119900.00,15.00,119900.00,17985.00,101915.00,Tarjeta crédito,4.0
1429,PED001429,2026-03-28 21:40:33,CLI01853,Bogotá D.C.,Tienda física,BOG-01,Tecnología,Monitor 24 pulgadas,1,734900.00,10.00,734900.00,73490.00,661410.00,Tarjeta débito,
1430,PED001430,2026-06-20 06:29:11,CLI01995,Medellín,Página web,,Deportes,Mancuernas ajustables,1,399900.00,0.00,399900.00,0.00,399900.00,PSE,2.0
1431,PED001431,2026-03-26 17:56:40,CLI02226,Bogotá D.C.,Aplicación móvil,,Oficina,Base para portátil,1,115400.00,0.00,115400.00,0.00,115400.00,PSE,
1432,PED001432,2026-06-05 00:46:16,CLI01503,Pereira,Página web,,Electrodomésticos,Cafetera eléctrica,1,189900.00,15.00,189900.00,28485.00,161415.00,Tarjeta crédito,
1433,PED001433,2026-02-11 11:43:02,CLI01009,Cali,Página web,,Electrodomésticos,Licuadora,1,227900.00,10.00,227900.00,22790.00,205110.00,Tarjeta crédito,
1434,PED001434,2026-01-20 20:43:11,CLI01658,Bogotá D.C.,Página web,,Electrodomésticos,Licuadora,1,251900.00,20.00,251900.00,50380.00,201520.00,Transferencia,5.0
1435,PED001435,2026-05-05 01:38:22,CLI02300,Cali,Página web,,Tecnología,Mouse inalámbrico,1,89900.00,0.00,89900.00,0.00,89900.00,PSE,4.0
1436,PED001436,2026-03-08 21:27:58,CLI00444,Bogotá D.C.,Tienda física,BOG-02,Electrodomésticos,Cafetera eléctrica,3,189900.00,10.00,569700.00,56970.00,512730.00,Tarjeta crédito,
1437,PED001437,2026-01-04 16:29:50,CLI00766,Bogotá D.C.,Aplicación móvil,,Electrodomésticos,Freidora de aire,1,427400.00,0.00,427400.00,0.00,427400.00,Billetera digital,4.0
1438,PED001438,2026-03-04 22:12:34,CLI01635,Bogotá D.C.,Tienda física,BOG-02,Oficina,Webcam Full HD,4,199900.00,15.00,799600.00,119940.00,679660.00,Efectivo,4.0
1439,PED001439,2026-06-24 23:24:25,CLI00621,Cali,Página web,,Deportes,Bicicleta estática,2,1469900.00,5.00,2939800.00,146990.00,2792810.00,Tarjeta crédito,4.0
1440,PED001440,2026-04-12 14:36:37,CLI00575,Medellín,Página web,,Hogar,Ventilador de torre,1,349900.00,10.00,349900.00,34990.00,314910.00,Tarjeta débito,2.0
1441,PED001441,2026-02-18 07:43:44,CLI00310,Bogotá D.C.,Tienda física,BOG-02,Tecnología,Mouse inalámbrico,1,89900.00,5.00,89900.00,4495.00,85405.00,Tarjeta crédito,4.0
1442,PED001442,2026-02-15 14:56:18,CLI02046,Pereira,Página web,,Electrodomésticos,Freidora de aire,3,440900.00,0.00,1322700.00,0.00,1322700.00,PSE,5.0
1443,PED001443,2026-05-03 12:48:07,CLI00951,Bucaramanga,Aplicación móvil,,Tecnología,Mouse inalámbrico,4,91700.00,15.00,366800.00,55020.00,311780.00,Billetera digital,4.0
1444,PED001444,2026-06-06 23:29:08,CLI02595,Barranquilla,Página web,,Electrodomésticos,Arrocera,1,178400.00,10.00,178400.00,17840.00,160560.00,PSE,4.0
1445,PED001445,2026-05-11 01:08:42,CLI00990,Pereira,Aplicación móvil,,Tecnología,Smartwatch,2,346400.00,0.00,692800.00,0.00,692800.00,Tarjeta crédito,
1446,PED001446,2026-03-16 16:08:32,CLI01171,Pereira,Aplicación móvil,,Oficina,Webcam Full HD,2,195900.00,15.00,391800.00,58770.00,333030.00,Billetera digital,
1447,PED001447,2026-01-01 17:51:00,CLI01566,Bogotá D.C.,Página web,,Oficina,Impresora multifuncional,1,807400.00,0.00,807400.00,0.00,807400.00,PSE,5.0
1448,PED001448,2026-01-27 13:24:23,CLI00522,Medellín,Aplicación móvil,,Hogar,Ventilador de torre,3,332400.00,0.00,997200.00,0.00,997200.00,PSE,5.0
1449,PED001449,2026-02-17 09:48:07,CLI01304,Bogotá D.C.,Aplicación móvil,,Oficina,Archivador metálico,1,482900.00,5.00,482900.00,24145.00,458755.00,Tarjeta crédito,5.0
1450,PED001450,2026-02-13 23:39:33,CLI01213,Pereira,Página web,,Electrodomésticos,Arrocera,1,178400.00,0.00,178400.00,0.00,178400.00,PSE,4.0
1451,PED001451,2026-05-27 12:54:58,CLI01278,Bogotá D.C.,Página web,,Tecnología,Teclado mecánico,1,218400.00,10.00,218400.00,21840.00,196560.00,PSE,3.0
1452,PED001452,2026-02-14 12:56:46,CLI00881,Cali,Página web,,Deportes,Mancuernas ajustables,1,399900.00,10.00,399900.00,39990.00,359910.00,PSE,
1453,PED001453,2026-01-25 16:07:46,CLI00482,Cali,Página web,,Tecnología,Tablet 10 pulgadas,1,854900.00,20.00,854900.00,170980.00,683920.00,Tarjeta débito,5.0
1454,PED001454,2026-02-21 00:58:37,CLI00403,Barranquilla,Tienda física,BAQ-01,Hogar,Lámpara de mesa,1,136400.00,0.00,136400.00,0.00,136400.00,Tarjeta crédito,
1455,PED001455,2026-05-07 06:29:55,CLI00600,Bogotá D.C.,Aplicación móvil,,Tecnología,Tablet 10 pulgadas,1,854900.00,10.00,854900.00,85490.00,769410.00,PSE,
1456,PED001456,2026-06-18 03:46:02,CLI00283,Bogotá D.C.,Aplicación móvil,,Oficina,Escritorio ajustable,2,1139900.00,15.00,2279800.00,341970.00,1937830.00,PSE,
1457,PED001457,2026-02-11 13:05:32,CLI01620,Bucaramanga,Aplicación móvil,,Tecnología,Smartwatch,1,346400.00,0.00,346400.00,0.00,346400.00,Tarjeta débito,
1458,PED001458,2026-02-27 11:27:13,CLI02144,Cali,Aplicación móvil,,Electrodomésticos,Freidora de aire,1,427400.00,5.00,427400.00,21370.00,406030.00,Billetera digital,5.0
1459,PED001459,2026-06-14 01:31:29,CLI01109,Pereira,Página web,,Electrodomésticos,Arrocera,1,161400.00,0.00,161400.00,0.00,161400.00,PSE,
1460,PED001460,2026-04-10 01:36:11,CLI01218,Cali,Aplicación móvil,,Deportes,Balón fútbol,3,122300.00,10.00,366900.00,36690.00,330210.00,Tarjeta crédito,4.0
1461,PED001461,2026-01-05 05:21:25,CLI00343,Bogotá D.C.,Tienda física,BOG-02,Electrodomésticos,Cafetera eléctrica,1,189900.00,0.00,189900.00,0.00,189900.00,Efectivo,
1462,PED001462,2026-06-05 08:32:04,CLI02093,Bucaramanga,Tienda física,BGA-01,Tecnología,Mouse inalámbrico,1,89900.00,15.00,89900.00,13485.00,76415.00,Tarjeta débito,5.0
1463,PED001463,2026-03-08 15:04:17,CLI01747,Bogotá D.C.,Aplicación móvil,,Electrodomésticos,Freidora de aire,1,458900.00,10.00,458900.00,45890.00,413010.00,Tarjeta crédito,3.0
1464,PED001464,2026-01-24 01:59:55,CLI01085,Medellín,Aplicación móvil,,Deportes,Colchoneta yoga,3,88100.00,0.00,264300.00,0.00,264300.00,Billetera digital,
1465,PED001465,2026-03-10 03:09:01,CLI00838,Bogotá D.C.,Página web,,Hogar,Organizador modular,1,119900.00,10.00,119900.00,11990.00,107910.00,Tarjeta crédito,
1466,PED001466,2026-02-26 08:46:24,CLI00723,Medellín,Aplicación móvil,,Tecnología,Audífonos Bluetooth,1,149900.00,0.00,149900.00,0.00,149900.00,Tarjeta crédito,
1467,PED001467,2026-04-15 17:59:55,CLI00145,Bucaramanga,Aplicación móvil,,Deportes,Kit bandas elásticas,1,79900.00,0.00,79900.00,0.00,79900.00,Tarjeta crédito,5.0
1468,PED001468,2026-04-18 21:22:05,CLI00395,Bogotá D.C.,Tienda física,BOG-03,Hogar,Organizador modular,1,119900.00,10.00,119900.00,11990.00,107910.00,Tarjeta crédito,4.0
1469,PED001469,2026-01-04 20:34:50,CLI01693,Cali,Página web,,Electrodomésticos,Arrocera,1,169900.00,0.00,169900.00,0.00,169900.00,Tarjeta crédito,
1470,PED001470,2026-01-24 11:22:03,CLI01806,Barranquilla,Aplicación móvil,,Tecnología,Teclado mecánico,3,218400.00,20.00,655200.00,131040.00,524160.00,Tarjeta crédito,
1471,PED001471,2026-04-01 19:16:54,CLI00811,Bucaramanga,Página web,,Electrodomésticos,Licuadora,2,244700.00,0.00,489400.00,0.00,489400.00,PSE,
1472,PED001472,2026-03-13 22:02:15,CLI01652,Bucaramanga,Tienda física,BGA-01,Tecnología,Audífonos Bluetooth,2,146900.00,5.00,293800.00,14690.00,279110.00,Efectivo,
1473,PED001473,2026-06-28 16:18:44,CLI00165,Barranquilla,Página web,,Deportes,Banda caminadora,1,2199900.00,0.00,2199900.00,0.00,2199900.00,Tarjeta crédito,2.0
1474,PED001474,2026-05-01 02:22:50,CLI01396,Cali,Página web,,Hogar,Aspiradora vertical,2,499900.00,0.00,999800.00,0.00,999800.00,PSE,5.0
1475,PED001475,2026-03-01 00:46:33,CLI00715,Bogotá D.C.,Aplicación móvil,,Oficina,Webcam Full HD,1,195900.00,10.00,195900.00,19590.00,176310.00,Tarjeta débito,
1476,PED001476,2026-06-04 23:50:58,CLI01576,Cali,Tienda física,CLO-02,Hogar,Lámpara de mesa,1,129900.00,0.00,129900.00,0.00,129900.00,Tarjeta crédito,
1477,PED001477,2026-03-22 04:44:58,CLI00635,Bucaramanga,Página web,,Tecnología,Audífonos Bluetooth,1,149900.00,0.00,149900.00,0.00,149900.00,Tarjeta crédito,
1478,PED001478,2026-03-14 04:18:16,CLI00881,Bogotá D.C.,Página web,,Oficina,Silla ergonómica,1,734900.00,0.00,734900.00,0.00,734900.00,PSE,
1479,PED001479,2026-03-02 14:25:27,CLI00424,Bogotá D.C.,Página web,,Oficina,Impresora multifuncional,1,849900.00,10.00,849900.00,84990.00,764910.00,Tarjeta crédito,4.0
1480,PED001480,2026-05-02 11:49:06,CLI01869,Cali,Página web,,Electrodomésticos,Arrocera,2,178400.00,10.00,356800.00,35680.00,321120.00,PSE,
1481,PED001481,2026-03-04 10:54:18,CLI00924,Barranquilla,Tienda física,BAQ-01,Deportes,Colchoneta yoga,2,89900.00,0.00,179800.00,0.00,179800.00,Tarjeta débito,4.0
1482,PED001482,2026-06-03 06:06:35,CLI02276,Bucaramanga,Página web,,Deportes,Bicicleta estática,1,1499900.00,5.00,1499900.00,74995.00,1424905.00,Tarjeta crédito,4.0
1483,PED001483,2026-05-09 23:52:05,CLI00101,Bogotá D.C.,Página web,,Oficina,Silla ergonómica,3,749900.00,0.00,2249700.00,0.00,2249700.00,Tarjeta crédito,3.0
1484,PED001484,2026-05-26 08:26:09,CLI01528,Cali,Tienda física,CLO-02,Deportes,Kit bandas elásticas,1,78300.00,0.00,78300.00,0.00,78300.00,Tarjeta crédito,3.0
1485,PED001485,2026-05-06 12:11:08,CLI02651,Bogotá D.C.,Página web,,Oficina,Archivador metálico,2,459900.00,15.00,919800.00,137970.00,781830.00,Tarjeta crédito,5.0
1486,PED001486,2026-01-24 05:11:26,CLI00528,Bogotá D.C.,Aplicación móvil,,Electrodomésticos,Arrocera,2,169900.00,15.00,339800.00,50970.00,288830.00,Tarjeta débito,3.0
1487,PED001487,2026-01-01 12:30:46,CLI01070,Pereira,Aplicación móvil,,Deportes,Mancuernas ajustables,1,399900.00,20.00,399900.00,79980.00,319920.00,Tarjeta crédito,
1488,PED001488,2026-02-27 04:04:42,CLI01319,Bogotá D.C.,Página web,,Deportes,Colchoneta yoga,1,94400.00,5.00,94400.00,4720.00,89680.00,Tarjeta crédito,
1489,PED001489,2026-05-18 10:22:41,CLI01056,Medellín,Aplicación móvil,,Electrodomésticos,Licuadora,2,239900.00,10.00,479800.00,47980.00,431820.00,Tarjeta crédito,
1490,PED001490,2026-01-18 06:03:28,CLI01679,Medellín,Tienda física,MDE-01,Tecnología,Tablet 10 pulgadas,2,854900.00,5.00,1709800.00,85490.00,1624310.00,PSE,4.0
1491,PED001491,2026-06-30 12:13:36,CLI00411,Medellín,Página web,,Deportes,Banda caminadora,1,2243900.00,0.00,2243900.00,0.00,2243900.00,Tarjeta crédito,4.0
1492,PED001492,2026-04-24 21:09:35,CLI01326,Medellín,Tienda física,MDE-01,Tecnología,Teclado mecánico,1,218400.00,10.00,218400.00,21840.00,196560.00,Tarjeta débito,
1493,PED001493,2026-03-12 22:30:24,CLI00830,Medellín,Tienda física,MDE-02,Tecnología,Smartwatch,1,329900.00,0.00,329900.00,0.00,329900.00,Tarjeta débito,
1494,PED001494,2026-02-21 14:10:32,CLI02188,Bucaramanga,Aplicación móvil,,Tecnología,Mouse inalámbrico,3,89900.00,0.00,269700.00,0.00,269700.00,Billetera digital,
1495,PED001495,2026-06-09 20:42:14,CLI02587,Bogotá D.C.,Página web,,Electrodomésticos,Sanduchera,1,132500.00,0.00,132500.00,0.00,132500.00,Tarjeta crédito,3.0
1496,PED001496,2026-06-19 20:26:00,CLI01718,Barranquilla,Tienda física,BAQ-01,Deportes,Balón fútbol,2,119900.00,5.00,239800.00,11990.00,227810.00,Tarjeta crédito,3.0
1497,PED001497,2026-06-09 00:04:09,CLI02131,Cali,Página web,,Oficina,Impresora multifuncional,2,849900.00,0.00,1699800.00,0.00,1699800.00,PSE,
1498,PED001498,2026-05-19 22:14:24,CLI01183,Bogotá D.C.,Página web,,Hogar,Aspiradora vertical,1,499900.00,0.00,499900.00,0.00,499900.00,Tarjeta débito,
1499,PED001499,2026-02-27 03:02:39,CLI00096,Cali,Tienda física,CLO-02,Deportes,Colchoneta yoga,1,94400.00,10.00,94400.00,9440.00,84960.00,Tarjeta crédito,
1500,PED001500,2026-05-14 12:10:43,CLI01397,Cali,Página web,,Electrodomésticos,Horno microondas,3,591500.00,10.00,1774500.00,177450.00,1597050.00,Tarjeta crédito,4.0
1501,PED001501,2026-04-02 22:23:40,CLI01375,Medellín,Aplicación móvil,,Oficina,Webcam Full HD,1,203900.00,5.00,203900.00,10195.00,193705.00,PSE,3.0
1502,PED001502,2026-06-10 08:36:33,CLI02390,Bucaramanga,Tienda física,BGA-01,Tecnología,Monitor 24 pulgadas,2,713900.00,5.00,1427800.00,71390.00,1356410.00,Tarjeta débito,
1503,PED001503,2026-04-08 07:45:14,CLI00347,Cali,Aplicación móvil,,Hogar,Juego de ollas,1,275400.00,0.00,275400.00,0.00,275400.00,Tarjeta crédito,
1504,PED001504,2026-02-09 20:12:34,CLI01467,Medellín,Tienda física,MDE-02,Hogar,Organizador modular,1,119900.00,5.00,119900.00,5995.00,113905.00,Efectivo,3.0
1505,PED001505,2026-06-05 13:52:21,CLI01188,Bogotá D.C.,Página web,,Oficina,Base para portátil,1,109900.00,5.00,109900.00,5495.00,104405.00,Tarjeta débito,5.0
1506,PED001506,2026-03-23 18:24:31,CLI01725,Cali,Tienda física,CLO-01,Deportes,Balón fútbol,2,122300.00,0.00,244600.00,0.00,244600.00,PSE,4.0
1507,PED001507,2026-04-19 09:05:51,CLI01226,Barranquilla,Página web,,Oficina,Silla ergonómica,1,749900.00,0.00,749900.00,0.00,749900.00,Tarjeta débito,5.0
1508,PED001508,2026-06-28 15:03:35,CLI02254,Medellín,Tienda física,MDE-02,Hogar,Juego de ollas,1,289900.00,0.00,289900.00,0.00,289900.00,Tarjeta crédito,3.0
1509,PED001509,2026-03-02 07:15:22,CLI01880,Cali,Página web,,Electrodomésticos,Cafetera eléctrica,2,186100.00,10.00,372200.00,37220.00,334980.00,PSE,5.0
1510,PED001510,2026-04-29 13:38:05,CLI01718,Pereira,Aplicación móvil,,Tecnología,Audífonos Bluetooth,1,157400.00,0.00,157400.00,0.00,157400.00,PSE,5.0
1511,PED001511,2026-04-02 04:17:37,CLI01442,Bogotá D.C.,Página web,,Tecnología,Monitor 24 pulgadas,1,734900.00,0.00,734900.00,0.00,734900.00,PSE,5.0
1512,PED001512,2026-06-17 19:52:09,CLI01425,Bucaramanga,Página web,,Oficina,Archivador metálico,2,482900.00,0.00,965800.00,0.00,965800.00,Tarjeta crédito,
1513,PED001513,2026-05-10 01:16:36,CLI02284,Bogotá D.C.,Aplicación móvil,,Electrodomésticos,Sanduchera,3,132500.00,0.00,397500.00,0.00,397500.00,Billetera digital,
1514,PED001514,2026-03-30 12:20:56,CLI02556,Cali,Tienda física,CLO-02,Electrodomésticos,Licuadora,1,235100.00,0.00,235100.00,0.00,235100.00,Tarjeta crédito,4.0
1515,PED001515,2026-04-13 17:39:43,CLI00354,Cali,Tienda física,CLO-02,Hogar,Aspiradora vertical,1,499900.00,10.00,499900.00,49990.00,449910.00,Tarjeta crédito,4.0
1516,PED001516,2026-02-07 22:38:55,CLI02239,Bogotá D.C.,Página web,,Hogar,Aspiradora vertical,1,499900.00,15.00,499900.00,74985.00,424915.00,PSE,
1517,PED001517,2026-01-31 09:34:02,CLI02323,Bogotá D.C.,Página web,,Tecnología,Teclado mecánico,1,218400.00,0.00,218400.00,0.00,218400.00,Tarjeta crédito,2.0
1518,PED001518,2026-05-30 02:07:19,CLI02059,Medellín,Tienda física,MDE-01,Deportes,Bicicleta estática,1,1499900.00,15.00,1499900.00,224985.00,1274915.00,Efectivo,4.0
1519,PED001519,2026-04-05 00:17:22,CLI00048,Bogotá D.C.,Tienda física,BOG-02,Oficina,Webcam Full HD,1,189900.00,0.00,189900.00,0.00,189900.00,Tarjeta crédito,5.0
1520,PED001520,2026-06-27 13:35:49,CLI02316,Bogotá D.C.,Página web,,Oficina,Escritorio ajustable,1,1199900.00,10.00,1199900.00,119990.00,1079910.00,Tarjeta crédito,
1521,PED001521,2026-04-07 22:43:42,CLI01662,Medellín,Página web,,Electrodomésticos,Arrocera,1,161400.00,15.00,161400.00,24210.00,137190.00,PSE,5.0
1522,PED001522,2026-04-05 04:44:53,CLI00402,Bucaramanga,Página web,,Hogar,Juego de ollas,2,284100.00,15.00,568200.00,85230.00,482970.00,Tarjeta crédito,5.0
1523,PED001523,2026-01-22 05:39:43,CLI01684,Bogotá D.C.,Página web,,Electrodomésticos,Freidora de aire,1,440900.00,5.00,440900.00,22045.00,418855.00,Tarjeta débito,
1524,PED001524,2026-05-12 07:27:24,CLI01730,Cali,Aplicación móvil,,Hogar,Aspiradora vertical,3,489900.00,5.00,1469700.00,73485.00,1396215.00,Tarjeta crédito,
1525,PED001525,2026-06-02 13:40:33,CLI00788,Cali,Tienda física,CLO-01,Hogar,Organizador modular,1,119900.00,0.00,119900.00,0.00,119900.00,PSE,5.0
1526,PED001526,2026-06-21 11:13:34,CLI01117,Bogotá D.C.,Tienda física,BOG-01,Tecnología,Audífonos Bluetooth,1,157400.00,0.00,157400.00,0.00,157400.00,Tarjeta crédito,5.0
1527,PED001527,2026-06-18 01:37:48,CLI01778,Bogotá D.C.,Página web,,Electrodomésticos,Licuadora,1,239900.00,10.00,239900.00,23990.00,215910.00,PSE,5.0
1528,PED001528,2026-05-03 04:08:24,CLI02426,Bogotá D.C.,Aplicación móvil,,Oficina,Webcam Full HD,1,199900.00,10.00,199900.00,19990.00,179910.00,Tarjeta crédito,
1529,PED001529,2026-03-02 19:11:56,CLI02021,Pereira,Tienda física,PEI-01,Oficina,Archivador metálico,1,482900.00,0.00,482900.00,0.00,482900.00,Efectivo,
1530,PED001530,2026-06-20 01:53:33,CLI01549,Cali,Aplicación móvil,,Oficina,Archivador metálico,2,459900.00,0.00,919800.00,0.00,919800.00,Tarjeta crédito,
1531,PED001531,2026-01-20 03:58:18,CLI00640,Bogotá D.C.,Página web,,Tecnología,Tablet 10 pulgadas,1,854900.00,10.00,854900.00,85490.00,769410.00,Tarjeta crédito,
1532,PED001532,2026-01-23 10:53:12,CLI00497,Bucaramanga,Tienda física,BGA-01,Hogar,Aspiradora vertical,1,509900.00,0.00,509900.00,0.00,509900.00,Tarjeta crédito,
1533,PED001533,2026-04-12 22:46:19,CLI01310,Bogotá D.C.,Aplicación móvil,,Deportes,Colchoneta yoga,2,89900.00,0.00,179800.00,0.00,179800.00,Tarjeta débito,5.0
1534,PED001534,2026-04-10 10:09:30,CLI01068,Cali,Página web,,Tecnología,Teclado mecánico,2,225300.00,5.00,450600.00,22530.00,428070.00,Tarjeta crédito,
1535,PED001535,2026-02-14 02:05:21,CLI00876,Bogotá D.C.,Página web,,Hogar,Juego de ollas,2,295700.00,0.00,591400.00,0.00,591400.00,PSE,4.0
1536,PED001536,2026-04-22 05:50:20,CLI01831,Bucaramanga,Tienda física,BGA-01,Electrodomésticos,Sanduchera,1,129900.00,10.00,129900.00,12990.00,116910.00,PSE,5.0
1537,PED001537,2026-01-29 04:06:32,CLI02067,Bogotá D.C.,Tienda física,BOG-02,Tecnología,Mouse inalámbrico,1,89900.00,20.00,89900.00,17980.00,71920.00,Tarjeta débito,
1538,PED001538,2026-05-23 17:57:18,CLI01378,Bogotá D.C.,Página web,,Electrodomésticos,Horno microondas,1,591500.00,15.00,591500.00,88725.00,502775.00,PSE,
1539,PED001539,2026-01-28 04:33:05,CLI00748,Barranquilla,Tienda física,BAQ-01,Deportes,Mancuernas ajustables,1,419900.00,10.00,419900.00,41990.00,377910.00,Tarjeta débito,3.0
1540,PED001540,2026-05-18 15:49:46,CLI00754,Bogotá D.C.,Página web,,Electrodomésticos,Cafetera eléctrica,1,189900.00,0.00,189900.00,0.00,189900.00,PSE,
1541,PED001541,2026-03-28 03:21:53,CLI01721,Medellín,Página web,,Electrodomésticos,Licuadora,1,239900.00,10.00,239900.00,23990.00,215910.00,PSE,4.0
1542,PED001542,2026-03-03 08:21:00,CLI01745,Bogotá D.C.,Aplicación móvil,,Oficina,Silla ergonómica,1,749900.00,0.00,749900.00,0.00,749900.00,Tarjeta débito,
1543,PED001543,2026-05-04 11:32:11,CLI00425,Medellín,Página web,,Oficina,Archivador metálico,2,459900.00,0.00,919800.00,0.00,919800.00,Tarjeta débito,
1544,PED001544,2026-06-30 01:55:14,CLI00752,Bucaramanga,Tienda física,BGA-01,Hogar,Lámpara de mesa,1,127300.00,10.00,127300.00,12730.00,114570.00,PSE,5.0
1545,PED001545,2026-01-06 18:29:31,CLI01545,Bogotá D.C.,Aplicación móvil,,Oficina,Webcam Full HD,1,209900.00,0.00,209900.00,0.00,209900.00,Tarjeta crédito,
1546,PED001546,2026-01-15 01:31:14,CLI01931,Bucaramanga,Página web,,Tecnología,Audífonos Bluetooth,1,152900.00,0.00,152900.00,0.00,152900.00,PSE,5.0
1547,PED001547,2026-06-04 17:01:42,CLI00232,Bogotá D.C.,Aplicación móvil,,Tecnología,Monitor 24 pulgadas,1,699900.00,0.00,699900.00,0.00,699900.00,Tarjeta débito,4.0
1548,PED001548,2026-01-28 16:12:36,CLI00192,Bucaramanga,Tienda física,BGA-01,Electrodomésticos,Arrocera,3,169900.00,0.00,509700.00,0.00,509700.00,Tarjeta crédito,5.0
1549,PED001549,2026-01-12 07:53:33,CLI01383,Medellín,Tienda física,MDE-02,Oficina,Silla ergonómica,1,712400.00,10.00,712400.00,71240.00,641160.00,Efectivo,5.0
1550,PED001550,2026-02-04 10:42:06,CLI00752,Bogotá D.C.,Página web,,Tecnología,Smartwatch,1,329900.00,15.00,329900.00,49485.00,280415.00,PSE,4.0
1551,PED001551,2026-03-30 10:07:51,CLI01356,Pereira,Aplicación móvil,,Electrodomésticos,Freidora de aire,1,449900.00,10.00,449900.00,44990.00,404910.00,Billetera digital,
1552,PED001552,2026-05-18 22:52:41,CLI02016,Bogotá D.C.,Tienda física,BOG-03,Deportes,Colchoneta yoga,1,89900.00,0.00,89900.00,0.00,89900.00,Tarjeta crédito,4.0
1553,PED001553,2026-02-11 18:51:31,CLI01136,Cali,Página web,,Tecnología,Monitor 24 pulgadas,1,713900.00,10.00,713900.00,71390.00,642510.00,PSE,
1554,PED001554,2026-04-02 16:46:41,CLI01500,Bogotá D.C.,Tienda física,BOG-02,Hogar,Aspiradora vertical,1,474900.00,5.00,474900.00,23745.00,451155.00,Tarjeta crédito,5.0
1555,PED001555,2026-06-18 12:39:37,CLI00611,Barranquilla,Tienda física,BAQ-01,Tecnología,Audífonos Bluetooth,1,149900.00,0.00,149900.00,0.00,149900.00,Tarjeta débito,3.0
1556,PED001556,2026-02-18 19:22:26,CLI00059,Medellín,Página web,,Electrodomésticos,Freidora de aire,2,449900.00,0.00,899800.00,0.00,899800.00,Tarjeta débito,5.0
1557,PED001557,2026-06-30 00:33:10,CLI01468,Bogotá D.C.,Aplicación móvil,,Tecnología,Audífonos Bluetooth,1,149900.00,0.00,149900.00,0.00,149900.00,Tarjeta crédito,
1558,PED001558,2026-01-24 04:36:43,CLI02148,Bucaramanga,Página web,,Hogar,Juego de ollas,1,284100.00,0.00,284100.00,0.00,284100.00,Transferencia,5.0
1559,PED001559,2026-02-03 03:52:39,CLI00413,Barranquilla,Página web,,Deportes,Colchoneta yoga,1,85400.00,0.00,85400.00,0.00,85400.00,Tarjeta débito,
1560,PED001560,2026-04-13 16:46:41,CLI00777,Medellín,Aplicación móvil,,Electrodomésticos,Sanduchera,1,129900.00,15.00,129900.00,19485.00,110415.00,Tarjeta débito,4.0
1561,PED001561,2026-01-02 23:28:59,CLI00349,Cali,Tienda física,CLO-01,Tecnología,Audífonos Bluetooth,3,149900.00,0.00,449700.00,0.00,449700.00,PSE,2.0
1562,PED001562,2026-04-02 09:18:03,CLI01404,Bucaramanga,Página web,,Electrodomésticos,Arrocera,2,166500.00,0.00,333000.00,0.00,333000.00,Tarjeta débito,4.0
1563,PED001563,2026-03-24 00:45:00,CLI01899,Cali,Tienda física,CLO-01,Electrodomésticos,Arrocera,1,178400.00,5.00,178400.00,8920.00,169480.00,Tarjeta crédito,
1564,PED001564,2026-03-10 19:41:34,CLI01938,Bogotá D.C.,Aplicación móvil,,Deportes,Kit bandas elásticas,1,79900.00,5.00,79900.00,3995.00,75905.00,Tarjeta crédito,5.0
1565,PED001565,2026-04-12 03:21:28,CLI00913,Cali,Aplicación móvil,,Oficina,Webcam Full HD,1,199900.00,20.00,199900.00,39980.00,159920.00,Tarjeta crédito,1.0
1566,PED001566,2026-06-16 19:06:19,CLI01150,Barranquilla,Aplicación móvil,,Electrodomésticos,Horno microondas,2,579900.00,15.00,1159800.00,173970.00,985830.00,Tarjeta débito,
1567,PED001567,2026-06-07 07:47:51,CLI02698,Medellín,Página web,,Oficina,Base para portátil,1,104400.00,0.00,104400.00,0.00,104400.00,PSE,
1568,PED001568,2026-03-21 11:11:10,CLI00522,Cali,Página web,,Deportes,Colchoneta yoga,1,89900.00,0.00,89900.00,0.00,89900.00,Transferencia,
1569,PED001569,2026-02-04 23:56:59,CLI00579,Cali,Tienda física,CLO-02,Tecnología,Smartwatch,2,346400.00,5.00,692800.00,34640.00,658160.00,Efectivo,4.0
1570,PED001570,2026-06-07 12:02:24,CLI01127,Medellín,Página web,,Deportes,Colchoneta yoga,2,85400.00,0.00,170800.00,0.00,170800.00,PSE,
1571,PED001571,2026-02-06 05:30:24,CLI01857,Medellín,Página web,,Tecnología,Audífonos Bluetooth,2,146900.00,0.00,293800.00,0.00,293800.00,Tarjeta débito,3.0
1572,PED001572,2026-03-26 00:28:44,CLI01232,Bogotá D.C.,Aplicación móvil,,Hogar,Purificador de aire,2,815900.00,0.00,1631800.00,0.00,1631800.00,Billetera digital,5.0
1573,PED001573,2026-05-13 04:49:00,CLI01106,Bucaramanga,Página web,,Electrodomésticos,Horno microondas,1,579900.00,20.00,579900.00,115980.00,463920.00,PSE,
1574,PED001574,2026-06-23 23:22:53,CLI02331,Barranquilla,Página web,,Deportes,Mancuernas ajustables,1,419900.00,5.00,419900.00,20995.00,398905.00,Tarjeta crédito,
1575,PED001575,2026-03-24 18:10:18,CLI01619,Bogotá D.C.,Tienda física,BOG-03,Hogar,Ventilador de torre,1,367400.00,5.00,367400.00,18370.00,349030.00,Tarjeta débito,2.0
1576,PED001576,2026-01-02 18:49:57,CLI01052,Medellín,Tienda física,MDE-02,Deportes,Kit bandas elásticas,2,79900.00,10.00,159800.00,15980.00,143820.00,Tarjeta crédito,
1577,PED001577,2026-05-20 03:06:47,CLI02031,Bogotá D.C.,Aplicación móvil,,Oficina,Impresora multifuncional,2,849900.00,5.00,1699800.00,84990.00,1614810.00,PSE,1.0
1578,PED001578,2026-05-12 21:49:31,CLI02288,Bogotá D.C.,Aplicación móvil,,Electrodomésticos,Arrocera,1,173300.00,0.00,173300.00,0.00,173300.00,Tarjeta crédito,
1579,PED001579,2026-04-28 12:39:01,CLI00609,Cali,Aplicación móvil,,Tecnología,Audífonos Bluetooth,1,152900.00,0.00,152900.00,0.00,152900.00,PSE,
1580,PED001580,2026-03-27 00:15:31,CLI01207,Bogotá D.C.,Página web,,Hogar,Lámpara de mesa,1,132500.00,20.00,132500.00,26500.00,106000.00,PSE,3.0
1581,PED001581,2026-03-09 11:42:48,CLI01862,Barranquilla,Página web,,Electrodomésticos,Licuadora,1,239900.00,5.00,239900.00,11995.00,227905.00,PSE,
1582,PED001582,2026-04-12 00:39:57,CLI02677,Cali,Página web,,Tecnología,Audífonos Bluetooth,1,157400.00,15.00,157400.00,23610.00,133790.00,Tarjeta crédito,5.0
1583,PED001583,2026-03-05 12:53:52,CLI02343,Cali,Aplicación móvil,,Tecnología,Teclado mecánico,1,225300.00,0.00,225300.00,0.00,225300.00,Tarjeta crédito,5.0
1584,PED001584,2026-02-06 16:02:11,CLI00459,Bogotá D.C.,Tienda física,BOG-02,Hogar,Ventilador de torre,1,356900.00,5.00,356900.00,17845.00,339055.00,Efectivo,
1585,PED001585,2026-02-08 20:35:28,CLI01144,Bogotá D.C.,Aplicación móvil,,Tecnología,Mouse inalámbrico,3,89900.00,10.00,269700.00,26970.00,242730.00,Tarjeta crédito,
1586,PED001586,2026-05-28 11:43:55,CLI00646,Bogotá D.C.,Tienda física,BOG-02,Oficina,Escritorio ajustable,2,1139900.00,0.00,2279800.00,0.00,2279800.00,Tarjeta crédito,
1587,PED001587,2026-02-21 02:53:50,CLI00888,Bogotá D.C.,Tienda física,BOG-03,Oficina,Webcam Full HD,1,209900.00,10.00,209900.00,20990.00,188910.00,Tarjeta débito,
1588,PED001588,2026-04-06 20:24:39,CLI02065,Cali,Página web,,Tecnología,Mouse inalámbrico,1,94400.00,20.00,94400.00,18880.00,75520.00,PSE,5.0
1589,PED001589,2026-04-11 02:36:01,CLI00559,Bogotá D.C.,Página web,,Deportes,Bicicleta estática,1,1499900.00,10.00,1499900.00,149990.00,1349910.00,Tarjeta crédito,3.0
1590,PED001590,2026-03-15 17:49:40,CLI02658,Bogotá D.C.,Página web,,Electrodomésticos,Freidora de aire,1,449900.00,5.00,449900.00,22495.00,427405.00,Tarjeta crédito,
1591,PED001591,2026-02-12 06:39:50,CLI01980,Medellín,Página web,,Hogar,Lámpara de mesa,2,127300.00,0.00,254600.00,0.00,254600.00,Tarjeta débito,5.0
1592,PED001592,2026-05-05 06:34:56,CLI00656,Cali,Tienda física,CLO-02,Oficina,Escritorio ajustable,1,1259900.00,10.00,1259900.00,125990.00,1133910.00,Efectivo,5.0
1593,PED001593,2026-01-15 23:53:16,CLI01870,Cali,Aplicación móvil,,Hogar,Organizador modular,1,119900.00,10.00,119900.00,11990.00,107910.00,Tarjeta débito,
1594,PED001594,2026-01-19 06:11:07,CLI00263,Bucaramanga,Tienda física,BGA-01,Deportes,Kit bandas elásticas,1,75900.00,5.00,75900.00,3795.00,72105.00,PSE,4.0
1595,PED001595,2026-05-13 22:50:26,CLI02571,Pereira,Tienda física,PEI-01,Oficina,Escritorio ajustable,1,1199900.00,0.00,1199900.00,0.00,1199900.00,Tarjeta crédito,5.0
1596,PED001596,2026-01-10 14:09:29,CLI00918,Pereira,Aplicación móvil,,Electrodomésticos,Cafetera eléctrica,2,186100.00,5.00,372200.00,18610.00,353590.00,Tarjeta débito,
1597,PED001597,2026-05-07 13:03:20,CLI01092,Barranquilla,Aplicación móvil,,Electrodomésticos,Horno microondas,1,579900.00,0.00,579900.00,0.00,579900.00,Tarjeta crédito,1.0
1598,PED001598,2026-06-22 23:56:36,CLI00108,Bucaramanga,Tienda física,BGA-01,Deportes,Banda caminadora,1,2199900.00,0.00,2199900.00,0.00,2199900.00,Tarjeta crédito,
1599,PED001599,2026-02-22 15:18:25,CLI01592,Bogotá D.C.,Página web,,Electrodomésticos,Cafetera eléctrica,1,199400.00,10.00,199400.00,19940.00,179460.00,PSE,1.0
1600,PED001600,2026-01-20 00:38:59,CLI00699,Bogotá D.C.,Aplicación móvil,,Electrodomésticos,Sanduchera,1,136400.00,0.00,136400.00,0.00,136400.00,PSE,5.0
1601,PED001601,2026-02-05 15:37:36,CLI00504,Bucaramanga,Página web,,Electrodomésticos,Freidora de aire,2,449900.00,10.00,899800.00,89980.00,809820.00,Tarjeta crédito,5.0
1602,PED001602,2026-02-24 14:55:22,CLI01194,Bogotá D.C.,Página web,,Electrodomésticos,Sanduchera,1,132500.00,0.00,132500.00,0.00,132500.00,PSE,3.0
1603,PED001603,2026-06-29 15:09:35,CLI01483,Bogotá D.C.,Tienda física,BOG-03,Electrodomésticos,Arrocera,1,169900.00,0.00,169900.00,0.00,169900.00,Tarjeta débito,3.0
1604,PED001604,2026-03-07 09:39:52,CLI00235,Bogotá D.C.,Aplicación móvil,,Oficina,Escritorio ajustable,1,1139900.00,5.00,1139900.00,56995.00,1082905.00,PSE,
1605,PED001605,2026-01-05 15:09:09,CLI01235,Bogotá D.C.,Tienda física,BOG-03,Deportes,Bicicleta estática,1,1469900.00,10.00,1469900.00,146990.00,1322910.00,Tarjeta débito,
1606,PED001606,2026-04-04 15:30:37,CLI01195,Cali,Página web,,Tecnología,Monitor 24 pulgadas,3,685900.00,0.00,2057700.00,0.00,2057700.00,PSE,
1607,PED001607,2026-01-03 19:24:14,CLI02131,Medellín,Página web,,Hogar,Aspiradora vertical,1,489900.00,20.00,489900.00,97980.00,391920.00,Tarjeta crédito,
1608,PED001608,2026-02-22 09:53:46,CLI00223,Medellín,Tienda física,MDE-02,Deportes,Balón fútbol,1,119900.00,5.00,119900.00,5995.00,113905.00,Tarjeta débito,5.0
1609,PED001609,2026-06-10 07:22:24,CLI01678,Bucaramanga,Aplicación móvil,,Tecnología,Smartwatch,1,336500.00,0.00,336500.00,0.00,336500.00,Tarjeta crédito,4.0
1610,PED001610,2026-01-15 06:27:45,CLI02219,Bogotá D.C.,Tienda física,BOG-01,Deportes,Balón fútbol,4,117500.00,0.00,470000.00,0.00,470000.00,Tarjeta crédito,
1611,PED001611,2026-02-07 23:34:06,CLI00579,Barranquilla,Página web,,Electrodomésticos,Arrocera,3,173300.00,10.00,519900.00,51990.00,467910.00,Tarjeta crédito,4.0
1612,PED001612,2026-02-23 03:58:24,CLI01268,Medellín,Página web,,Tecnología,Mouse inalámbrico,2,89900.00,0.00,179800.00,0.00,179800.00,Tarjeta crédito,
1613,PED001613,2026-02-15 09:07:16,CLI01138,Bogotá D.C.,Tienda física,BOG-02,Oficina,Archivador metálico,2,436900.00,0.00,873800.00,0.00,873800.00,Efectivo,
1614,PED001614,2026-01-10 15:10:47,CLI00557,Pereira,Tienda física,PEI-01,Electrodomésticos,Licuadora,2,244700.00,0.00,489400.00,0.00,489400.00,Tarjeta débito,
1615,PED001615,2026-03-06 22:37:26,CLI01307,Barranquilla,Página web,,Deportes,Banda caminadora,1,2089900.00,5.00,2089900.00,104495.00,1985405.00,Tarjeta crédito,
1616,PED001616,2026-02-07 14:26:46,CLI01846,Bucaramanga,Página web,,Oficina,Base para portátil,2,109900.00,5.00,219800.00,10990.00,208810.00,Transferencia,
1617,PED001617,2026-06-11 07:00:22,CLI01729,Cali,Página web,,Tecnología,Mouse inalámbrico,1,89900.00,10.00,89900.00,8990.00,80910.00,PSE,2.0
1618,PED001618,2026-01-10 23:56:17,CLI02538,Pereira,Página web,,Electrodomésticos,Sanduchera,1,129900.00,10.00,129900.00,12990.00,116910.00,Tarjeta crédito,5.0
1619,PED001619,2026-06-25 02:04:33,CLI01209,Cali,Página web,,Electrodomésticos,Sanduchera,1,129900.00,0.00,129900.00,0.00,129900.00,Tarjeta crédito,
1620,PED001620,2026-06-28 20:52:40,CLI01667,Cali,Tienda física,CLO-02,Tecnología,Mouse inalámbrico,1,89900.00,0.00,89900.00,0.00,89900.00,Efectivo,5.0
1621,PED001621,2026-06-09 23:37:48,CLI02148,Medellín,Página web,,Deportes,Colchoneta yoga,1,89900.00,0.00,89900.00,0.00,89900.00,PSE,
1622,PED001622,2026-04-04 11:52:09,CLI00951,Barranquilla,Página web,,Hogar,Lámpara de mesa,1,129900.00,10.00,129900.00,12990.00,116910.00,Transferencia,4.0
1623,PED001623,2026-02-25 21:26:17,CLI02607,Bucaramanga,Aplicación móvil,,Electrodomésticos,Sanduchera,2,129900.00,5.00,259800.00,12990.00,246810.00,PSE,
1624,PED001624,2026-04-03 20:50:05,CLI00347,Pereira,Aplicación móvil,,Tecnología,Teclado mecánico,2,229900.00,0.00,459800.00,0.00,459800.00,PSE,
1625,PED001625,2026-02-03 11:02:33,CLI02058,Bucaramanga,Página web,,Oficina,Impresora multifuncional,2,892400.00,5.00,1784800.00,89240.00,1695560.00,Tarjeta crédito,5.0
1626,PED001626,2026-06-06 22:26:03,CLI01773,Bogotá D.C.,Tienda física,BOG-02,Tecnología,Teclado mecánico,2,229900.00,0.00,459800.00,0.00,459800.00,Tarjeta débito,5.0
1627,PED001627,2026-01-11 10:58:25,CLI00587,Bogotá D.C.,Tienda física,BOG-02,Tecnología,Mouse inalámbrico,1,89900.00,10.00,89900.00,8990.00,80910.00,Efectivo,5.0
1628,PED001628,2026-01-02 17:50:53,CLI00700,Cali,Página web,,Tecnología,Monitor 24 pulgadas,1,699900.00,5.00,699900.00,34995.00,664905.00,Tarjeta crédito,4.0
1629,PED001629,2026-02-18 15:10:28,CLI00919,Cali,Tienda física,CLO-02,Electrodomésticos,Arrocera,1,169900.00,0.00,169900.00,0.00,169900.00,PSE,3.0
1630,PED001630,2026-05-12 19:06:38,CLI01563,Cali,Página web,,Electrodomésticos,Freidora de aire,2,458900.00,20.00,917800.00,183560.00,734240.00,Tarjeta crédito,4.0
1631,PED001631,2026-05-25 11:16:06,CLI01356,Pereira,Tienda física,PEI-01,Tecnología,Smartwatch,1,329900.00,10.00,329900.00,32990.00,296910.00,Tarjeta crédito,
1632,PED001632,2026-01-10 22:12:09,CLI01557,Pereira,Tienda física,PEI-01,Electrodomésticos,Arrocera,1,161400.00,0.00,161400.00,0.00,161400.00,Tarjeta crédito,
1633,PED001633,2026-04-30 05:49:22,CLI01705,Medellín,Aplicación móvil,,Electrodomésticos,Licuadora,1,244700.00,0.00,244700.00,0.00,244700.00,Tarjeta débito,
1634,PED001634,2026-02-12 09:23:05,CLI00530,Pereira,Página web,,Deportes,Kit bandas elásticas,1,78300.00,10.00,78300.00,7830.00,70470.00,Tarjeta crédito,5.0
1635,PED001635,2026-03-15 22:58:39,CLI02580,Bogotá D.C.,Tienda física,BOG-01,Tecnología,Teclado mecánico,1,229900.00,0.00,229900.00,0.00,229900.00,Tarjeta crédito,
1636,PED001636,2026-01-21 17:39:42,CLI01225,Cali,Aplicación móvil,,Oficina,Archivador metálico,1,459900.00,5.00,459900.00,22995.00,436905.00,Tarjeta crédito,
1637,PED001637,2026-03-10 12:39:32,CLI01381,Medellín,Página web,,Electrodomésticos,Sanduchera,1,129900.00,0.00,129900.00,0.00,129900.00,Tarjeta crédito,4.0
1638,PED001638,2026-02-23 09:44:22,CLI01106,Bogotá D.C.,Tienda física,BOG-02,Electrodomésticos,Sanduchera,1,129900.00,0.00,129900.00,0.00,129900.00,Tarjeta débito,3.0
1639,PED001639,2026-03-30 04:22:40,CLI01607,Cali,Tienda física,CLO-02,Hogar,Aspiradora vertical,1,499900.00,0.00,499900.00,0.00,499900.00,Tarjeta crédito,
1640,PED001640,2026-02-12 05:39:40,CLI00912,Bogotá D.C.,Página web,,Tecnología,Teclado mecánico,1,229900.00,5.00,229900.00,11495.00,218405.00,PSE,
1641,PED001641,2026-03-10 00:38:33,CLI00520,Pereira,Tienda física,PEI-01,Deportes,Kit bandas elásticas,1,79900.00,0.00,79900.00,0.00,79900.00,Tarjeta débito,
1642,PED001642,2026-04-30 17:32:27,CLI00342,Barranquilla,Aplicación móvil,,Tecnología,Tablet 10 pulgadas,1,899900.00,5.00,899900.00,44995.00,854905.00,Tarjeta crédito,4.0
1643,PED001643,2026-04-05 22:02:58,CLI02497,Bogotá D.C.,Página web,,Hogar,Juego de ollas,3,275400.00,10.00,826200.00,82620.00,743580.00,PSE,
1644,PED001644,2026-03-29 00:31:21,CLI00848,Bogotá D.C.,Página web,,Tecnología,Monitor 24 pulgadas,1,734900.00,5.00,734900.00,36745.00,698155.00,PSE,4.0
1645,PED001645,2026-04-05 15:05:10,CLI00059,Cali,Aplicación móvil,,Hogar,Lámpara de mesa,1,129900.00,10.00,129900.00,12990.00,116910.00,PSE,5.0
1646,PED001646,2026-05-25 16:21:09,CLI00537,Cali,Página web,,Hogar,Organizador modular,1,119900.00,10.00,119900.00,11990.00,107910.00,Tarjeta crédito,5.0
1647,PED001647,2026-02-19 08:27:26,CLI02428,Medellín,Página web,,Hogar,Purificador de aire,1,839900.00,0.00,839900.00,0.00,839900.00,Tarjeta débito,
1648,PED001648,2026-04-18 13:52:09,CLI01826,Bucaramanga,Tienda física,BGA-01,Hogar,Ventilador de torre,1,367400.00,0.00,367400.00,0.00,367400.00,Tarjeta débito,5.0
1649,PED001649,2026-03-12 16:55:23,CLI00830,Bucaramanga,Página web,,Tecnología,Audífonos Bluetooth,1,149900.00,5.00,149900.00,7495.00,142405.00,Tarjeta crédito,5.0
1650,PED001650,2026-03-24 13:12:59,CLI00708,Bogotá D.C.,Página web,,Hogar,Juego de ollas,1,289900.00,0.00,289900.00,0.00,289900.00,Tarjeta crédito,
1651,PED001651,2026-01-20 09:42:45,CLI00304,Cali,Tienda física,CLO-02,Electrodomésticos,Cafetera eléctrica,4,199400.00,15.00,797600.00,119640.00,677960.00,Efectivo,5.0
1652,PED001652,2026-04-03 21:03:36,CLI01029,Cali,Página web,,Electrodomésticos,Horno microondas,1,568300.00,0.00,568300.00,0.00,568300.00,Transferencia,
1653,PED001653,2026-06-05 23:13:11,CLI02287,Cali,Aplicación móvil,,Tecnología,Tablet 10 pulgadas,2,917900.00,0.00,1835800.00,0.00,1835800.00,PSE,
1654,PED001654,2026-01-19 02:22:36,CLI00397,Cali,Tienda física,CLO-02,Oficina,Escritorio ajustable,1,1259900.00,0.00,1259900.00,0.00,1259900.00,PSE,
1655,PED001655,2026-03-09 07:32:52,CLI01147,Barranquilla,Tienda física,BAQ-01,Hogar,Ventilador de torre,3,349900.00,15.00,1049700.00,157455.00,892245.00,Efectivo,5.0
1656,PED001656,2026-02-25 10:50:58,CLI01971,Medellín,Aplicación móvil,,Deportes,Mancuernas ajustables,1,399900.00,0.00,399900.00,0.00,399900.00,Tarjeta débito,
1657,PED001657,2026-01-09 03:18:45,CLI00507,Bogotá D.C.,Página web,,Tecnología,Tablet 10 pulgadas,1,881900.00,15.00,881900.00,132285.00,749615.00,Tarjeta débito,5.0
1658,PED001658,2026-04-30 15:38:30,CLI01778,Barranquilla,Tienda física,BAQ-01,Hogar,Lámpara de mesa,1,136400.00,0.00,136400.00,0.00,136400.00,Tarjeta débito,
1659,PED001659,2026-02-08 18:01:43,CLI02439,Bogotá D.C.,Aplicación móvil,,Tecnología,Teclado mecánico,1,229900.00,5.00,229900.00,11495.00,218405.00,PSE,3.0
1660,PED001660,2026-02-19 15:58:59,CLI00730,Bogotá D.C.,Aplicación móvil,,Deportes,Colchoneta yoga,1,91700.00,0.00,91700.00,0.00,91700.00,Tarjeta crédito,
1661,PED001661,2026-05-10 07:46:26,CLI01835,Medellín,Tienda física,MDE-02,Electrodomésticos,Arrocera,3,169900.00,0.00,509700.00,0.00,509700.00,Efectivo,
1662,PED001662,2026-05-17 15:15:48,CLI00337,Pereira,Tienda física,PEI-01,Deportes,Banda caminadora,1,2199900.00,10.00,2199900.00,219990.00,1979910.00,Efectivo,3.0
1663,PED001663,2026-04-01 18:41:19,CLI01400,Barranquilla,Tienda física,BAQ-01,Tecnología,Monitor 24 pulgadas,1,699900.00,0.00,699900.00,0.00,699900.00,Tarjeta débito,
1664,PED001664,2026-04-15 00:33:42,CLI00984,Medellín,Página web,,Hogar,Lámpara de mesa,1,136400.00,20.00,136400.00,27280.00,109120.00,Tarjeta débito,5.0
1665,PED001665,2026-01-24 09:06:02,CLI00832,Cali,Tienda física,CLO-02,Hogar,Lámpara de mesa,1,132500.00,0.00,132500.00,0.00,132500.00,Efectivo,
1666,PED001666,2026-02-03 20:00:13,CLI00987,Bucaramanga,Página web,,Hogar,Purificador de aire,1,799900.00,5.00,799900.00,39995.00,759905.00,PSE,
1667,PED001667,2026-02-09 05:17:14,CLI00764,Cali,Aplicación móvil,,Electrodomésticos,Freidora de aire,2,449900.00,5.00,899800.00,44990.00,854810.00,Tarjeta débito,
1668,PED001668,2026-01-28 11:57:50,CLI01781,Medellín,Tienda física,MDE-02,Electrodomésticos,Cafetera eléctrica,1,186100.00,0.00,186100.00,0.00,186100.00,Tarjeta crédito,3.0
1669,PED001669,2026-05-07 13:27:45,CLI00549,Bogotá D.C.,Tienda física,BOG-03,Electrodomésticos,Freidora de aire,3,449900.00,0.00,1349700.00,0.00,1349700.00,Tarjeta débito,5.0
1670,PED001670,2026-03-03 08:21:17,CLI00200,Bogotá D.C.,Página web,,Oficina,Silla ergonómica,1,749900.00,10.00,749900.00,74990.00,674910.00,Tarjeta débito,
1671,PED001671,2026-05-12 01:12:05,CLI02329,Medellín,Tienda física,MDE-01,Tecnología,Teclado mecánico,1,229900.00,0.00,229900.00,0.00,229900.00,Tarjeta débito,4.0
1672,PED001672,2026-06-03 04:18:54,CLI02339,Pereira,Tienda física,PEI-01,Hogar,Juego de ollas,2,284100.00,0.00,568200.00,0.00,568200.00,Tarjeta crédito,4.0
1673,PED001673,2026-06-16 00:47:53,CLI02481,Medellín,Aplicación móvil,,Tecnología,Mouse inalámbrico,1,94400.00,5.00,94400.00,4720.00,89680.00,Tarjeta crédito,
1674,PED001674,2026-03-15 20:53:46,CLI02192,Bucaramanga,Tienda física,BGA-01,Deportes,Banda caminadora,1,2155900.00,5.00,2155900.00,107795.00,2048105.00,Tarjeta crédito,3.0
1675,PED001675,2026-04-18 04:36:11,CLI01321,Cali,Tienda física,CLO-02,Oficina,Escritorio ajustable,2,1199900.00,5.00,2399800.00,119990.00,2279810.00,Tarjeta crédito,4.0
1676,PED001676,2026-01-06 17:46:56,CLI02240,Barranquilla,Tienda física,BAQ-01,Tecnología,Teclado mecánico,1,225300.00,10.00,225300.00,22530.00,202770.00,PSE,5.0
1677,PED001677,2026-01-28 01:06:32,CLI00104,Cali,Tienda física,CLO-01,Tecnología,Monitor 24 pulgadas,1,699900.00,0.00,699900.00,0.00,699900.00,Efectivo,3.0
1678,PED001678,2026-01-25 00:51:40,CLI00598,Bogotá D.C.,Página web,,Tecnología,Audífonos Bluetooth,1,149900.00,0.00,149900.00,0.00,149900.00,Tarjeta crédito,4.0
1679,PED001679,2026-05-09 20:51:02,CLI00737,Bogotá D.C.,Tienda física,BOG-03,Hogar,Purificador de aire,1,839900.00,0.00,839900.00,0.00,839900.00,Efectivo,4.0
1680,PED001680,2026-03-05 11:06:36,CLI00390,Medellín,Aplicación móvil,,Electrodomésticos,Arrocera,1,169900.00,10.00,169900.00,16990.00,152910.00,Billetera digital,
1681,PED001681,2026-05-28 23:55:22,CLI00979,Bogotá D.C.,Página web,,Deportes,Colchoneta yoga,1,89900.00,5.00,89900.00,4495.00,85405.00,Tarjeta crédito,5.0
1682,PED001682,2026-04-04 17:43:46,CLI01951,Medellín,Tienda física,MDE-02,Hogar,Juego de ollas,1,284100.00,0.00,284100.00,0.00,284100.00,Tarjeta débito,
1683,PED001683,2026-02-22 08:06:42,CLI00696,Bogotá D.C.,Aplicación móvil,,Tecnología,Smartwatch,1,329900.00,0.00,329900.00,0.00,329900.00,Billetera digital,3.0
1684,PED001684,2026-06-07 00:46:01,CLI02102,Bogotá D.C.,Tienda física,BOG-02,Electrodomésticos,Horno microondas,1,550900.00,0.00,550900.00,0.00,550900.00,Tarjeta crédito,
1685,PED001685,2026-02-22 13:15:05,CLI00481,Medellín,Tienda física,MDE-02,Tecnología,Monitor 24 pulgadas,1,699900.00,10.00,699900.00,69990.00,629910.00,PSE,4.0
1686,PED001686,2026-03-03 21:22:27,CLI00990,Barranquilla,Tienda física,BAQ-01,Hogar,Organizador modular,2,122300.00,15.00,244600.00,36690.00,207910.00,Efectivo,5.0
1687,PED001687,2026-06-27 16:38:09,CLI01250,Bogotá D.C.,Aplicación móvil,,Oficina,Silla ergonómica,2,749900.00,0.00,1499800.00,0.00,1499800.00,Tarjeta crédito,4.0
1688,PED001688,2026-01-26 22:29:47,CLI02566,Cali,Página web,,Oficina,Webcam Full HD,1,199900.00,15.00,199900.00,29985.00,169915.00,Tarjeta crédito,4.0
1689,PED001689,2026-03-12 00:17:36,CLI01530,Bogotá D.C.,Página web,,Hogar,Purificador de aire,1,799900.00,15.00,799900.00,119985.00,679915.00,PSE,3.0
1690,PED001690,2026-05-30 11:26:34,CLI01667,Bogotá D.C.,Tienda física,BOG-03,Tecnología,Audífonos Bluetooth,2,152900.00,0.00,305800.00,0.00,305800.00,Efectivo,3.0
1691,PED001691,2026-02-21 09:07:15,CLI00759,Medellín,Página web,,Tecnología,Audífonos Bluetooth,1,149900.00,10.00,149900.00,14990.00,134910.00,Tarjeta crédito,
1692,PED001692,2026-01-19 09:47:34,CLI02511,Bucaramanga,Página web,,Hogar,Purificador de aire,1,799900.00,10.00,799900.00,79990.00,719910.00,PSE,5.0
1693,PED001693,2026-02-07 22:38:41,CLI01685,Bogotá D.C.,Aplicación móvil,,Hogar,Purificador de aire,1,839900.00,0.00,839900.00,0.00,839900.00,Tarjeta débito,5.0
1694,PED001694,2026-01-06 10:00:42,CLI01976,Bucaramanga,Página web,,Electrodomésticos,Arrocera,1,161400.00,10.00,161400.00,16140.00,145260.00,Tarjeta crédito,
1695,PED001695,2026-02-13 15:28:21,CLI00765,Bogotá D.C.,Tienda física,BOG-03,Deportes,Balón fútbol,1,113900.00,0.00,113900.00,0.00,113900.00,Tarjeta crédito,
1696,PED001696,2026-06-04 00:33:48,CLI00823,Pereira,Aplicación móvil,,Hogar,Juego de ollas,4,284100.00,0.00,1136400.00,0.00,1136400.00,Tarjeta crédito,1.0
1697,PED001697,2026-03-06 11:00:31,CLI01314,Bogotá D.C.,Página web,,Electrodomésticos,Licuadora,1,239900.00,0.00,239900.00,0.00,239900.00,Tarjeta crédito,4.0
1698,PED001698,2026-02-18 21:16:45,CLI00118,Bucaramanga,Página web,,Tecnología,Audífonos Bluetooth,1,149900.00,15.00,149900.00,22485.00,127415.00,Tarjeta débito,
1699,PED001699,2026-06-08 20:37:18,CLI01624,Bucaramanga,Aplicación móvil,,Electrodomésticos,Sanduchera,1,123400.00,5.00,123400.00,6170.00,117230.00,Tarjeta crédito,
1700,PED001700,2026-06-20 17:49:48,CLI01984,Medellín,Página web,,Tecnología,Mouse inalámbrico,1,91700.00,10.00,91700.00,9170.00,82530.00,PSE,
1701,PED001701,2026-02-02 06:30:16,CLI00948,Barranquilla,Página web,,Electrodomésticos,Freidora de aire,2,472400.00,10.00,944800.00,94480.00,850320.00,PSE,5.0
1702,PED001702,2026-03-08 17:35:52,CLI02434,Cali,Aplicación móvil,,Deportes,Banda caminadora,2,2199900.00,0.00,4399800.00,0.00,4399800.00,Tarjeta crédito,
1703,PED001703,2026-04-23 06:14:42,CLI02164,Cali,Aplicación móvil,,Tecnología,Monitor 24 pulgadas,1,685900.00,0.00,685900.00,0.00,685900.00,PSE,2.0
1704,PED001704,2026-04-09 04:19:52,CLI00512,Bucaramanga,Página web,,Deportes,Colchoneta yoga,1,91700.00,10.00,91700.00,9170.00,82530.00,PSE,
1705,PED001705,2026-01-31 19:30:29,CLI01097,Bucaramanga,Aplicación móvil,,Electrodomésticos,Cafetera eléctrica,1,193700.00,0.00,193700.00,0.00,193700.00,Tarjeta débito,
1706,PED001706,2026-03-27 02:22:09,CLI01130,Cali,Tienda física,CLO-02,Hogar,Organizador modular,2,122300.00,0.00,244600.00,0.00,244600.00,Tarjeta débito,
1707,PED001707,2026-01-04 03:29:30,CLI01093,Medellín,Aplicación móvil,,Hogar,Purificador de aire,2,799900.00,10.00,1599800.00,159980.00,1439820.00,Billetera digital,
1708,PED001708,2026-01-22 21:45:30,CLI01494,Barranquilla,Aplicación móvil,,Hogar,Ventilador de torre,1,349900.00,0.00,349900.00,0.00,349900.00,Tarjeta crédito,5.0
1709,PED001709,2026-05-21 18:32:51,CLI02248,Cali,Página web,,Deportes,Mancuernas ajustables,1,399900.00,0.00,399900.00,0.00,399900.00,Transferencia,
1710,PED001710,2026-01-16 20:57:55,CLI00060,Barranquilla,Página web,,Electrodomésticos,Arrocera,2,169900.00,10.00,339800.00,33980.00,305820.00,Tarjeta crédito,
1711,PED001711,2026-01-03 04:11:37,CLI01159,Bogotá D.C.,Página web,,Oficina,Webcam Full HD,1,209900.00,0.00,209900.00,0.00,209900.00,PSE,5.0
1712,PED001712,2026-03-24 00:30:10,CLI00833,Bogotá D.C.,Página web,,Electrodomésticos,Freidora de aire,1,472400.00,5.00,472400.00,23620.00,448780.00,Tarjeta crédito,5.0
1713,PED001713,2026-05-27 04:11:35,CLI02030,Pereira,Aplicación móvil,,Hogar,Juego de ollas,2,289900.00,15.00,579800.00,86970.00,492830.00,Tarjeta débito,5.0
1714,PED001714,2026-01-07 23:54:09,CLI02497,Cali,Aplicación móvil,,Deportes,Banda caminadora,3,2199900.00,20.00,6599700.00,1319940.00,5279760.00,PSE,5.0
1715,PED001715,2026-04-26 05:46:33,CLI02039,Bogotá D.C.,Aplicación móvil,,Tecnología,Mouse inalámbrico,1,88100.00,0.00,88100.00,0.00,88100.00,PSE,
1716,PED001716,2026-01-26 14:01:48,CLI00853,Bogotá D.C.,Aplicación móvil,,Hogar,Ventilador de torre,1,367400.00,0.00,367400.00,0.00,367400.00,PSE,5.0
1717,PED001717,2026-02-04 06:12:09,CLI01716,Bucaramanga,Tienda física,BGA-01,Oficina,Archivador metálico,3,459900.00,0.00,1379700.00,0.00,1379700.00,Efectivo,5.0
1718,PED001718,2026-05-05 05:28:10,CLI02022,Cali,Tienda física,CLO-01,Deportes,Banda caminadora,4,2089900.00,0.00,8359600.00,0.00,8359600.00,PSE,
1719,PED001719,2026-05-15 19:09:20,CLI01789,Barranquilla,Página web,,Oficina,Webcam Full HD,1,203900.00,10.00,203900.00,20390.00,183510.00,Transferencia,
1720,PED001720,2026-02-18 15:12:58,CLI01404,Bucaramanga,Tienda física,BGA-01,Oficina,Archivador metálico,1,450700.00,0.00,450700.00,0.00,450700.00,Efectivo,
1721,PED001721,2026-03-06 04:24:34,CLI01834,Pereira,Tienda física,PEI-01,Tecnología,Smartwatch,2,313400.00,0.00,626800.00,0.00,626800.00,Tarjeta crédito,2.0
1722,PED001722,2026-01-09 01:52:16,CLI01695,Bogotá D.C.,Tienda física,BOG-02,Oficina,Base para portátil,1,109900.00,0.00,109900.00,0.00,109900.00,Tarjeta crédito,
1723,PED001723,2026-03-02 04:51:56,CLI01271,Bogotá D.C.,Tienda física,BOG-02,Electrodomésticos,Freidora de aire,1,427400.00,5.00,427400.00,21370.00,406030.00,PSE,5.0
1724,PED001724,2026-04-06 06:33:50,CLI01542,Pereira,Aplicación móvil,,Tecnología,Monitor 24 pulgadas,2,685900.00,0.00,1371800.00,0.00,1371800.00,Tarjeta crédito,
1725,PED001725,2026-06-20 22:20:54,CLI01204,Bucaramanga,Página web,,Tecnología,Tablet 10 pulgadas,1,899900.00,0.00,899900.00,0.00,899900.00,Tarjeta crédito,4.0
1726,PED001726,2026-04-10 12:48:53,CLI02553,Cali,Aplicación móvil,,Hogar,Lámpara de mesa,1,123400.00,10.00,123400.00,12340.00,111060.00,Tarjeta crédito,4.0
1727,PED001727,2026-06-25 15:59:20,CLI01703,Barranquilla,Página web,,Electrodomésticos,Cafetera eléctrica,1,199400.00,10.00,199400.00,19940.00,179460.00,PSE,4.0
1728,PED001728,2026-05-31 08:32:10,CLI01079,Cali,Página web,,Oficina,Silla ergonómica,2,734900.00,0.00,1469800.00,0.00,1469800.00,Tarjeta débito,5.0
1729,PED001729,2026-01-14 02:08:38,CLI00041,Barranquilla,Aplicación móvil,,Electrodomésticos,Sanduchera,1,129900.00,15.00,129900.00,19485.00,110415.00,PSE,
1730,PED001730,2026-05-01 09:00:31,CLI01957,Bogotá D.C.,Página web,,Tecnología,Tablet 10 pulgadas,1,899900.00,0.00,899900.00,0.00,899900.00,PSE,
1731,PED001731,2026-04-07 21:39:15,CLI00555,Barranquilla,Página web,,Tecnología,Teclado mecánico,4,229900.00,5.00,919600.00,45980.00,873620.00,Tarjeta crédito,
1732,PED001732,2026-06-28 09:56:45,CLI00399,Cali,Tienda física,CLO-01,Tecnología,Monitor 24 pulgadas,2,699900.00,0.00,1399800.00,0.00,1399800.00,Tarjeta débito,5.0
1733,PED001733,2026-06-09 15:48:13,CLI01742,Medellín,Tienda física,MDE-02,Oficina,Base para portátil,2,104400.00,0.00,208800.00,0.00,208800.00,Tarjeta débito,
1734,PED001734,2026-05-29 18:55:31,CLI00175,Medellín,Tienda física,MDE-01,Tecnología,Mouse inalámbrico,2,85400.00,10.00,170800.00,17080.00,153720.00,Tarjeta débito,4.0
1735,PED001735,2026-05-12 07:45:00,CLI00604,Cali,Aplicación móvil,,Tecnología,Teclado mecánico,1,229900.00,0.00,229900.00,0.00,229900.00,PSE,
1736,PED001736,2026-05-09 11:09:01,CLI00967,Cali,Aplicación móvil,,Deportes,Mancuernas ajustables,2,419900.00,10.00,839800.00,83980.00,755820.00,Tarjeta débito,5.0
1737,PED001737,2026-05-15 08:42:57,CLI01112,Barranquilla,Aplicación móvil,,Deportes,Bicicleta estática,2,1499900.00,5.00,2999800.00,149990.00,2849810.00,Tarjeta crédito,5.0
1738,PED001738,2026-02-11 04:20:00,CLI01225,Pereira,Página web,,Electrodomésticos,Cafetera eléctrica,1,189900.00,5.00,189900.00,9495.00,180405.00,Tarjeta crédito,
1739,PED001739,2026-03-24 12:32:40,CLI01566,Cali,Tienda física,CLO-01,Tecnología,Audífonos Bluetooth,4,149900.00,0.00,599600.00,0.00,599600.00,Tarjeta crédito,4.0
1740,PED001740,2026-03-19 20:39:06,CLI02434,Barranquilla,Aplicación móvil,,Hogar,Organizador modular,3,119900.00,5.00,359700.00,17985.00,341715.00,Tarjeta crédito,
1741,PED001741,2026-06-03 23:28:33,CLI01851,Bucaramanga,Tienda física,BGA-01,Hogar,Ventilador de torre,2,356900.00,10.00,713800.00,71380.00,642420.00,Efectivo,
1742,PED001742,2026-05-30 08:00:55,CLI02444,Barranquilla,Página web,,Electrodomésticos,Horno microondas,2,579900.00,0.00,1159800.00,0.00,1159800.00,Tarjeta débito,5.0
1743,PED001743,2026-02-27 01:45:45,CLI02076,Medellín,Tienda física,MDE-01,Oficina,Silla ergonómica,1,749900.00,15.00,749900.00,112485.00,637415.00,Tarjeta crédito,5.0
1744,PED001744,2026-06-08 14:15:06,CLI00753,Medellín,Tienda física,MDE-02,Electrodomésticos,Cafetera eléctrica,1,199400.00,15.00,199400.00,29910.00,169490.00,Tarjeta crédito,5.0
1745,PED001745,2026-03-26 04:56:07,CLI01512,Medellín,Página web,,Electrodomésticos,Arrocera,1,173300.00,10.00,173300.00,17330.00,155970.00,Tarjeta crédito,
1746,PED001746,2026-03-05 09:12:52,CLI01811,Bucaramanga,Tienda física,BGA-01,Deportes,Colchoneta yoga,1,88100.00,10.00,88100.00,8810.00,79290.00,Tarjeta crédito,4.0
1747,PED001747,2026-05-23 01:19:10,CLI00632,Bogotá D.C.,Aplicación móvil,,Electrodomésticos,Arrocera,1,169900.00,20.00,169900.00,33980.00,135920.00,Tarjeta débito,
1748,PED001748,2026-02-17 04:09:14,CLI01533,Bucaramanga,Página web,,Electrodomésticos,Arrocera,1,169900.00,0.00,169900.00,0.00,169900.00,Tarjeta crédito,5.0
1749,PED001749,2026-01-08 11:23:08,CLI01880,Cali,Tienda física,CLO-01,Tecnología,Monitor 24 pulgadas,1,664900.00,10.00,664900.00,66490.00,598410.00,Tarjeta crédito,
1750,PED001750,2026-04-08 05:30:41,CLI00435,Bucaramanga,Tienda física,BGA-01,Deportes,Balón fútbol,1,119900.00,10.00,119900.00,11990.00,107910.00,Tarjeta crédito,
1751,PED001751,2026-02-15 15:54:26,CLI00898,Bogotá D.C.,Página web,,Deportes,Bicicleta estática,1,1469900.00,0.00,1469900.00,0.00,1469900.00,PSE,
1752,PED001752,2026-03-20 02:59:30,CLI02687,Barranquilla,Tienda física,BAQ-01,Hogar,Ventilador de torre,2,332400.00,5.00,664800.00,33240.00,631560.00,Tarjeta crédito,5.0
1753,PED001753,2026-01-25 21:18:18,CLI00853,Cali,Aplicación móvil,,Tecnología,Smartwatch,1,323300.00,5.00,323300.00,16165.00,307135.00,Tarjeta débito,
1754,PED001754,2026-03-21 23:24:39,CLI01021,Bucaramanga,Página web,,Tecnología,Monitor 24 pulgadas,1,685900.00,0.00,685900.00,0.00,685900.00,Transferencia,
1755,PED001755,2026-03-22 11:08:13,CLI00200,Cali,Tienda física,CLO-01,Hogar,Purificador de aire,1,759900.00,0.00,759900.00,0.00,759900.00,Efectivo,
1756,PED001756,2026-04-23 20:03:43,CLI01071,Bogotá D.C.,Página web,,Electrodomésticos,Licuadora,1,227900.00,5.00,227900.00,11395.00,216505.00,Tarjeta débito,
1757,PED001757,2026-02-22 21:31:17,CLI02261,Barranquilla,Página web,,Electrodomésticos,Licuadora,1,227900.00,15.00,227900.00,34185.00,193715.00,PSE,
1758,PED001758,2026-04-16 02:48:17,CLI01045,Bogotá D.C.,Página web,,Hogar,Purificador de aire,1,799900.00,0.00,799900.00,0.00,799900.00,Tarjeta débito,
1759,PED001759,2026-01-31 20:16:38,CLI00512,Medellín,Tienda física,MDE-02,Deportes,Balón fútbol,1,117500.00,0.00,117500.00,0.00,117500.00,Efectivo,4.0
1760,PED001760,2026-04-15 06:17:33,CLI01056,Bogotá D.C.,Tienda física,BOG-03,Electrodomésticos,Cafetera eléctrica,1,189900.00,10.00,189900.00,18990.00,170910.00,Tarjeta débito,4.0
1761,PED001761,2026-06-27 01:38:58,CLI02094,Barranquilla,Aplicación móvil,,Tecnología,Tablet 10 pulgadas,3,899900.00,10.00,2699700.00,269970.00,2429730.00,PSE,
1762,PED001762,2026-01-09 20:52:41,CLI00743,Pereira,Tienda física,PEI-01,Hogar,Organizador modular,2,119900.00,0.00,239800.00,0.00,239800.00,PSE,5.0
1763,PED001763,2026-04-09 23:49:14,CLI00401,Bogotá D.C.,Página web,,Hogar,Lámpara de mesa,1,129900.00,0.00,129900.00,0.00,129900.00,Tarjeta crédito,
1764,PED001764,2026-01-15 18:21:31,CLI01599,Medellín,Aplicación móvil,,Electrodomésticos,Horno microondas,3,608900.00,0.00,1826700.00,0.00,1826700.00,Tarjeta crédito,3.0
1765,PED001765,2026-02-05 04:52:30,CLI00672,Medellín,Aplicación móvil,,Tecnología,Teclado mecánico,1,229900.00,0.00,229900.00,0.00,229900.00,Tarjeta crédito,3.0
1766,PED001766,2026-04-30 06:36:59,CLI00918,Bogotá D.C.,Tienda física,BOG-01,Tecnología,Audífonos Bluetooth,1,152900.00,10.00,152900.00,15290.00,137610.00,Tarjeta débito,4.0
1767,PED001767,2026-06-17 23:56:42,CLI01380,Pereira,Tienda física,PEI-01,Tecnología,Tablet 10 pulgadas,1,899900.00,0.00,899900.00,0.00,899900.00,PSE,5.0
1768,PED001768,2026-05-31 22:21:02,CLI02151,Bogotá D.C.,Tienda física,BOG-02,Deportes,Banda caminadora,1,2243900.00,0.00,2243900.00,0.00,2243900.00,Tarjeta crédito,
1769,PED001769,2026-03-22 14:06:04,CLI01585,Barranquilla,Página web,,Hogar,Juego de ollas,1,275400.00,0.00,275400.00,0.00,275400.00,Tarjeta débito,
1770,PED001770,2026-01-12 11:36:49,CLI01123,Medellín,Tienda física,MDE-02,Hogar,Juego de ollas,1,275400.00,5.00,275400.00,13770.00,261630.00,Tarjeta crédito,3.0
1771,PED001771,2026-05-26 13:31:13,CLI01680,Pereira,Tienda física,PEI-01,Hogar,Lámpara de mesa,2,129900.00,0.00,259800.00,0.00,259800.00,Efectivo,
1772,PED001772,2026-06-11 19:13:59,CLI01974,Medellín,Aplicación móvil,,Deportes,Kit bandas elásticas,3,79900.00,15.00,239700.00,35955.00,203745.00,Tarjeta crédito,5.0
1773,PED001773,2026-04-06 20:33:22,CLI01503,Cali,Aplicación móvil,,Electrodomésticos,Cafetera eléctrica,1,189900.00,0.00,189900.00,0.00,189900.00,PSE,
1774,PED001774,2026-03-14 01:53:37,CLI02371,Barranquilla,Aplicación móvil,,Electrodomésticos,Licuadora,1,244700.00,0.00,244700.00,0.00,244700.00,PSE,5.0
1775,PED001775,2026-02-13 01:59:23,CLI01881,Pereira,Aplicación móvil,,Hogar,Organizador modular,2,119900.00,5.00,239800.00,11990.00,227810.00,Tarjeta débito,5.0
1776,PED001776,2026-01-16 23:10:37,CLI00182,Medellín,Aplicación móvil,,Electrodomésticos,Horno microondas,1,608900.00,15.00,608900.00,91335.00,517565.00,Billetera digital,
1777,PED001777,2026-01-18 14:46:53,CLI02367,Medellín,Aplicación móvil,,Oficina,Archivador metálico,1,436900.00,0.00,436900.00,0.00,436900.00,Tarjeta débito,
1778,PED001778,2026-03-24 07:05:33,CLI00391,Barranquilla,Página web,,Deportes,Colchoneta yoga,1,89900.00,5.00,89900.00,4495.00,85405.00,PSE,
1779,PED001779,2026-04-26 16:02:26,CLI01072,Cali,Tienda física,CLO-01,Electrodomésticos,Cafetera eléctrica,2,189900.00,0.00,379800.00,0.00,379800.00,Tarjeta débito,2.0
1780,PED001780,2026-03-24 20:37:13,CLI02243,Pereira,Aplicación móvil,,Deportes,Balón fútbol,1,117500.00,0.00,117500.00,0.00,117500.00,Tarjeta crédito,
1781,PED001781,2026-01-19 09:14:36,CLI01413,Barranquilla,Tienda física,BAQ-01,Hogar,Organizador modular,1,125900.00,10.00,125900.00,12590.00,113310.00,Efectivo,
1782,PED001782,2026-05-20 07:43:58,CLI00454,Pereira,Aplicación móvil,,Oficina,Base para portátil,4,112100.00,5.00,448400.00,22420.00,425980.00,Tarjeta crédito,5.0
1783,PED001783,2026-03-08 20:10:43,CLI02047,Pereira,Página web,,Hogar,Aspiradora vertical,1,509900.00,10.00,509900.00,50990.00,458910.00,Transferencia,
1784,PED001784,2026-03-31 10:31:27,CLI02001,Cali,Aplicación móvil,,Oficina,Archivador metálico,1,436900.00,0.00,436900.00,0.00,436900.00,Billetera digital,
1785,PED001785,2026-02-23 19:12:27,CLI00992,Bucaramanga,Tienda física,BGA-01,Oficina,Impresora multifuncional,3,892400.00,10.00,2677200.00,267720.00,2409480.00,Efectivo,
1786,PED001786,2026-05-19 19:52:41,CLI02471,Barranquilla,Página web,,Tecnología,Tablet 10 pulgadas,1,899900.00,0.00,899900.00,0.00,899900.00,PSE,
1787,PED001787,2026-02-09 21:37:23,CLI02263,Medellín,Aplicación móvil,,Deportes,Mancuernas ajustables,1,399900.00,10.00,399900.00,39990.00,359910.00,Tarjeta crédito,4.0
1788,PED001788,2026-01-28 11:30:09,CLI01337,Cali,Página web,,Electrodomésticos,Horno microondas,1,608900.00,0.00,608900.00,0.00,608900.00,PSE,4.0
1789,PED001789,2026-03-04 20:59:05,CLI01806,Bogotá D.C.,Página web,,Deportes,Bicicleta estática,2,1424900.00,5.00,2849800.00,142490.00,2707310.00,Tarjeta crédito,
1790,PED001790,2026-01-12 00:10:30,CLI00854,Bogotá D.C.,Página web,,Tecnología,Teclado mecánico,1,234500.00,15.00,234500.00,35175.00,199325.00,Transferencia,
1791,PED001791,2026-05-14 12:00:46,CLI01812,Barranquilla,Aplicación móvil,,Oficina,Impresora multifuncional,2,892400.00,15.00,1784800.00,267720.00,1517080.00,Tarjeta débito,4.0
1792,PED001792,2026-04-11 13:19:57,CLI02509,Cali,Aplicación móvil,,Tecnología,Smartwatch,1,329900.00,0.00,329900.00,0.00,329900.00,PSE,5.0
1793,PED001793,2026-05-04 21:10:23,CLI01924,Bogotá D.C.,Tienda física,BOG-03,Tecnología,Teclado mecánico,2,229900.00,0.00,459800.00,0.00,459800.00,Tarjeta crédito,5.0
1794,PED001794,2026-01-03 10:57:56,CLI01326,Bogotá D.C.,Tienda física,BOG-02,Electrodomésticos,Horno microondas,2,579900.00,0.00,1159800.00,0.00,1159800.00,Tarjeta débito,3.0
1795,PED001795,2026-04-30 01:00:46,CLI01092,Medellín,Aplicación móvil,,Electrodomésticos,Horno microondas,1,591500.00,0.00,591500.00,0.00,591500.00,PSE,
1796,PED001796,2026-06-15 03:11:11,CLI00670,Medellín,Tienda física,MDE-02,Oficina,Escritorio ajustable,1,1175900.00,0.00,1175900.00,0.00,1175900.00,Tarjeta débito,5.0
1797,PED001797,2026-05-29 07:57:34,CLI02132,Barranquilla,Tienda física,BAQ-01,Electrodomésticos,Horno microondas,1,608900.00,15.00,608900.00,91335.00,517565.00,Efectivo,
1798,PED001798,2026-03-23 02:56:25,CLI00649,Cali,Aplicación móvil,,Hogar,Purificador de aire,1,839900.00,5.00,839900.00,41995.00,797905.00,Tarjeta crédito,
1799,PED001799,2026-01-09 20:12:44,CLI00879,Bogotá D.C.,Aplicación móvil,,Electrodomésticos,Arrocera,1,169900.00,0.00,169900.00,0.00,169900.00,PSE,5.0
1800,PED001800,2026-06-28 14:05:02,CLI00081,Cali,Página web,,Tecnología,Tablet 10 pulgadas,1,899900.00,20.00,899900.00,179980.00,719920.00,PSE,
1801,PED001801,2026-06-24 01:20:23,CLI01810,Cali,Página web,,Deportes,Mancuernas ajustables,1,399900.00,10.00,399900.00,39990.00,359910.00,Tarjeta crédito,4.0
1802,PED001802,2026-06-16 11:58:47,CLI02146,Cali,Tienda física,CLO-02,Electrodomésticos,Arrocera,4,169900.00,0.00,679600.00,0.00,679600.00,Tarjeta débito,5.0
1803,PED001803,2026-02-15 04:52:05,CLI02089,Bucaramanga,Tienda física,BGA-01,Electrodomésticos,Licuadora,3,244700.00,5.00,734100.00,36705.00,697395.00,Tarjeta débito,4.0
1804,PED001804,2026-02-09 16:52:09,CLI00450,Bucaramanga,Aplicación móvil,,Tecnología,Monitor 24 pulgadas,2,699900.00,0.00,1399800.00,0.00,1399800.00,Tarjeta crédito,5.0
1805,PED001805,2026-01-20 23:18:39,CLI01129,Bogotá D.C.,Tienda física,BOG-01,Tecnología,Audífonos Bluetooth,1,152900.00,0.00,152900.00,0.00,152900.00,PSE,5.0
1806,PED001806,2026-01-22 06:17:38,CLI00093,Medellín,Tienda física,MDE-01,Tecnología,Teclado mecánico,1,229900.00,10.00,229900.00,22990.00,206910.00,Efectivo,
1807,PED001807,2026-03-05 12:09:48,CLI00242,Medellín,Página web,,Tecnología,Audífonos Bluetooth,3,149900.00,0.00,449700.00,0.00,449700.00,Tarjeta crédito,
1808,PED001808,2026-03-19 03:07:30,CLI00536,Bogotá D.C.,Tienda física,BOG-02,Electrodomésticos,Arrocera,2,166500.00,0.00,333000.00,0.00,333000.00,Efectivo,
1809,PED001809,2026-01-23 19:06:41,CLI01254,Bogotá D.C.,Página web,,Electrodomésticos,Arrocera,1,169900.00,0.00,169900.00,0.00,169900.00,Transferencia,
1810,PED001810,2026-03-29 14:18:40,CLI02109,Medellín,Tienda física,MDE-01,Oficina,Base para portátil,2,109900.00,10.00,219800.00,21980.00,197820.00,Tarjeta débito,5.0
1811,PED001811,2026-04-26 16:29:00,CLI01922,Bogotá D.C.,Aplicación móvil,,Tecnología,Mouse inalámbrico,1,91700.00,5.00,91700.00,4585.00,87115.00,PSE,5.0
1812,PED001812,2026-06-27 04:13:14,CLI00418,Medellín,Tienda física,MDE-02,Deportes,Mancuernas ajustables,1,407900.00,15.00,407900.00,61185.00,346715.00,Tarjeta crédito,5.0
1813,PED001813,2026-01-11 13:29:11,CLI01713,Bogotá D.C.,Página web,,Electrodomésticos,Freidora de aire,1,472400.00,10.00,472400.00,47240.00,425160.00,Tarjeta crédito,3.0
1814,PED001814,2026-05-17 16:22:38,CLI00628,Cali,Página web,,Hogar,Organizador modular,2,119900.00,0.00,239800.00,0.00,239800.00,Tarjeta crédito,5.0
1815,PED001815,2026-02-23 11:22:41,CLI01740,Bogotá D.C.,Tienda física,BOG-01,Tecnología,Tablet 10 pulgadas,1,854900.00,0.00,854900.00,0.00,854900.00,Efectivo,4.0
1816,PED001816,2026-01-14 19:38:45,CLI01020,Bogotá D.C.,Página web,,Tecnología,Teclado mecánico,1,229900.00,0.00,229900.00,0.00,229900.00,PSE,5.0
1817,PED001817,2026-04-25 07:35:34,CLI02247,Medellín,Tienda física,MDE-02,Hogar,Aspiradora vertical,1,489900.00,0.00,489900.00,0.00,489900.00,PSE,5.0
1818,PED001818,2026-03-11 02:33:03,CLI01815,Bogotá D.C.,Tienda física,BOG-02,Hogar,Aspiradora vertical,2,509900.00,20.00,1019800.00,203960.00,815840.00,Tarjeta crédito,4.0
1819,PED001819,2026-01-12 14:13:47,CLI01905,Bucaramanga,Aplicación móvil,,Hogar,Juego de ollas,1,275400.00,10.00,275400.00,27540.00,247860.00,Tarjeta débito,
1820,PED001820,2026-02-12 11:42:17,CLI01950,Bogotá D.C.,Tienda física,BOG-01,Oficina,Archivador metálico,1,459900.00,10.00,459900.00,45990.00,413910.00,Tarjeta débito,
1821,PED001821,2026-03-30 16:23:51,CLI00279,Bogotá D.C.,Página web,,Tecnología,Smartwatch,2,329900.00,10.00,659800.00,65980.00,593820.00,Tarjeta crédito,3.0
1822,PED001822,2026-06-23 01:12:51,CLI02425,Bogotá D.C.,Tienda física,BOG-01,Tecnología,Teclado mecánico,1,241400.00,0.00,241400.00,0.00,241400.00,Efectivo,5.0
1823,PED001823,2026-04-23 12:09:28,CLI02204,Medellín,Página web,,Electrodomésticos,Sanduchera,1,129900.00,0.00,129900.00,0.00,129900.00,PSE,2.0
1824,PED001824,2026-01-06 03:11:52,CLI00722,Pereira,Tienda física,PEI-01,Hogar,Juego de ollas,1,289900.00,0.00,289900.00,0.00,289900.00,Efectivo,
1825,PED001825,2026-04-07 10:52:36,CLI00213,Cali,Tienda física,CLO-01,Tecnología,Teclado mecánico,1,225300.00,0.00,225300.00,0.00,225300.00,Efectivo,
1826,PED001826,2026-03-06 00:16:25,CLI02299,Bogotá D.C.,Tienda física,BOG-02,Tecnología,Mouse inalámbrico,1,88100.00,10.00,88100.00,8810.00,79290.00,Tarjeta débito,
1827,PED001827,2026-06-04 04:19:04,CLI01577,Medellín,Tienda física,MDE-01,Deportes,Mancuernas ajustables,1,399900.00,15.00,399900.00,59985.00,339915.00,PSE,
1828,PED001828,2026-02-04 01:09:15,CLI01486,Medellín,Aplicación móvil,,Electrodomésticos,Cafetera eléctrica,1,186100.00,0.00,186100.00,0.00,186100.00,Billetera digital,2.0
1829,PED001829,2026-04-12 09:52:46,CLI01933,Bogotá D.C.,Aplicación móvil,,Hogar,Ventilador de torre,2,367400.00,10.00,734800.00,73480.00,661320.00,PSE,
1830,PED001830,2026-04-24 15:06:47,CLI01582,Barranquilla,Página web,,Hogar,Lámpara de mesa,1,127300.00,0.00,127300.00,0.00,127300.00,Tarjeta crédito,3.0
1831,PED001831,2026-06-17 16:29:50,CLI01361,Medellín,Tienda física,MDE-01,Deportes,Kit bandas elásticas,3,79900.00,0.00,239700.00,0.00,239700.00,Tarjeta crédito,
1832,PED001832,2026-01-29 00:39:03,CLI01643,Cali,Página web,,Electrodomésticos,Freidora de aire,3,427400.00,0.00,1282200.00,0.00,1282200.00,Tarjeta débito,5.0
1833,PED001833,2026-06-30 04:07:07,CLI00609,Bogotá D.C.,Tienda física,BOG-03,Oficina,Silla ergonómica,1,764900.00,0.00,764900.00,0.00,764900.00,Efectivo,
1834,PED001834,2026-03-17 08:48:23,CLI00881,Bucaramanga,Aplicación móvil,,Deportes,Banda caminadora,2,2243900.00,10.00,4487800.00,448780.00,4039020.00,Tarjeta crédito,
1835,PED001835,2026-03-26 00:00:50,CLI00664,Bogotá D.C.,Aplicación móvil,,Hogar,Organizador modular,1,117500.00,10.00,117500.00,11750.00,105750.00,Tarjeta crédito,5.0
1836,PED001836,2026-06-14 03:13:05,CLI02240,Barranquilla,Página web,,Tecnología,Tablet 10 pulgadas,3,944900.00,0.00,2834700.00,0.00,2834700.00,Tarjeta débito,5.0
1837,PED001837,2026-05-13 12:01:05,CLI02015,Medellín,Aplicación móvil,,Hogar,Aspiradora vertical,2,499900.00,0.00,999800.00,0.00,999800.00,Tarjeta crédito,
1838,PED001838,2026-04-19 23:49:59,CLI01190,Medellín,Tienda física,MDE-02,Hogar,Organizador modular,1,122300.00,0.00,122300.00,0.00,122300.00,Tarjeta débito,
1839,PED001839,2026-06-08 07:45:23,CLI00676,Medellín,Tienda física,MDE-01,Deportes,Bicicleta estática,1,1529900.00,0.00,1529900.00,0.00,1529900.00,Tarjeta débito,5.0
1840,PED001840,2026-01-07 07:29:33,CLI02316,Bogotá D.C.,Página web,,Deportes,Mancuernas ajustables,1,379900.00,10.00,379900.00,37990.00,341910.00,Tarjeta crédito,3.0
1841,PED001841,2026-02-20 10:24:31,CLI00282,Cali,Página web,,Oficina,Webcam Full HD,1,199900.00,10.00,199900.00,19990.00,179910.00,Tarjeta crédito,
1842,PED001842,2026-02-13 02:41:31,CLI02285,Barranquilla,Tienda física,BAQ-01,Tecnología,Tablet 10 pulgadas,1,899900.00,0.00,899900.00,0.00,899900.00,Tarjeta crédito,4.0
1843,PED001843,2026-02-10 04:49:54,CLI01941,Bogotá D.C.,Tienda física,BOG-02,Deportes,Banda caminadora,1,2199900.00,5.00,2199900.00,109995.00,2089905.00,Tarjeta crédito,
1844,PED001844,2026-03-11 11:24:30,CLI02271,Cali,Página web,,Hogar,Purificador de aire,1,799900.00,0.00,799900.00,0.00,799900.00,PSE,5.0
1845,PED001845,2026-03-17 13:15:36,CLI01555,Pereira,Página web,,Electrodomésticos,Licuadora,1,244700.00,0.00,244700.00,0.00,244700.00,Transferencia,4.0
1846,PED001846,2026-03-08 13:00:06,CLI00360,Medellín,Tienda física,MDE-01,Hogar,Organizador modular,2,119900.00,15.00,239800.00,35970.00,203830.00,PSE,2.0
1847,PED001847,2026-06-27 17:13:49,CLI02149,Medellín,Tienda física,MDE-02,Deportes,Kit bandas elásticas,1,75900.00,5.00,75900.00,3795.00,72105.00,Tarjeta crédito,3.0
1848,PED001848,2026-01-12 06:24:01,CLI02157,Bogotá D.C.,Aplicación móvil,,Tecnología,Teclado mecánico,1,229900.00,0.00,229900.00,0.00,229900.00,Tarjeta débito,
1849,PED001849,2026-03-05 20:10:37,CLI01429,Cali,Tienda física,CLO-01,Deportes,Kit bandas elásticas,1,79900.00,15.00,79900.00,11985.00,67915.00,PSE,
1850,PED001850,2026-06-17 17:41:35,CLI01105,Cali,Tienda física,CLO-02,Tecnología,Smartwatch,1,329900.00,0.00,329900.00,0.00,329900.00,Tarjeta crédito,3.0
1851,PED001851,2026-01-11 08:26:17,CLI01038,Bogotá D.C.,Página web,,Hogar,Ventilador de torre,2,349900.00,5.00,699800.00,34990.00,664810.00,Tarjeta crédito,1.0
1852,PED001852,2026-06-20 13:02:03,CLI01827,Cali,Aplicación móvil,,Tecnología,Smartwatch,1,329900.00,10.00,329900.00,32990.00,296910.00,Tarjeta crédito,
1853,PED001853,2026-06-08 21:03:54,CLI00167,Bucaramanga,Tienda física,BGA-01,Hogar,Juego de ollas,1,295700.00,0.00,295700.00,0.00,295700.00,Efectivo,
1854,PED001854,2026-04-19 11:50:19,CLI01218,Cali,Página web,,Hogar,Purificador de aire,3,799900.00,10.00,2399700.00,239970.00,2159730.00,Transferencia,4.0
1855,PED001855,2026-05-06 06:28:52,CLI01947,Pereira,Página web,,Tecnología,Teclado mecánico,1,229900.00,0.00,229900.00,0.00,229900.00,Tarjeta crédito,
1856,PED001856,2026-01-14 20:01:24,CLI02042,Bogotá D.C.,Aplicación móvil,,Hogar,Lámpara de mesa,2,129900.00,0.00,259800.00,0.00,259800.00,Billetera digital,5.0
1857,PED001857,2026-02-25 13:34:50,CLI01856,Pereira,Página web,,Tecnología,Teclado mecánico,3,218400.00,10.00,655200.00,65520.00,589680.00,Tarjeta débito,
1858,PED001858,2026-04-08 14:40:24,CLI01119,Bucaramanga,Aplicación móvil,,Hogar,Juego de ollas,2,275400.00,0.00,550800.00,0.00,550800.00,PSE,4.0
1859,PED001859,2026-04-02 05:00:19,CLI00414,Cali,Página web,,Tecnología,Teclado mecánico,2,225300.00,0.00,450600.00,0.00,450600.00,Tarjeta crédito,4.0
1860,PED001860,2026-06-01 04:46:45,CLI00233,Medellín,Aplicación móvil,,Hogar,Organizador modular,1,125900.00,20.00,125900.00,25180.00,100720.00,Tarjeta débito,
1861,PED001861,2026-03-07 23:59:42,CLI01146,Cali,Página web,,Deportes,Kit bandas elásticas,1,83900.00,15.00,83900.00,12585.00,71315.00,PSE,2.0
1862,PED001862,2026-01-21 21:12:38,CLI00587,Bogotá D.C.,Aplicación móvil,,Electrodomésticos,Arrocera,1,169900.00,15.00,169900.00,25485.00,144415.00,Tarjeta débito,
1863,PED001863,2026-05-08 15:27:28,CLI02172,Bogotá D.C.,Página web,,Electrodomésticos,Freidora de aire,1,440900.00,15.00,440900.00,66135.00,374765.00,Tarjeta crédito,4.0
1864,PED001864,2026-02-06 05:32:12,CLI01416,Bogotá D.C.,Página web,,Oficina,Impresora multifuncional,2,849900.00,10.00,1699800.00,169980.00,1529820.00,Tarjeta crédito,
1865,PED001865,2026-06-27 20:05:24,CLI02010,Pereira,Página web,,Hogar,Ventilador de torre,3,332400.00,10.00,997200.00,99720.00,897480.00,PSE,3.0
1866,PED001866,2026-03-11 14:44:23,CLI01382,Pereira,Tienda física,PEI-01,Hogar,Organizador modular,2,119900.00,10.00,239800.00,23980.00,215820.00,Tarjeta débito,5.0
1867,PED001867,2026-04-01 11:54:21,CLI02238,Pereira,Tienda física,PEI-01,Tecnología,Audífonos Bluetooth,1,149900.00,5.00,149900.00,7495.00,142405.00,Efectivo,5.0
1868,PED001868,2026-04-26 05:07:25,CLI00314,Bucaramanga,Tienda física,BGA-01,Tecnología,Monitor 24 pulgadas,1,699900.00,10.00,699900.00,69990.00,629910.00,Efectivo,
1869,PED001869,2026-05-17 16:44:52,CLI01640,Medellín,Página web,,Tecnología,Tablet 10 pulgadas,2,944900.00,10.00,1889800.00,188980.00,1700820.00,Tarjeta crédito,5.0
1870,PED001870,2026-03-17 18:43:45,CLI02011,Medellín,Página web,,Electrodomésticos,Arrocera,3,166500.00,5.00,499500.00,24975.00,474525.00,Tarjeta crédito,
1871,PED001871,2026-05-07 23:23:19,CLI00380,Cali,Tienda física,CLO-01,Hogar,Juego de ollas,2,289900.00,0.00,579800.00,0.00,579800.00,Tarjeta débito,5.0
1872,PED001872,2026-03-16 22:27:07,CLI00795,Cali,Página web,,Deportes,Colchoneta yoga,1,91700.00,15.00,91700.00,13755.00,77945.00,Tarjeta crédito,5.0
1873,PED001873,2026-05-17 04:14:33,CLI01407,Medellín,Tienda física,MDE-01,Deportes,Bicicleta estática,2,1499900.00,10.00,2999800.00,299980.00,2699820.00,Tarjeta débito,
1874,PED001874,2026-02-20 05:51:50,CLI01883,Bogotá D.C.,Página web,,Tecnología,Tablet 10 pulgadas,1,854900.00,0.00,854900.00,0.00,854900.00,Tarjeta crédito,4.0
1875,PED001875,2026-06-08 05:41:10,CLI01222,Bogotá D.C.,Página web,,Tecnología,Monitor 24 pulgadas,1,664900.00,0.00,664900.00,0.00,664900.00,Tarjeta crédito,
1876,PED001876,2026-05-17 19:07:54,CLI00731,Medellín,Tienda física,MDE-01,Oficina,Escritorio ajustable,1,1199900.00,20.00,1199900.00,239980.00,959920.00,Tarjeta crédito,
1877,PED001877,2026-02-14 04:48:03,CLI02126,Barranquilla,Página web,,Electrodomésticos,Arrocera,2,169900.00,0.00,339800.00,0.00,339800.00,PSE,5.0
1878,PED001878,2026-05-06 18:12:47,CLI02105,Medellín,Página web,,Electrodomésticos,Cafetera eléctrica,1,189900.00,0.00,189900.00,0.00,189900.00,Tarjeta crédito,
1879,PED001879,2026-05-22 14:55:58,CLI02485,Bogotá D.C.,Aplicación móvil,,Tecnología,Mouse inalámbrico,1,94400.00,0.00,94400.00,0.00,94400.00,Billetera digital,
1880,PED001880,2026-04-26 11:12:23,CLI01836,Bogotá D.C.,Página web,,Oficina,Escritorio ajustable,1,1223900.00,0.00,1223900.00,0.00,1223900.00,Tarjeta crédito,
1881,PED001881,2026-01-11 05:10:57,CLI01419,Bogotá D.C.,Página web,,Tecnología,Tablet 10 pulgadas,1,881900.00,0.00,881900.00,0.00,881900.00,Tarjeta crédito,3.0
1882,PED001882,2026-06-20 17:33:12,CLI02623,Bucaramanga,Página web,,Electrodomésticos,Arrocera,1,178400.00,0.00,178400.00,0.00,178400.00,Tarjeta crédito,
1883,PED001883,2026-03-06 23:49:25,CLI00103,Cali,Página web,,Deportes,Bicicleta estática,1,1574900.00,15.00,1574900.00,236235.00,1338665.00,Tarjeta débito,
1884,PED001884,2026-01-12 11:27:48,CLI00292,Bogotá D.C.,Aplicación móvil,,Deportes,Banda caminadora,1,2199900.00,15.00,2199900.00,329985.00,1869915.00,Tarjeta débito,5.0
1885,PED001885,2026-02-28 18:27:30,CLI00811,Cali,Página web,,Electrodomésticos,Horno microondas,1,568300.00,10.00,568300.00,56830.00,511470.00,Tarjeta crédito,5.0
1886,PED001886,2026-01-30 00:43:33,CLI00320,Medellín,Aplicación móvil,,Hogar,Purificador de aire,1,799900.00,15.00,799900.00,119985.00,679915.00,Tarjeta débito,
1887,PED001887,2026-03-25 14:37:08,CLI01379,Bucaramanga,Tienda física,BGA-01,Tecnología,Audífonos Bluetooth,2,146900.00,10.00,293800.00,29380.00,264420.00,Tarjeta crédito,
1888,PED001888,2026-01-19 12:13:43,CLI00684,Cali,Aplicación móvil,,Oficina,Base para portátil,1,109900.00,0.00,109900.00,0.00,109900.00,Tarjeta crédito,
1889,PED001889,2026-05-17 23:17:44,CLI01426,Pereira,Página web,,Deportes,Colchoneta yoga,1,89900.00,0.00,89900.00,0.00,89900.00,PSE,
1890,PED001890,2026-04-20 21:03:20,CLI02086,Cali,Página web,,Electrodomésticos,Sanduchera,1,123400.00,0.00,123400.00,0.00,123400.00,Tarjeta crédito,4.0
1891,PED001891,2026-01-21 14:35:49,CLI01046,Medellín,Página web,,Deportes,Bicicleta estática,1,1529900.00,0.00,1529900.00,0.00,1529900.00,PSE,
1892,PED001892,2026-05-17 13:27:20,CLI02263,Bogotá D.C.,Página web,,Oficina,Silla ergonómica,1,712400.00,0.00,712400.00,0.00,712400.00,PSE,
1893,PED001893,2026-04-25 19:38:31,CLI02295,Pereira,Tienda física,PEI-01,Deportes,Colchoneta yoga,1,88100.00,0.00,88100.00,0.00,88100.00,Efectivo,4.0
1894,PED001894,2026-05-27 04:23:05,CLI02557,Bucaramanga,Aplicación móvil,,Oficina,Base para portátil,1,109900.00,15.00,109900.00,16485.00,93415.00,Tarjeta crédito,5.0
1895,PED001895,2026-04-18 19:12:19,CLI02429,Cali,Página web,,Tecnología,Smartwatch,2,336500.00,0.00,673000.00,0.00,673000.00,Tarjeta crédito,4.0
1896,PED001896,2026-01-31 14:31:20,CLI01992,Bogotá D.C.,Aplicación móvil,,Tecnología,Monitor 24 pulgadas,1,699900.00,0.00,699900.00,0.00,699900.00,Tarjeta crédito,5.0
1897,PED001897,2026-01-21 17:53:52,CLI00373,Bogotá D.C.,Página web,,Oficina,Archivador metálico,1,459900.00,0.00,459900.00,0.00,459900.00,Tarjeta crédito,
1898,PED001898,2026-04-22 04:35:07,CLI00635,Cali,Página web,,Tecnología,Smartwatch,4,323300.00,5.00,1293200.00,64660.00,1228540.00,Transferencia,5.0
1899,PED001899,2026-02-24 08:37:20,CLI01247,Bogotá D.C.,Tienda física,BOG-01,Tecnología,Tablet 10 pulgadas,1,944900.00,10.00,944900.00,94490.00,850410.00,Efectivo,4.0
1900,PED001900,2026-01-30 19:06:23,CLI02699,Bucaramanga,Página web,,Hogar,Aspiradora vertical,1,499900.00,0.00,499900.00,0.00,499900.00,PSE,5.0
1901,PED001901,2026-05-04 09:13:19,CLI00745,Medellín,Página web,,Hogar,Lámpara de mesa,1,127300.00,15.00,127300.00,19095.00,108205.00,PSE,3.0
1902,PED001902,2026-01-18 15:46:37,CLI00166,Barranquilla,Página web,,Electrodomésticos,Licuadora,1,235100.00,0.00,235100.00,0.00,235100.00,Tarjeta débito,
1903,PED001903,2026-06-23 13:08:52,CLI02285,Bogotá D.C.,Página web,,Hogar,Ventilador de torre,1,349900.00,20.00,349900.00,69980.00,279920.00,PSE,
1904,PED001904,2026-02-01 15:48:16,CLI01899,Bogotá D.C.,Página web,,Hogar,Juego de ollas,3,275400.00,5.00,826200.00,41310.00,784890.00,PSE,
1905,PED001905,2026-05-16 12:39:06,CLI01004,Bucaramanga,Página web,,Hogar,Purificador de aire,1,815900.00,10.00,815900.00,81590.00,734310.00,PSE,4.0
1906,PED001906,2026-05-22 08:21:54,CLI01593,Bogotá D.C.,Página web,,Tecnología,Tablet 10 pulgadas,1,944900.00,5.00,944900.00,47245.00,897655.00,Tarjeta crédito,2.0
1907,PED001907,2026-05-24 22:50:56,CLI00362,Pereira,Tienda física,PEI-01,Deportes,Colchoneta yoga,2,85400.00,0.00,170800.00,0.00,170800.00,Efectivo,5.0
1908,PED001908,2026-01-20 12:55:25,CLI02023,Bogotá D.C.,Tienda física,BOG-01,Tecnología,Tablet 10 pulgadas,1,881900.00,5.00,881900.00,44095.00,837805.00,Tarjeta débito,5.0
1909,PED001909,2026-02-14 10:36:18,CLI01454,Medellín,Página web,,Electrodomésticos,Sanduchera,1,129900.00,10.00,129900.00,12990.00,116910.00,PSE,3.0
1910,PED001910,2026-02-01 11:38:22,CLI01401,Bucaramanga,Página web,,Deportes,Banda caminadora,2,2089900.00,10.00,4179800.00,417980.00,3761820.00,Tarjeta crédito,5.0
1911,PED001911,2026-01-03 11:05:55,CLI00714,Barranquilla,Aplicación móvil,,Hogar,Lámpara de mesa,2,136400.00,10.00,272800.00,27280.00,245520.00,Billetera digital,
1912,PED001912,2026-01-01 18:38:05,CLI00568,Bogotá D.C.,Tienda física,BOG-01,Hogar,Purificador de aire,3,839900.00,5.00,2519700.00,125985.00,2393715.00,Tarjeta crédito,
1913,PED001913,2026-03-20 13:50:39,CLI02315,Medellín,Página web,,Deportes,Bicicleta estática,1,1499900.00,0.00,1499900.00,0.00,1499900.00,Tarjeta crédito,
1914,PED001914,2026-02-15 06:07:51,CLI01283,Bogotá D.C.,Página web,,Electrodomésticos,Horno microondas,2,550900.00,0.00,1101800.00,0.00,1101800.00,Transferencia,5.0
1915,PED001915,2026-04-28 21:21:45,CLI02273,Pereira,Tienda física,PEI-01,Electrodomésticos,Arrocera,2,169900.00,0.00,339800.00,0.00,339800.00,Efectivo,
1916,PED001916,2026-06-17 14:50:04,CLI02631,Bogotá D.C.,Tienda física,BOG-03,Tecnología,Teclado mecánico,2,225300.00,15.00,450600.00,67590.00,383010.00,Efectivo,2.0
1917,PED001917,2026-05-12 22:22:31,CLI01759,Cali,Aplicación móvil,,Hogar,Juego de ollas,1,289900.00,10.00,289900.00,28990.00,260910.00,Billetera digital,
1918,PED001918,2026-03-09 18:08:06,CLI00704,Barranquilla,Tienda física,BAQ-01,Oficina,Webcam Full HD,1,199900.00,15.00,199900.00,29985.00,169915.00,Tarjeta crédito,4.0
1919,PED001919,2026-05-16 11:08:21,CLI01937,Barranquilla,Tienda física,BAQ-01,Deportes,Banda caminadora,1,2243900.00,5.00,2243900.00,112195.00,2131705.00,Efectivo,2.0
1920,PED001920,2026-06-06 08:30:31,CLI02438,Medellín,Página web,,Tecnología,Audífonos Bluetooth,2,152900.00,0.00,305800.00,0.00,305800.00,Tarjeta crédito,4.0
1921,PED001921,2026-04-16 00:32:59,CLI00611,Pereira,Tienda física,PEI-01,Tecnología,Audífonos Bluetooth,2,157400.00,0.00,314800.00,0.00,314800.00,Tarjeta crédito,
1922,PED001922,2026-06-26 05:17:33,CLI01935,Medellín,Tienda física,MDE-02,Electrodomésticos,Licuadora,1,227900.00,15.00,227900.00,34185.00,193715.00,Tarjeta crédito,3.0
1923,PED001923,2026-01-13 06:56:56,CLI01130,Barranquilla,Aplicación móvil,,Deportes,Kit bandas elásticas,1,75900.00,0.00,75900.00,0.00,75900.00,Tarjeta débito,1.0
1924,PED001924,2026-02-13 23:25:02,CLI01108,Medellín,Página web,,Electrodomésticos,Arrocera,1,173300.00,0.00,173300.00,0.00,173300.00,Tarjeta débito,3.0
1925,PED001925,2026-03-15 23:32:01,CLI00728,Barranquilla,Aplicación móvil,,Hogar,Aspiradora vertical,2,474900.00,15.00,949800.00,142470.00,807330.00,PSE,
1926,PED001926,2026-06-06 20:39:21,CLI01508,Cali,Aplicación móvil,,Tecnología,Audífonos Bluetooth,1,149900.00,10.00,149900.00,14990.00,134910.00,Billetera digital,
1927,PED001927,2026-06-26 04:03:51,CLI02365,Barranquilla,Aplicación móvil,,Hogar,Organizador modular,1,119900.00,15.00,119900.00,17985.00,101915.00,Tarjeta crédito,
1928,PED001928,2026-03-08 16:32:17,CLI02025,Medellín,Aplicación móvil,,Tecnología,Smartwatch,1,346400.00,0.00,346400.00,0.00,346400.00,Tarjeta crédito,
1929,PED001929,2026-04-07 17:43:01,CLI00416,Cali,Aplicación móvil,,Electrodomésticos,Sanduchera,2,127300.00,10.00,254600.00,25460.00,229140.00,Tarjeta crédito,4.0
1930,PED001930,2026-05-12 08:23:54,CLI00039,Pereira,Tienda física,PEI-01,Tecnología,Tablet 10 pulgadas,2,944900.00,0.00,1889800.00,0.00,1889800.00,Tarjeta débito,4.0
1931,PED001931,2026-03-06 00:29:41,CLI01333,Pereira,Aplicación móvil,,Deportes,Colchoneta yoga,1,89900.00,0.00,89900.00,0.00,89900.00,Billetera digital,4.0
1932,PED001932,2026-06-04 06:25:37,CLI02115,Cali,Página web,,Tecnología,Mouse inalámbrico,1,89900.00,0.00,89900.00,0.00,89900.00,PSE,5.0
1933,PED001933,2026-03-02 10:46:46,CLI00231,Bogotá D.C.,Aplicación móvil,,Oficina,Archivador metálico,3,482900.00,5.00,1448700.00,72435.00,1376265.00,Tarjeta débito,2.0
1934,PED001934,2026-06-22 11:16:34,CLI02063,Cali,Página web,,Tecnología,Tablet 10 pulgadas,2,854900.00,0.00,1709800.00,0.00,1709800.00,Tarjeta débito,5.0
1935,PED001935,2026-04-06 15:47:27,CLI01434,Pereira,Página web,,Tecnología,Audífonos Bluetooth,2,157400.00,0.00,314800.00,0.00,314800.00,Transferencia,3.0
1936,PED001936,2026-02-19 08:54:28,CLI01302,Bogotá D.C.,Aplicación móvil,,Electrodomésticos,Horno microondas,1,579900.00,15.00,579900.00,86985.00,492915.00,PSE,
1937,PED001937,2026-05-13 08:36:38,CLI01367,Medellín,Página web,,Tecnología,Smartwatch,1,329900.00,0.00,329900.00,0.00,329900.00,PSE,4.0
1938,PED001938,2026-02-14 20:39:48,CLI00136,Bogotá D.C.,Tienda física,BOG-01,Oficina,Archivador metálico,1,482900.00,0.00,482900.00,0.00,482900.00,Tarjeta crédito,5.0
1939,PED001939,2026-02-01 12:56:53,CLI00868,Medellín,Tienda física,MDE-02,Oficina,Base para portátil,2,109900.00,0.00,219800.00,0.00,219800.00,Efectivo,5.0
1940,PED001940,2026-02-14 18:55:10,CLI00274,Medellín,Tienda física,MDE-02,Electrodomésticos,Arrocera,2,166500.00,0.00,333000.00,0.00,333000.00,Efectivo,3.0
1941,PED001941,2026-02-21 16:57:26,CLI01589,Bogotá D.C.,Página web,,Electrodomésticos,Freidora de aire,1,449900.00,10.00,449900.00,44990.00,404910.00,PSE,2.0
1942,PED001942,2026-02-24 04:02:33,CLI01609,Bogotá D.C.,Aplicación móvil,,Hogar,Juego de ollas,1,275400.00,0.00,275400.00,0.00,275400.00,PSE,5.0
1943,PED001943,2026-06-13 21:28:49,CLI01120,Bogotá D.C.,Tienda física,BOG-01,Hogar,Lámpara de mesa,2,129900.00,10.00,259800.00,25980.00,233820.00,Efectivo,
1944,PED001944,2026-03-04 10:30:11,CLI02097,Medellín,Página web,,Tecnología,Tablet 10 pulgadas,2,899900.00,0.00,1799800.00,0.00,1799800.00,Tarjeta crédito,5.0
1945,PED001945,2026-04-28 07:43:26,CLI00591,Bogotá D.C.,Aplicación móvil,,Oficina,Webcam Full HD,1,209900.00,15.00,209900.00,31485.00,178415.00,Tarjeta débito,
1946,PED001946,2026-04-07 19:04:50,CLI00480,Medellín,Aplicación móvil,,Tecnología,Audífonos Bluetooth,1,149900.00,15.00,149900.00,22485.00,127415.00,PSE,
1947,PED001947,2026-01-02 14:04:36,CLI02087,Barranquilla,Página web,,Electrodomésticos,Sanduchera,1,129900.00,5.00,129900.00,6495.00,123405.00,Tarjeta crédito,5.0
1948,PED001948,2026-05-07 05:43:08,CLI01988,Cali,Aplicación móvil,,Deportes,Banda caminadora,1,2309900.00,15.00,2309900.00,346485.00,1963415.00,Tarjeta débito,
1949,PED001949,2026-01-27 17:50:09,CLI01519,Bucaramanga,Aplicación móvil,,Deportes,Bicicleta estática,1,1469900.00,15.00,1469900.00,220485.00,1249415.00,Billetera digital,
1950,PED001950,2026-04-04 09:08:59,CLI00296,Bogotá D.C.,Página web,,Tecnología,Audífonos Bluetooth,1,157400.00,10.00,157400.00,15740.00,141660.00,Tarjeta crédito,4.0
1951,PED001951,2026-06-27 13:28:47,CLI01814,Cali,Tienda física,CLO-01,Deportes,Balón fútbol,2,119900.00,0.00,239800.00,0.00,239800.00,Tarjeta crédito,
1952,PED001952,2026-06-29 13:53:07,CLI02687,Pereira,Página web,,Tecnología,Mouse inalámbrico,3,94400.00,0.00,283200.00,0.00,283200.00,Tarjeta crédito,
1953,PED001953,2026-06-28 10:58:40,CLI01218,Medellín,Página web,,Electrodomésticos,Cafetera eléctrica,1,193700.00,15.00,193700.00,29055.00,164645.00,Tarjeta débito,4.0
1954,PED001954,2026-01-17 15:05:05,CLI01889,Cali,Tienda física,CLO-02,Electrodomésticos,Sanduchera,1,129900.00,0.00,129900.00,0.00,129900.00,Tarjeta crédito,
1955,PED001955,2026-03-08 02:26:55,CLI00506,Bogotá D.C.,Página web,,Hogar,Aspiradora vertical,1,489900.00,10.00,489900.00,48990.00,440910.00,Tarjeta crédito,5.0
1956,PED001956,2026-04-19 02:33:47,CLI01468,Pereira,Aplicación móvil,,Oficina,Archivador metálico,3,469100.00,0.00,1407300.00,0.00,1407300.00,Tarjeta crédito,4.0
1957,PED001957,2026-05-25 08:50:16,CLI00158,Bogotá D.C.,Página web,,Tecnología,Monitor 24 pulgadas,2,699900.00,5.00,1399800.00,69990.00,1329810.00,Tarjeta crédito,5.0
1958,PED001958,2026-04-10 03:09:02,CLI00344,Bogotá D.C.,Tienda física,BOG-01,Electrodomésticos,Arrocera,2,161400.00,10.00,322800.00,32280.00,290520.00,Efectivo,
1959,PED001959,2026-05-31 19:26:12,CLI00546,Bucaramanga,Tienda física,BGA-01,Hogar,Lámpara de mesa,1,136400.00,10.00,136400.00,13640.00,122760.00,Tarjeta crédito,5.0
1960,PED001960,2026-06-14 18:56:27,CLI00220,Medellín,Tienda física,MDE-02,Oficina,Impresora multifuncional,1,832900.00,0.00,832900.00,0.00,832900.00,PSE,4.0
1961,PED001961,2026-05-27 09:38:47,CLI00996,Bogotá D.C.,Tienda física,BOG-02,Tecnología,Teclado mecánico,3,229900.00,0.00,689700.00,0.00,689700.00,Tarjeta crédito,
1962,PED001962,2026-01-23 22:46:50,CLI01712,Bogotá D.C.,Tienda física,BOG-03,Oficina,Webcam Full HD,3,209900.00,10.00,629700.00,62970.00,566730.00,Efectivo,
1963,PED001963,2026-05-24 05:52:56,CLI01602,Bucaramanga,Página web,,Deportes,Kit bandas elásticas,3,78300.00,5.00,234900.00,11745.00,223155.00,PSE,5.0
1964,PED001964,2026-03-25 21:10:17,CLI00438,Bogotá D.C.,Tienda física,BOG-03,Hogar,Ventilador de torre,1,332400.00,10.00,332400.00,33240.00,299160.00,Tarjeta crédito,4.0
1965,PED001965,2026-04-28 20:02:28,CLI00583,Bogotá D.C.,Página web,,Electrodomésticos,Sanduchera,3,129900.00,10.00,389700.00,38970.00,350730.00,Tarjeta crédito,4.0
1966,PED001966,2026-04-10 15:23:02,CLI00105,Bogotá D.C.,Tienda física,BOG-03,Electrodomésticos,Licuadora,1,239900.00,15.00,239900.00,35985.00,203915.00,Tarjeta crédito,
1967,PED001967,2026-06-24 16:21:34,CLI00534,Bogotá D.C.,Página web,,Tecnología,Smartwatch,1,329900.00,10.00,329900.00,32990.00,296910.00,Transferencia,4.0
1968,PED001968,2026-03-12 19:59:58,CLI02081,Bogotá D.C.,Página web,,Hogar,Juego de ollas,1,289900.00,10.00,289900.00,28990.00,260910.00,Tarjeta crédito,3.0
1969,PED001969,2026-06-26 19:32:41,CLI02342,Bogotá D.C.,Tienda física,BOG-03,Deportes,Mancuernas ajustables,1,407900.00,10.00,407900.00,40790.00,367110.00,PSE,5.0
1970,PED001970,2026-03-12 08:06:01,CLI02408,Bucaramanga,Aplicación móvil,,Tecnología,Audífonos Bluetooth,3,142400.00,0.00,427200.00,0.00,427200.00,Tarjeta crédito,4.0
1971,PED001971,2026-03-29 07:57:37,CLI01141,Medellín,Página web,,Hogar,Organizador modular,4,125900.00,0.00,503600.00,0.00,503600.00,Tarjeta débito,5.0
1972,PED001972,2026-01-20 04:51:21,CLI01680,Bogotá D.C.,Página web,,Tecnología,Audífonos Bluetooth,1,142400.00,10.00,142400.00,14240.00,128160.00,Tarjeta crédito,4.0
1973,PED001973,2026-02-05 03:58:45,CLI01087,Pereira,Página web,,Tecnología,Smartwatch,1,346400.00,0.00,346400.00,0.00,346400.00,PSE,5.0
1974,PED001974,2026-05-14 07:57:11,CLI02269,Bogotá D.C.,Página web,,Tecnología,Smartwatch,1,346400.00,0.00,346400.00,0.00,346400.00,Tarjeta débito,4.0
1975,PED001975,2026-02-14 20:56:59,CLI01714,Bogotá D.C.,Página web,,Deportes,Bicicleta estática,4,1499900.00,0.00,5999600.00,0.00,5999600.00,PSE,3.0
1976,PED001976,2026-03-13 08:52:16,CLI02523,Barranquilla,Aplicación móvil,,Electrodomésticos,Arrocera,1,166500.00,0.00,166500.00,0.00,166500.00,Tarjeta crédito,
1977,PED001977,2026-05-03 23:55:30,CLI00077,Cali,Página web,,Deportes,Balón fútbol,1,113900.00,15.00,113900.00,17085.00,96815.00,PSE,
1978,PED001978,2026-03-25 10:05:52,CLI01928,Bogotá D.C.,Aplicación móvil,,Hogar,Aspiradora vertical,1,499900.00,15.00,499900.00,74985.00,424915.00,Billetera digital,
1979,PED001979,2026-05-31 06:29:34,CLI02220,Cali,Tienda física,CLO-02,Tecnología,Teclado mecánico,2,229900.00,0.00,459800.00,0.00,459800.00,Tarjeta débito,4.0
1980,PED001980,2026-05-30 15:48:57,CLI00999,Bucaramanga,Página web,,Tecnología,Monitor 24 pulgadas,1,713900.00,15.00,713900.00,107085.00,606815.00,Tarjeta débito,
1981,PED001981,2026-06-04 05:51:43,CLI00118,Medellín,Página web,,Tecnología,Tablet 10 pulgadas,2,917900.00,20.00,1835800.00,367160.00,1468640.00,Tarjeta crédito,5.0
1982,PED001982,2026-05-24 23:53:56,CLI02382,Cali,Página web,,Hogar,Aspiradora vertical,1,509900.00,20.00,509900.00,101980.00,407920.00,Tarjeta crédito,
1983,PED001983,2026-01-02 08:10:03,CLI00913,Barranquilla,Tienda física,BAQ-01,Electrodomésticos,Horno microondas,1,568300.00,10.00,568300.00,56830.00,511470.00,Tarjeta débito,
1984,PED001984,2026-03-26 20:40:49,CLI02064,Bogotá D.C.,Tienda física,BOG-02,Electrodomésticos,Freidora de aire,3,449900.00,0.00,1349700.00,0.00,1349700.00,Tarjeta crédito,3.0
1985,PED001985,2026-01-11 05:21:37,CLI02318,Bogotá D.C.,Página web,,Tecnología,Monitor 24 pulgadas,3,685900.00,0.00,2057700.00,0.00,2057700.00,Transferencia,5.0
1986,PED001986,2026-04-09 01:17:29,CLI01267,Cali,Tienda física,CLO-02,Oficina,Impresora multifuncional,2,849900.00,10.00,1699800.00,169980.00,1529820.00,Tarjeta crédito,
1987,PED001987,2026-04-22 22:32:29,CLI01865,Bucaramanga,Aplicación móvil,,Oficina,Webcam Full HD,1,209900.00,0.00,209900.00,0.00,209900.00,Tarjeta débito,5.0
1988,PED001988,2026-03-04 02:34:54,CLI02528,Medellín,Tienda física,MDE-02,Tecnología,Smartwatch,3,346400.00,0.00,1039200.00,0.00,1039200.00,Efectivo,
1989,PED001989,2026-06-01 04:49:01,CLI02188,Bogotá D.C.,Página web,,Oficina,Escritorio ajustable,1,1139900.00,0.00,1139900.00,0.00,1139900.00,Tarjeta crédito,5.0
1990,PED001990,2026-06-24 03:15:16,CLI02265,Bogotá D.C.,Tienda física,BOG-02,Oficina,Silla ergonómica,2,749900.00,0.00,1499800.00,0.00,1499800.00,Tarjeta débito,
1991,PED001991,2026-03-16 22:59:35,CLI00406,Medellín,Tienda física,MDE-02,Tecnología,Smartwatch,1,329900.00,5.00,329900.00,16495.00,313405.00,Tarjeta débito,
1992,PED001992,2026-03-13 06:20:34,CLI01970,Medellín,Aplicación móvil,,Oficina,Base para portátil,1,109900.00,0.00,109900.00,0.00,109900.00,Tarjeta débito,5.0
1993,PED001993,2026-02-08 17:51:21,CLI02625,Bogotá D.C.,Tienda física,BOG-02,Oficina,Impresora multifuncional,2,849900.00,0.00,1699800.00,0.00,1699800.00,Efectivo,
1994,PED001994,2026-04-09 13:49:31,CLI00394,Medellín,Aplicación móvil,,Oficina,Archivador metálico,1,436900.00,0.00,436900.00,0.00,436900.00,Tarjeta crédito,5.0
1995,PED001995,2026-03-14 06:22:22,CLI00566,Cali,Aplicación móvil,,Oficina,Webcam Full HD,2,189900.00,5.00,379800.00,18990.00,360810.00,Billetera digital,5.0
1996,PED001996,2026-01-13 21:13:04,CLI00708,Pereira,Tienda física,PEI-01,Electrodomésticos,Freidora de aire,1,449900.00,10.00,449900.00,44990.00,404910.00,PSE,
1997,PED001997,2026-02-21 05:00:32,CLI02473,Bucaramanga,Tienda física,BGA-01,Deportes,Kit bandas elásticas,1,78300.00,5.00,78300.00,3915.00,74385.00,Tarjeta débito,5.0
1998,PED001998,2026-01-18 23:10:33,CLI00136,Bogotá D.C.,Tienda física,BOG-02,Oficina,Base para portátil,2,109900.00,15.00,219800.00,32970.00,186830.00,Tarjeta débito,5.0
1999,PED001999,2026-05-31 16:57:32,CLI00880,Bogotá D.C.,Página web,,Tecnología,Mouse inalámbrico,1,89900.00,5.00,89900.00,4495.00,85405.00,Tarjeta débito,3.0
2000,PED002000,2026-02-24 09:46:20,CLI01981,Cali,Página web,,Electrodomésticos,Horno microondas,1,579900.00,10.00,579900.00,57990.00,521910.00,Tarjeta crédito,2.0
2001,PED002001,2026-03-27 05:37:25,CLI01584,Bogotá D.C.,Aplicación móvil,,Tecnología,Smartwatch,1,313400.00,10.00,313400.00,31340.00,282060.00,PSE,2.0
2002,PED002002,2026-05-10 07:19:08,CLI02493,Bogotá D.C.,Tienda física,BOG-03,Oficina,Webcam Full HD,1,209900.00,0.00,209900.00,0.00,209900.00,Tarjeta crédito,5.0
2003,PED002003,2026-06-15 06:01:47,CLI02250,Cali,Página web,,Oficina,Base para portátil,1,109900.00,10.00,109900.00,10990.00,98910.00,Tarjeta crédito,
2004,PED002004,2026-06-15 00:42:43,CLI01720,Medellín,Aplicación móvil,,Deportes,Banda caminadora,2,2199900.00,5.00,4399800.00,219990.00,4179810.00,Tarjeta crédito,
2005,PED002005,2026-02-28 00:19:55,CLI01982,Cali,Página web,,Tecnología,Audífonos Bluetooth,3,149900.00,10.00,449700.00,44970.00,404730.00,Tarjeta débito,
2006,PED002006,2026-04-11 03:47:42,CLI01324,Barranquilla,Tienda física,BAQ-01,Oficina,Silla ergonómica,1,787400.00,5.00,787400.00,39370.00,748030.00,Efectivo,
2007,PED002007,2026-05-24 01:12:23,CLI00839,Cali,Tienda física,CLO-02,Electrodomésticos,Licuadora,1,244700.00,5.00,244700.00,12235.00,232465.00,Tarjeta crédito,5.0
2008,PED002008,2026-01-24 04:00:39,CLI00469,Cali,Tienda física,CLO-02,Oficina,Silla ergonómica,1,764900.00,0.00,764900.00,0.00,764900.00,Tarjeta débito,
2009,PED002009,2026-05-25 18:28:35,CLI02115,Medellín,Aplicación móvil,,Hogar,Lámpara de mesa,1,129900.00,15.00,129900.00,19485.00,110415.00,PSE,
2010,PED002010,2026-06-20 10:17:41,CLI01382,Pereira,Aplicación móvil,,Oficina,Base para portátil,1,112100.00,20.00,112100.00,22420.00,89680.00,Billetera digital,5.0
2011,PED002011,2026-05-03 16:28:13,CLI02462,Medellín,Aplicación móvil,,Deportes,Mancuernas ajustables,1,399900.00,0.00,399900.00,0.00,399900.00,PSE,
2012,PED002012,2026-05-09 02:51:03,CLI02061,Barranquilla,Página web,,Hogar,Juego de ollas,1,289900.00,10.00,289900.00,28990.00,260910.00,Tarjeta crédito,
2013,PED002013,2026-05-09 15:29:45,CLI01909,Barranquilla,Página web,,Deportes,Mancuernas ajustables,2,399900.00,0.00,799800.00,0.00,799800.00,PSE,
2014,PED002014,2026-06-14 01:54:40,CLI02564,Barranquilla,Tienda física,BAQ-01,Deportes,Balón fútbol,1,119900.00,15.00,119900.00,17985.00,101915.00,Tarjeta crédito,3.0
2015,PED002015,2026-03-08 03:11:51,CLI00857,Medellín,Aplicación móvil,,Deportes,Balón fútbol,1,117500.00,0.00,117500.00,0.00,117500.00,Tarjeta débito,
2016,PED002016,2026-04-18 02:01:09,CLI00700,Medellín,Tienda física,MDE-02,Hogar,Purificador de aire,1,799900.00,20.00,799900.00,159980.00,639920.00,Efectivo,4.0
2017,PED002017,2026-05-01 23:13:34,CLI02269,Cali,Página web,,Electrodomésticos,Arrocera,1,173300.00,0.00,173300.00,0.00,173300.00,PSE,
2018,PED002018,2026-01-09 15:06:20,CLI01006,Bucaramanga,Aplicación móvil,,Tecnología,Tablet 10 pulgadas,2,881900.00,10.00,1763800.00,176380.00,1587420.00,Tarjeta crédito,
2019,PED002019,2026-01-03 00:39:55,CLI00221,Medellín,Aplicación móvil,,Oficina,Base para portátil,3,115400.00,15.00,346200.00,51930.00,294270.00,Tarjeta débito,5.0
2020,PED002020,2026-03-14 03:02:59,CLI01876,Barranquilla,Página web,,Tecnología,Teclado mecánico,3,229900.00,0.00,689700.00,0.00,689700.00,Tarjeta débito,5.0
2021,PED002021,2026-03-26 07:12:25,CLI01858,Bogotá D.C.,Página web,,Deportes,Banda caminadora,3,2155900.00,0.00,6467700.00,0.00,6467700.00,PSE,
2022,PED002022,2026-03-16 17:00:07,CLI01045,Cali,Página web,,Electrodomésticos,Freidora de aire,1,449900.00,5.00,449900.00,22495.00,427405.00,Tarjeta débito,
2023,PED002023,2026-06-17 19:02:21,CLI01872,Pereira,Página web,,Hogar,Ventilador de torre,1,349900.00,20.00,349900.00,69980.00,279920.00,Tarjeta crédito,4.0
2024,PED002024,2026-06-26 16:08:26,CLI00342,Bucaramanga,Aplicación móvil,,Oficina,Base para portátil,2,107700.00,5.00,215400.00,10770.00,204630.00,Tarjeta crédito,3.0
2025,PED002025,2026-06-02 05:50:07,CLI01002,Barranquilla,Página web,,Tecnología,Mouse inalámbrico,1,89900.00,15.00,89900.00,13485.00,76415.00,Tarjeta crédito,
2026,PED002026,2026-03-24 03:18:34,CLI01296,Bucaramanga,Página web,,Oficina,Base para portátil,1,115400.00,10.00,115400.00,11540.00,103860.00,PSE,5.0
2027,PED002027,2026-06-09 21:42:23,CLI00275,Bucaramanga,Página web,,Electrodomésticos,Cafetera eléctrica,1,189900.00,0.00,189900.00,0.00,189900.00,PSE,
2028,PED002028,2026-01-23 05:43:00,CLI00664,Bogotá D.C.,Página web,,Tecnología,Teclado mecánico,1,241400.00,10.00,241400.00,24140.00,217260.00,Tarjeta crédito,
2029,PED002029,2026-02-06 07:11:38,CLI00639,Pereira,Página web,,Hogar,Aspiradora vertical,1,499900.00,10.00,499900.00,49990.00,449910.00,PSE,5.0
2030,PED002030,2026-03-31 00:46:05,CLI00048,Barranquilla,Tienda física,BAQ-01,Deportes,Banda caminadora,2,2199900.00,0.00,4399800.00,0.00,4399800.00,Tarjeta crédito,
2031,PED002031,2026-05-12 04:55:37,CLI00659,Barranquilla,Aplicación móvil,,Deportes,Bicicleta estática,1,1424900.00,10.00,1424900.00,142490.00,1282410.00,Tarjeta crédito,5.0
2032,PED002032,2026-03-31 16:04:25,CLI00507,Bogotá D.C.,Página web,,Deportes,Mancuernas ajustables,1,399900.00,10.00,399900.00,39990.00,359910.00,PSE,
2033,PED002033,2026-04-24 01:11:52,CLI01844,Cali,Tienda física,CLO-02,Tecnología,Mouse inalámbrico,1,94400.00,0.00,94400.00,0.00,94400.00,Efectivo,
2034,PED002034,2026-02-16 22:26:41,CLI01823,Bogotá D.C.,Aplicación móvil,,Hogar,Organizador modular,1,113900.00,5.00,113900.00,5695.00,108205.00,Billetera digital,5.0
2035,PED002035,2026-02-17 13:48:05,CLI00253,Pereira,Tienda física,PEI-01,Tecnología,Teclado mecánico,1,229900.00,0.00,229900.00,0.00,229900.00,Tarjeta crédito,4.0
2036,PED002036,2026-06-02 09:27:26,CLI01550,Cali,Aplicación móvil,,Deportes,Colchoneta yoga,1,85400.00,10.00,85400.00,8540.00,76860.00,Tarjeta crédito,3.0
2037,PED002037,2026-03-30 16:22:06,CLI00416,Medellín,Tienda física,MDE-01,Tecnología,Teclado mecánico,1,241400.00,10.00,241400.00,24140.00,217260.00,Efectivo,5.0
2038,PED002038,2026-01-16 23:58:16,CLI01965,Cali,Página web,,Tecnología,Smartwatch,3,313400.00,5.00,940200.00,47010.00,893190.00,Tarjeta crédito,
2039,PED002039,2026-05-29 22:21:04,CLI02221,Bogotá D.C.,Aplicación móvil,,Hogar,Lámpara de mesa,3,127300.00,5.00,381900.00,19095.00,362805.00,Tarjeta débito,5.0
2040,PED002040,2026-04-22 23:00:19,CLI00050,Bogotá D.C.,Aplicación móvil,,Deportes,Mancuernas ajustables,1,399900.00,20.00,399900.00,79980.00,319920.00,Tarjeta crédito,3.0
2041,PED002041,2026-05-16 12:16:18,CLI01712,Cali,Página web,,Electrodomésticos,Cafetera eléctrica,1,189900.00,0.00,189900.00,0.00,189900.00,Tarjeta débito,
2042,PED002042,2026-06-17 12:44:12,CLI00872,Bogotá D.C.,Aplicación móvil,,Tecnología,Audífonos Bluetooth,1,149900.00,10.00,149900.00,14990.00,134910.00,PSE,2.0
2043,PED002043,2026-06-23 19:45:05,CLI00896,Medellín,Tienda física,MDE-02,Oficina,Impresora multifuncional,1,892400.00,0.00,892400.00,0.00,892400.00,Efectivo,5.0
2044,PED002044,2026-02-28 07:24:08,CLI01130,Cali,Aplicación móvil,,Tecnología,Smartwatch,1,329900.00,10.00,329900.00,32990.00,296910.00,Billetera digital,4.0
2045,PED002045,2026-03-07 01:39:10,CLI02276,Bogotá D.C.,Aplicación móvil,,Deportes,Banda caminadora,1,2199900.00,5.00,2199900.00,109995.00,2089905.00,Tarjeta débito,
2046,PED002046,2026-05-25 05:29:12,CLI01617,Cali,Página web,,Electrodomésticos,Horno microondas,3,579900.00,0.00,1739700.00,0.00,1739700.00,PSE,5.0
2047,PED002047,2026-02-06 07:23:48,CLI00978,Medellín,Tienda física,MDE-02,Deportes,Colchoneta yoga,1,89900.00,15.00,89900.00,13485.00,76415.00,Tarjeta crédito,
2048,PED002048,2026-04-10 21:23:15,CLI01744,Bogotá D.C.,Aplicación móvil,,Tecnología,Teclado mecánico,1,229900.00,5.00,229900.00,11495.00,218405.00,PSE,
2049,PED002049,2026-05-03 11:37:34,CLI01919,Bogotá D.C.,Aplicación móvil,,Tecnología,Mouse inalámbrico,1,88100.00,0.00,88100.00,0.00,88100.00,Tarjeta crédito,4.0
2050,PED002050,2026-02-07 03:23:53,CLI01595,Barranquilla,Tienda física,BAQ-01,Tecnología,Audífonos Bluetooth,1,146900.00,0.00,146900.00,0.00,146900.00,Tarjeta crédito,4.0
2051,PED002051,2026-03-05 08:49:54,CLI00717,Bogotá D.C.,Página web,,Oficina,Webcam Full HD,1,195900.00,10.00,195900.00,19590.00,176310.00,Tarjeta débito,2.0
2052,PED002052,2026-03-08 04:29:21,CLI02198,Barranquilla,Aplicación móvil,,Tecnología,Monitor 24 pulgadas,1,734900.00,0.00,734900.00,0.00,734900.00,Tarjeta crédito,5.0
2053,PED002053,2026-02-14 17:04:44,CLI01477,Bogotá D.C.,Tienda física,BOG-01,Electrodomésticos,Licuadora,1,239900.00,10.00,239900.00,23990.00,215910.00,Tarjeta débito,
2054,PED002054,2026-01-08 09:29:34,CLI01431,Bogotá D.C.,Página web,,Hogar,Ventilador de torre,1,349900.00,10.00,349900.00,34990.00,314910.00,PSE,4.0
2055,PED002055,2026-02-26 09:24:42,CLI00732,Medellín,Página web,,Tecnología,Smartwatch,1,329900.00,10.00,329900.00,32990.00,296910.00,PSE,1.0
2056,PED002056,2026-03-16 15:26:13,CLI01697,Bogotá D.C.,Página web,,Electrodomésticos,Cafetera eléctrica,2,180400.00,0.00,360800.00,0.00,360800.00,Tarjeta crédito,4.0
2057,PED002057,2026-01-25 01:36:37,CLI01254,Bogotá D.C.,Aplicación móvil,,Tecnología,Mouse inalámbrico,1,89900.00,5.00,89900.00,4495.00,85405.00,Tarjeta crédito,
2058,PED002058,2026-04-17 09:52:11,CLI00731,Barranquilla,Página web,,Oficina,Impresora multifuncional,1,807400.00,0.00,807400.00,0.00,807400.00,Tarjeta crédito,5.0
2059,PED002059,2026-04-08 15:54:03,CLI00407,Bogotá D.C.,Aplicación móvil,,Electrodomésticos,Freidora de aire,1,449900.00,10.00,449900.00,44990.00,404910.00,PSE,4.0
2060,PED002060,2026-05-09 19:53:35,CLI02681,Bogotá D.C.,Página web,,Tecnología,Tablet 10 pulgadas,1,881900.00,0.00,881900.00,0.00,881900.00,Tarjeta crédito,4.0
2061,PED002061,2026-03-21 14:32:47,CLI01670,Bogotá D.C.,Tienda física,BOG-01,Deportes,Colchoneta yoga,2,89900.00,0.00,179800.00,0.00,179800.00,Tarjeta crédito,
2062,PED002062,2026-06-29 17:34:20,CLI02286,Bogotá D.C.,Tienda física,BOG-03,Deportes,Banda caminadora,1,2199900.00,5.00,2199900.00,109995.00,2089905.00,Tarjeta crédito,5.0
2063,PED002063,2026-06-20 03:55:03,CLI02103,Barranquilla,Aplicación móvil,,Oficina,Silla ergonómica,3,749900.00,0.00,2249700.00,0.00,2249700.00,Tarjeta crédito,5.0
2064,PED002064,2026-01-23 09:11:04,CLI00446,Bogotá D.C.,Página web,,Tecnología,Teclado mecánico,2,234500.00,15.00,469000.00,70350.00,398650.00,Tarjeta crédito,5.0
2065,PED002065,2026-02-27 13:23:16,CLI01572,Cali,Página web,,Oficina,Silla ergonómica,1,764900.00,0.00,764900.00,0.00,764900.00,Tarjeta débito,4.0
2066,PED002066,2026-03-01 10:23:17,CLI01282,Bucaramanga,Página web,,Deportes,Banda caminadora,1,2155900.00,0.00,2155900.00,0.00,2155900.00,PSE,
2067,PED002067,2026-05-22 07:09:16,CLI01611,Bogotá D.C.,Aplicación móvil,,Deportes,Bicicleta estática,1,1424900.00,0.00,1424900.00,0.00,1424900.00,Billetera digital,
2068,PED002068,2026-04-03 03:36:28,CLI02649,Barranquilla,Página web,,Electrodomésticos,Arrocera,1,178400.00,0.00,178400.00,0.00,178400.00,PSE,3.0
2069,PED002069,2026-05-22 16:26:51,CLI01337,Medellín,Aplicación móvil,,Tecnología,Audífonos Bluetooth,1,146900.00,20.00,146900.00,29380.00,117520.00,PSE,5.0
2070,PED002070,2026-06-04 07:15:44,CLI01978,Medellín,Aplicación móvil,,Tecnología,Teclado mecánico,1,225300.00,0.00,225300.00,0.00,225300.00,Billetera digital,
2071,PED002071,2026-01-04 11:58:35,CLI02083,Cali,Tienda física,CLO-01,Tecnología,Monitor 24 pulgadas,1,734900.00,5.00,734900.00,36745.00,698155.00,Tarjeta débito,
2072,PED002072,2026-01-18 20:58:30,CLI02516,Medellín,Página web,,Electrodomésticos,Freidora de aire,2,449900.00,10.00,899800.00,89980.00,809820.00,Tarjeta crédito,5.0
2073,PED002073,2026-01-20 11:17:01,CLI01255,Cali,Página web,,Tecnología,Monitor 24 pulgadas,1,699900.00,5.00,699900.00,34995.00,664905.00,Tarjeta crédito,5.0
2074,PED002074,2026-05-22 21:42:40,CLI01105,Medellín,Página web,,Tecnología,Monitor 24 pulgadas,2,664900.00,0.00,1329800.00,0.00,1329800.00,PSE,4.0
2075,PED002075,2026-01-11 04:06:56,CLI02173,Bucaramanga,Aplicación móvil,,Hogar,Lámpara de mesa,1,129900.00,0.00,129900.00,0.00,129900.00,Tarjeta crédito,
2076,PED002076,2026-02-22 18:55:20,CLI00098,Pereira,Tienda física,PEI-01,Hogar,Ventilador de torre,1,349900.00,0.00,349900.00,0.00,349900.00,Tarjeta crédito,4.0
2077,PED002077,2026-05-01 08:08:09,CLI01643,Bucaramanga,Tienda física,BGA-01,Tecnología,Smartwatch,2,323300.00,15.00,646600.00,96990.00,549610.00,Tarjeta crédito,4.0
2078,PED002078,2026-04-21 08:44:04,CLI00168,Barranquilla,Página web,,Tecnología,Mouse inalámbrico,1,88100.00,0.00,88100.00,0.00,88100.00,PSE,
2079,PED002079,2026-01-31 23:15:33,CLI02507,Pereira,Página web,,Electrodomésticos,Arrocera,1,178400.00,5.00,178400.00,8920.00,169480.00,PSE,
2080,PED002080,2026-06-03 03:46:30,CLI00236,Cali,Aplicación móvil,,Deportes,Bicicleta estática,1,1424900.00,0.00,1424900.00,0.00,1424900.00,PSE,5.0
2081,PED002081,2026-04-27 02:06:12,CLI01705,Bogotá D.C.,Página web,,Deportes,Kit bandas elásticas,1,81500.00,10.00,81500.00,8150.00,73350.00,PSE,4.0
2082,PED002082,2026-01-18 05:24:00,CLI00594,Medellín,Aplicación móvil,,Hogar,Purificador de aire,1,799900.00,5.00,799900.00,39995.00,759905.00,PSE,5.0
2083,PED002083,2026-06-22 02:25:18,CLI00154,Medellín,Página web,,Oficina,Impresora multifuncional,2,832900.00,15.00,1665800.00,249870.00,1415930.00,PSE,
2084,PED002084,2026-03-31 07:08:38,CLI02669,Medellín,Tienda física,MDE-01,Deportes,Mancuernas ajustables,1,407900.00,0.00,407900.00,0.00,407900.00,Efectivo,4.0
2085,PED002085,2026-03-30 01:18:38,CLI01336,Pereira,Aplicación móvil,,Tecnología,Audífonos Bluetooth,2,149900.00,0.00,299800.00,0.00,299800.00,Tarjeta crédito,4.0
2086,PED002086,2026-02-04 15:46:17,CLI00942,Cali,Tienda física,CLO-02,Electrodomésticos,Sanduchera,1,129900.00,5.00,129900.00,6495.00,123405.00,Tarjeta crédito,
2087,PED002087,2026-04-06 23:09:23,CLI02171,Bogotá D.C.,Tienda física,BOG-02,Electrodomésticos,Cafetera eléctrica,1,180400.00,10.00,180400.00,18040.00,162360.00,Efectivo,
2088,PED002088,2026-06-04 20:50:45,CLI00462,Cali,Página web,,Oficina,Escritorio ajustable,1,1199900.00,0.00,1199900.00,0.00,1199900.00,Tarjeta crédito,
2089,PED002089,2026-02-15 04:54:38,CLI00688,Bucaramanga,Aplicación móvil,,Deportes,Banda caminadora,2,2199900.00,0.00,4399800.00,0.00,4399800.00,Billetera digital,
2090,PED002090,2026-06-13 07:37:37,CLI02408,Bogotá D.C.,Página web,,Hogar,Organizador modular,1,125900.00,0.00,125900.00,0.00,125900.00,Tarjeta crédito,
2091,PED002091,2026-05-25 02:48:53,CLI00023,Bogotá D.C.,Página web,,Deportes,Bicicleta estática,2,1574900.00,0.00,3149800.00,0.00,3149800.00,PSE,4.0
2092,PED002092,2026-02-25 18:45:48,CLI00637,Bogotá D.C.,Aplicación móvil,,Electrodomésticos,Freidora de aire,1,427400.00,0.00,427400.00,0.00,427400.00,PSE,
2093,PED002093,2026-02-01 02:56:22,CLI00705,Bogotá D.C.,Aplicación móvil,,Tecnología,Tablet 10 pulgadas,1,944900.00,0.00,944900.00,0.00,944900.00,PSE,4.0
2094,PED002094,2026-04-06 13:42:04,CLI01286,Bucaramanga,Página web,,Hogar,Ventilador de torre,1,356900.00,0.00,356900.00,0.00,356900.00,Tarjeta crédito,2.0
2095,PED002095,2026-01-22 09:22:30,CLI01887,Cali,Tienda física,CLO-02,Electrodomésticos,Freidora de aire,1,458900.00,0.00,458900.00,0.00,458900.00,Tarjeta débito,
2096,PED002096,2026-01-21 04:41:27,CLI01524,Medellín,Página web,,Hogar,Aspiradora vertical,1,524900.00,20.00,524900.00,104980.00,419920.00,Tarjeta crédito,
2097,PED002097,2026-05-25 00:51:40,CLI00593,Medellín,Página web,,Deportes,Mancuernas ajustables,1,399900.00,5.00,399900.00,19995.00,379905.00,PSE,5.0
2098,PED002098,2026-01-17 10:55:50,CLI00172,Bucaramanga,Tienda física,BGA-01,Electrodomésticos,Arrocera,1,173300.00,0.00,173300.00,0.00,173300.00,Tarjeta crédito,5.0
2099,PED002099,2026-04-08 20:51:58,CLI01716,Cali,Tienda física,CLO-01,Tecnología,Audífonos Bluetooth,1,142400.00,20.00,142400.00,28480.00,113920.00,Tarjeta crédito,4.0
2100,PED002100,2026-03-20 17:50:09,CLI00687,Pereira,Página web,,Deportes,Colchoneta yoga,2,88100.00,5.00,176200.00,8810.00,167390.00,PSE,
2101,PED002101,2026-03-07 14:58:27,CLI01491,Pereira,Aplicación móvil,,Electrodomésticos,Arrocera,1,169900.00,15.00,169900.00,25485.00,144415.00,Tarjeta crédito,
2102,PED002102,2026-05-23 06:24:31,CLI02562,Bogotá D.C.,Página web,,Electrodomésticos,Licuadora,1,235100.00,20.00,235100.00,47020.00,188080.00,Tarjeta crédito,
2103,PED002103,2026-03-31 11:37:59,CLI02402,Bogotá D.C.,Aplicación móvil,,Electrodomésticos,Cafetera eléctrica,1,199400.00,0.00,199400.00,0.00,199400.00,PSE,5.0
2104,PED002104,2026-06-27 18:48:09,CLI02071,Cali,Tienda física,CLO-02,Deportes,Kit bandas elásticas,1,79900.00,10.00,79900.00,7990.00,71910.00,Tarjeta débito,5.0
2105,PED002105,2026-04-06 13:16:54,CLI00973,Cali,Tienda física,CLO-01,Hogar,Organizador modular,1,119900.00,10.00,119900.00,11990.00,107910.00,PSE,4.0
2106,PED002106,2026-06-23 21:53:32,CLI01624,Pereira,Tienda física,PEI-01,Tecnología,Mouse inalámbrico,1,91700.00,5.00,91700.00,4585.00,87115.00,PSE,4.0
2107,PED002107,2026-03-08 23:20:00,CLI01030,Medellín,Aplicación móvil,,Oficina,Escritorio ajustable,1,1199900.00,20.00,1199900.00,239980.00,959920.00,PSE,
2108,PED002108,2026-01-21 04:02:33,CLI01712,Bogotá D.C.,Aplicación móvil,,Electrodomésticos,Sanduchera,1,129900.00,10.00,129900.00,12990.00,116910.00,PSE,
2109,PED002109,2026-01-22 01:21:43,CLI00879,Cali,Página web,,Electrodomésticos,Freidora de aire,2,472400.00,0.00,944800.00,0.00,944800.00,Tarjeta crédito,5.0
2110,PED002110,2026-02-14 14:35:53,CLI01786,Cali,Página web,,Electrodomésticos,Licuadora,1,239900.00,0.00,239900.00,0.00,239900.00,Tarjeta crédito,
2111,PED002111,2026-06-08 03:40:10,CLI00040,Medellín,Página web,,Tecnología,Monitor 24 pulgadas,1,664900.00,0.00,664900.00,0.00,664900.00,Transferencia,3.0
2112,PED002112,2026-01-25 01:03:25,CLI00743,Bucaramanga,Página web,,Hogar,Ventilador de torre,1,342900.00,10.00,342900.00,34290.00,308610.00,Tarjeta débito,
2113,PED002113,2026-03-05 11:27:27,CLI00981,Bucaramanga,Página web,,Oficina,Archivador metálico,2,450700.00,10.00,901400.00,90140.00,811260.00,Tarjeta débito,
2114,PED002114,2026-06-09 17:20:51,CLI00723,Medellín,Página web,,Oficina,Escritorio ajustable,1,1139900.00,0.00,1139900.00,0.00,1139900.00,PSE,5.0
2115,PED002115,2026-04-08 18:01:37,CLI01006,Bucaramanga,Página web,,Tecnología,Mouse inalámbrico,2,89900.00,5.00,179800.00,8990.00,170810.00,Tarjeta débito,
2116,PED002116,2026-06-12 03:42:26,CLI00625,Medellín,Página web,,Electrodomésticos,Freidora de aire,1,427400.00,10.00,427400.00,42740.00,384660.00,Tarjeta crédito,
2117,PED002117,2026-02-07 09:04:12,CLI02648,Pereira,Página web,,Hogar,Organizador modular,2,125900.00,0.00,251800.00,0.00,251800.00,Tarjeta crédito,
2118,PED002118,2026-01-13 00:13:05,CLI01221,Bogotá D.C.,Tienda física,BOG-02,Tecnología,Tablet 10 pulgadas,1,944900.00,0.00,944900.00,0.00,944900.00,Efectivo,5.0
2119,PED002119,2026-04-23 23:25:58,CLI00522,Medellín,Página web,,Deportes,Colchoneta yoga,1,94400.00,0.00,94400.00,0.00,94400.00,PSE,4.0
2120,PED002120,2026-06-04 06:38:06,CLI00096,Bucaramanga,Aplicación móvil,,Hogar,Ventilador de torre,1,349900.00,5.00,349900.00,17495.00,332405.00,Tarjeta crédito,5.0
2121,PED002121,2026-02-02 12:41:46,CLI02158,Medellín,Tienda física,MDE-02,Electrodomésticos,Sanduchera,1,132500.00,0.00,132500.00,0.00,132500.00,PSE,
2122,PED002122,2026-04-26 15:28:24,CLI02640,Medellín,Aplicación móvil,,Hogar,Ventilador de torre,1,356900.00,0.00,356900.00,0.00,356900.00,Tarjeta crédito,
2123,PED002123,2026-02-28 03:28:17,CLI00457,Bogotá D.C.,Tienda física,BOG-01,Hogar,Organizador modular,1,125900.00,5.00,125900.00,6295.00,119605.00,Tarjeta crédito,5.0
2124,PED002124,2026-04-07 08:07:34,CLI02616,Bogotá D.C.,Página web,,Hogar,Juego de ollas,1,284100.00,10.00,284100.00,28410.00,255690.00,PSE,
2125,PED002125,2026-05-21 15:51:06,CLI00854,Medellín,Página web,,Hogar,Aspiradora vertical,1,499900.00,5.00,499900.00,24995.00,474905.00,Tarjeta crédito,5.0
2126,PED002126,2026-06-16 17:47:28,CLI01270,Bucaramanga,Aplicación móvil,,Tecnología,Monitor 24 pulgadas,1,713900.00,10.00,713900.00,71390.00,642510.00,PSE,3.0
2127,PED002127,2026-03-04 17:29:13,CLI00082,Bogotá D.C.,Aplicación móvil,,Deportes,Mancuernas ajustables,1,399900.00,0.00,399900.00,0.00,399900.00,Tarjeta débito,4.0
2128,PED002128,2026-03-17 17:55:18,CLI01029,Medellín,Tienda física,MDE-02,Electrodomésticos,Cafetera eléctrica,1,199400.00,0.00,199400.00,0.00,199400.00,PSE,
2129,PED002129,2026-04-25 21:48:15,CLI01607,Bogotá D.C.,Tienda física,BOG-02,Oficina,Escritorio ajustable,1,1199900.00,0.00,1199900.00,0.00,1199900.00,Tarjeta débito,4.0
2130,PED002130,2026-03-23 14:22:57,CLI01679,Bogotá D.C.,Página web,,Hogar,Ventilador de torre,1,349900.00,10.00,349900.00,34990.00,314910.00,Tarjeta crédito,
2131,PED002131,2026-04-16 16:47:20,CLI02668,Medellín,Aplicación móvil,,Deportes,Mancuernas ajustables,1,379900.00,0.00,379900.00,0.00,379900.00,Billetera digital,
2132,PED002132,2026-03-30 00:48:17,CLI00714,Bogotá D.C.,Tienda física,BOG-01,Tecnología,Mouse inalámbrico,1,85400.00,10.00,85400.00,8540.00,76860.00,PSE,
2133,PED002133,2026-06-26 21:05:01,CLI00958,Barranquilla,Aplicación móvil,,Hogar,Aspiradora vertical,1,474900.00,0.00,474900.00,0.00,474900.00,Billetera digital,
2134,PED002134,2026-04-26 11:00:15,CLI02097,Bogotá D.C.,Página web,,Electrodomésticos,Arrocera,1,173300.00,0.00,173300.00,0.00,173300.00,PSE,5.0
2135,PED002135,2026-05-14 11:27:39,CLI01060,Bogotá D.C.,Tienda física,BOG-01,Deportes,Colchoneta yoga,1,89900.00,0.00,89900.00,0.00,89900.00,Tarjeta débito,4.0
2136,PED002136,2026-03-20 18:40:56,CLI01951,Pereira,Tienda física,PEI-01,Oficina,Webcam Full HD,1,209900.00,15.00,209900.00,31485.00,178415.00,Tarjeta crédito,
2137,PED002137,2026-06-26 11:44:05,CLI00023,Pereira,Página web,,Hogar,Purificador de aire,2,759900.00,0.00,1519800.00,0.00,1519800.00,Tarjeta crédito,5.0
2138,PED002138,2026-03-04 16:23:17,CLI01535,Pereira,Aplicación móvil,,Hogar,Aspiradora vertical,1,524900.00,10.00,524900.00,52490.00,472410.00,Tarjeta crédito,4.0
2139,PED002139,2026-03-12 09:49:07,CLI01423,Medellín,Tienda física,MDE-01,Hogar,Lámpara de mesa,1,129900.00,0.00,129900.00,0.00,129900.00,Tarjeta crédito,4.0
2140,PED002140,2026-06-24 23:11:27,CLI01162,Medellín,Tienda física,MDE-01,Tecnología,Audífonos Bluetooth,2,157400.00,0.00,314800.00,0.00,314800.00,Tarjeta crédito,
2141,PED002141,2026-06-14 12:39:15,CLI00739,Cali,Aplicación móvil,,Deportes,Kit bandas elásticas,1,81500.00,0.00,81500.00,0.00,81500.00,Tarjeta crédito,
2142,PED002142,2026-06-19 18:40:09,CLI01508,Barranquilla,Tienda física,BAQ-01,Hogar,Purificador de aire,1,783900.00,0.00,783900.00,0.00,783900.00,Tarjeta débito,
2143,PED002143,2026-04-24 23:32:13,CLI01346,Cali,Aplicación móvil,,Electrodomésticos,Cafetera eléctrica,3,189900.00,5.00,569700.00,28485.00,541215.00,Tarjeta crédito,
2144,PED002144,2026-02-01 11:18:56,CLI02047,Bucaramanga,Tienda física,BGA-01,Tecnología,Audífonos Bluetooth,4,146900.00,0.00,587600.00,0.00,587600.00,Efectivo,4.0
2145,PED002145,2026-04-20 23:38:59,CLI00572,Bogotá D.C.,Página web,,Electrodomésticos,Cafetera eléctrica,1,199400.00,5.00,199400.00,9970.00,189430.00,Tarjeta débito,
2146,PED002146,2026-05-26 21:02:42,CLI00668,Bogotá D.C.,Tienda física,BOG-02,Electrodomésticos,Licuadora,1,227900.00,0.00,227900.00,0.00,227900.00,Tarjeta débito,
2147,PED002147,2026-01-30 22:15:04,CLI01748,Pereira,Página web,,Hogar,Organizador modular,1,119900.00,5.00,119900.00,5995.00,113905.00,Tarjeta débito,3.0
2148,PED002148,2026-06-18 06:29:42,CLI01172,Barranquilla,Página web,,Oficina,Webcam Full HD,1,189900.00,10.00,189900.00,18990.00,170910.00,Tarjeta débito,5.0
2149,PED002149,2026-01-14 21:47:01,CLI00605,Cali,Aplicación móvil,,Deportes,Kit bandas elásticas,1,81500.00,15.00,81500.00,12225.00,69275.00,Tarjeta débito,
2150,PED002150,2026-03-24 09:23:44,CLI00997,Bogotá D.C.,Página web,,Tecnología,Smartwatch,1,329900.00,5.00,329900.00,16495.00,313405.00,Tarjeta crédito,
2151,PED002151,2026-04-23 19:34:43,CLI01555,Medellín,Página web,,Tecnología,Mouse inalámbrico,1,91700.00,10.00,91700.00,9170.00,82530.00,Tarjeta débito,
2152,PED002152,2026-06-30 06:34:04,CLI00942,Pereira,Página web,,Hogar,Lámpara de mesa,1,129900.00,15.00,129900.00,19485.00,110415.00,Tarjeta crédito,
2153,PED002153,2026-05-25 09:34:11,CLI01113,Bucaramanga,Tienda física,BGA-01,Hogar,Lámpara de mesa,1,136400.00,0.00,136400.00,0.00,136400.00,Tarjeta crédito,3.0
2154,PED002154,2026-03-24 11:25:42,CLI02569,Bogotá D.C.,Aplicación móvil,,Oficina,Silla ergonómica,1,734900.00,10.00,734900.00,73490.00,661410.00,Tarjeta débito,4.0
2155,PED002155,2026-01-29 18:52:14,CLI00664,Bucaramanga,Página web,,Hogar,Lámpara de mesa,1,129900.00,0.00,129900.00,0.00,129900.00,Tarjeta crédito,
2156,PED002156,2026-03-05 01:45:38,CLI00284,Bogotá D.C.,Tienda física,BOG-01,Deportes,Balón fútbol,1,119900.00,15.00,119900.00,17985.00,101915.00,Tarjeta débito,5.0
2157,PED002157,2026-01-22 02:22:11,CLI01655,Bogotá D.C.,Tienda física,BOG-01,Oficina,Webcam Full HD,1,199900.00,0.00,199900.00,0.00,199900.00,Efectivo,
2158,PED002158,2026-04-02 21:21:14,CLI00149,Bucaramanga,Tienda física,BGA-01,Tecnología,Mouse inalámbrico,1,89900.00,5.00,89900.00,4495.00,85405.00,Efectivo,1.0
2159,PED002159,2026-03-13 03:12:16,CLI00415,Barranquilla,Página web,,Hogar,Organizador modular,1,119900.00,0.00,119900.00,0.00,119900.00,PSE,5.0
2160,PED002160,2026-02-09 06:43:14,CLI01055,Pereira,Aplicación móvil,,Hogar,Juego de ollas,3,304400.00,20.00,913200.00,182640.00,730560.00,Tarjeta crédito,4.0
2161,PED002161,2026-05-29 14:06:03,CLI01461,Bogotá D.C.,Tienda física,BOG-01,Hogar,Aspiradora vertical,1,499900.00,0.00,499900.00,0.00,499900.00,Efectivo,
2162,PED002162,2026-02-19 08:12:09,CLI01390,Medellín,Aplicación móvil,,Tecnología,Smartwatch,3,329900.00,20.00,989700.00,197940.00,791760.00,Tarjeta crédito,
2163,PED002163,2026-06-30 01:36:36,CLI02089,Bucaramanga,Tienda física,BGA-01,Hogar,Ventilador de torre,1,367400.00,0.00,367400.00,0.00,367400.00,Tarjeta crédito,2.0
2164,PED002164,2026-04-04 15:24:23,CLI01874,Pereira,Página web,,Deportes,Bicicleta estática,1,1529900.00,0.00,1529900.00,0.00,1529900.00,PSE,3.0
2165,PED002165,2026-02-18 08:54:56,CLI00854,Pereira,Tienda física,PEI-01,Tecnología,Monitor 24 pulgadas,1,713900.00,10.00,713900.00,71390.00,642510.00,Tarjeta crédito,5.0
2166,PED002166,2026-02-11 04:13:55,CLI02428,Bogotá D.C.,Página web,,Tecnología,Mouse inalámbrico,3,89900.00,0.00,269700.00,0.00,269700.00,Tarjeta crédito,
2167,PED002167,2026-06-10 06:39:09,CLI00210,Pereira,Aplicación móvil,,Deportes,Bicicleta estática,1,1499900.00,10.00,1499900.00,149990.00,1349910.00,PSE,5.0
2168,PED002168,2026-01-02 06:19:10,CLI01184,Medellín,Página web,,Electrodomésticos,Cafetera eléctrica,1,189900.00,0.00,189900.00,0.00,189900.00,PSE,
2169,PED002169,2026-03-17 12:55:04,CLI01381,Medellín,Página web,,Deportes,Kit bandas elásticas,1,78300.00,5.00,78300.00,3915.00,74385.00,Tarjeta débito,3.0
2170,PED002170,2026-06-10 10:11:40,CLI01190,Medellín,Tienda física,MDE-02,Tecnología,Tablet 10 pulgadas,4,899900.00,0.00,3599600.00,0.00,3599600.00,Tarjeta débito,5.0
2171,PED002171,2026-02-11 14:14:37,CLI00900,Cali,Aplicación móvil,,Electrodomésticos,Freidora de aire,2,449900.00,0.00,899800.00,0.00,899800.00,PSE,
2172,PED002172,2026-03-11 01:47:02,CLI00652,Pereira,Tienda física,PEI-01,Oficina,Base para portátil,1,115400.00,10.00,115400.00,11540.00,103860.00,Tarjeta débito,5.0
2173,PED002173,2026-03-16 15:35:22,CLI01262,Bogotá D.C.,Tienda física,BOG-01,Tecnología,Monitor 24 pulgadas,1,734900.00,0.00,734900.00,0.00,734900.00,Efectivo,
2174,PED002174,2026-02-07 10:54:01,CLI00548,Cali,Tienda física,CLO-01,Deportes,Kit bandas elásticas,2,75900.00,15.00,151800.00,22770.00,129030.00,Tarjeta débito,1.0
2175,PED002175,2026-01-19 21:24:13,CLI02489,Cali,Aplicación móvil,,Oficina,Silla ergonómica,3,749900.00,0.00,2249700.00,0.00,2249700.00,PSE,5.0
2176,PED002176,2026-03-20 13:04:56,CLI01376,Medellín,Tienda física,MDE-01,Hogar,Purificador de aire,1,799900.00,15.00,799900.00,119985.00,679915.00,Tarjeta crédito,
2177,PED002177,2026-01-27 12:19:48,CLI02168,Bucaramanga,Aplicación móvil,,Hogar,Aspiradora vertical,1,509900.00,5.00,509900.00,25495.00,484405.00,Tarjeta crédito,
2178,PED002178,2026-01-17 20:30:44,CLI00900,Cali,Tienda física,CLO-01,Tecnología,Monitor 24 pulgadas,3,734900.00,5.00,2204700.00,110235.00,2094465.00,Tarjeta crédito,4.0
2179,PED002179,2026-05-10 11:26:14,CLI02667,Medellín,Aplicación móvil,,Oficina,Escritorio ajustable,4,1223900.00,5.00,4895600.00,244780.00,4650820.00,Tarjeta débito,
2180,PED002180,2026-03-29 09:43:19,CLI01438,Bucaramanga,Aplicación móvil,,Tecnología,Teclado mecánico,2,234500.00,0.00,469000.00,0.00,469000.00,Billetera digital,5.0
2181,PED002181,2026-03-23 20:11:18,CLI02525,Barranquilla,Tienda física,BAQ-01,Electrodomésticos,Cafetera eléctrica,1,189900.00,5.00,189900.00,9495.00,180405.00,Efectivo,5.0
2182,PED002182,2026-01-04 09:06:59,CLI01287,Medellín,Página web,,Deportes,Kit bandas elásticas,3,81500.00,0.00,244500.00,0.00,244500.00,Tarjeta crédito,
2183,PED002183,2026-03-02 02:18:12,CLI01878,Bogotá D.C.,Aplicación móvil,,Hogar,Purificador de aire,1,815900.00,20.00,815900.00,163180.00,652720.00,PSE,
2184,PED002184,2026-03-02 00:58:47,CLI02569,Pereira,Página web,,Tecnología,Mouse inalámbrico,2,88100.00,15.00,176200.00,26430.00,149770.00,Tarjeta crédito,
2185,PED002185,2026-01-06 00:21:55,CLI00787,Medellín,Tienda física,MDE-01,Deportes,Mancuernas ajustables,1,407900.00,10.00,407900.00,40790.00,367110.00,PSE,4.0
2186,PED002186,2026-03-26 09:09:57,CLI00601,Bogotá D.C.,Tienda física,BOG-01,Tecnología,Audífonos Bluetooth,2,149900.00,10.00,299800.00,29980.00,269820.00,Tarjeta débito,5.0
2187,PED002187,2026-03-18 08:38:58,CLI02352,Bogotá D.C.,Página web,,Hogar,Lámpara de mesa,2,132500.00,0.00,265000.00,0.00,265000.00,Tarjeta crédito,
2188,PED002188,2026-05-21 19:36:26,CLI00877,Bogotá D.C.,Aplicación móvil,,Electrodomésticos,Licuadora,1,244700.00,0.00,244700.00,0.00,244700.00,PSE,1.0
2189,PED002189,2026-01-13 14:02:50,CLI00070,Barranquilla,Página web,,Deportes,Mancuernas ajustables,2,419900.00,0.00,839800.00,0.00,839800.00,Tarjeta crédito,4.0
2190,PED002190,2026-03-06 17:10:35,CLI02310,Medellín,Tienda física,MDE-01,Hogar,Purificador de aire,1,839900.00,5.00,839900.00,41995.00,797905.00,Efectivo,
2191,PED002191,2026-06-17 10:04:22,CLI00289,Bogotá D.C.,Aplicación móvil,,Oficina,Escritorio ajustable,1,1139900.00,0.00,1139900.00,0.00,1139900.00,PSE,5.0
2192,PED002192,2026-01-12 10:45:19,CLI02545,Barranquilla,Tienda física,BAQ-01,Oficina,Archivador metálico,1,450700.00,5.00,450700.00,22535.00,428165.00,Efectivo,
2193,PED002193,2026-03-03 15:18:09,CLI02236,Bogotá D.C.,Página web,,Hogar,Aspiradora vertical,3,499900.00,0.00,1499700.00,0.00,1499700.00,Tarjeta débito,4.0
2194,PED002194,2026-06-19 17:52:50,CLI01704,Bogotá D.C.,Aplicación móvil,,Deportes,Balón fútbol,1,117500.00,5.00,117500.00,5875.00,111625.00,Tarjeta débito,5.0
2195,PED002195,2026-01-20 23:27:36,CLI02280,Barranquilla,Tienda física,BAQ-01,Oficina,Impresora multifuncional,2,849900.00,0.00,1699800.00,0.00,1699800.00,Efectivo,4.0
2196,PED002196,2026-04-24 16:42:08,CLI00828,Cali,Aplicación móvil,,Hogar,Lámpara de mesa,1,123400.00,0.00,123400.00,0.00,123400.00,PSE,4.0
2197,PED002197,2026-02-17 00:51:04,CLI01464,Cali,Página web,,Hogar,Aspiradora vertical,1,524900.00,0.00,524900.00,0.00,524900.00,Tarjeta crédito,5.0
2198,PED002198,2026-06-17 06:44:42,CLI01470,Cali,Aplicación móvil,,Oficina,Impresora multifuncional,1,807400.00,10.00,807400.00,80740.00,726660.00,Tarjeta crédito,5.0
2199,PED002199,2026-02-26 20:23:11,CLI00378,Cali,Aplicación móvil,,Tecnología,Smartwatch,1,329900.00,5.00,329900.00,16495.00,313405.00,Tarjeta débito,
2200,PED002200,2026-04-07 07:16:48,CLI01172,Medellín,Aplicación móvil,,Oficina,Impresora multifuncional,2,892400.00,0.00,1784800.00,0.00,1784800.00,Tarjeta crédito,4.0
2201,PED002201,2026-05-11 22:11:21,CLI01100,Medellín,Aplicación móvil,,Tecnología,Teclado mecánico,2,229900.00,0.00,459800.00,0.00,459800.00,PSE,
2202,PED002202,2026-01-13 11:45:21,CLI01417,Medellín,Aplicación móvil,,Deportes,Banda caminadora,1,2199900.00,0.00,2199900.00,0.00,2199900.00,PSE,4.0
2203,PED002203,2026-05-15 10:40:01,CLI00422,Bogotá D.C.,Página web,,Tecnología,Monitor 24 pulgadas,1,685900.00,10.00,685900.00,68590.00,617310.00,Tarjeta crédito,4.0
2204,PED002204,2026-05-02 18:21:49,CLI00821,Bucaramanga,Tienda física,BGA-01,Electrodomésticos,Freidora de aire,1,458900.00,0.00,458900.00,0.00,458900.00,Efectivo,
2205,PED002205,2026-01-21 20:57:26,CLI01649,Barranquilla,Aplicación móvil,,Tecnología,Smartwatch,1,329900.00,15.00,329900.00,49485.00,280415.00,PSE,
2206,PED002206,2026-01-15 12:15:27,CLI01950,Medellín,Tienda física,MDE-01,Tecnología,Mouse inalámbrico,2,85400.00,10.00,170800.00,17080.00,153720.00,PSE,5.0
2207,PED002207,2026-03-02 15:30:49,CLI00786,Cali,Aplicación móvil,,Electrodomésticos,Cafetera eléctrica,1,193700.00,10.00,193700.00,19370.00,174330.00,Tarjeta crédito,
2208,PED002208,2026-03-06 05:23:44,CLI01818,Barranquilla,Página web,,Tecnología,Mouse inalámbrico,2,89900.00,20.00,179800.00,35960.00,143840.00,Tarjeta débito,
2209,PED002209,2026-04-02 04:28:08,CLI02692,Cali,Página web,,Oficina,Impresora multifuncional,2,892400.00,0.00,1784800.00,0.00,1784800.00,Tarjeta crédito,4.0
2210,PED002210,2026-03-28 07:10:22,CLI02561,Medellín,Tienda física,MDE-01,Deportes,Banda caminadora,1,2089900.00,10.00,2089900.00,208990.00,1880910.00,Tarjeta crédito,
2211,PED002211,2026-01-07 12:57:29,CLI01750,Bogotá D.C.,Tienda física,BOG-01,Tecnología,Teclado mecánico,3,225300.00,20.00,675900.00,135180.00,540720.00,Efectivo,5.0
2212,PED002212,2026-06-13 19:52:12,CLI00874,Barranquilla,Aplicación móvil,,Oficina,Archivador metálico,1,459900.00,0.00,459900.00,0.00,459900.00,PSE,
2213,PED002213,2026-04-29 03:55:43,CLI01029,Pereira,Página web,,Hogar,Purificador de aire,2,815900.00,0.00,1631800.00,0.00,1631800.00,PSE,4.0
2214,PED002214,2026-03-08 09:59:56,CLI00802,Cali,Aplicación móvil,,Deportes,Mancuernas ajustables,1,379900.00,15.00,379900.00,56985.00,322915.00,PSE,5.0
2215,PED002215,2026-05-09 05:03:35,CLI02332,Medellín,Página web,,Deportes,Balón fútbol,1,119900.00,0.00,119900.00,0.00,119900.00,Tarjeta débito,
2216,PED002216,2026-03-08 11:35:25,CLI01372,Cali,Página web,,Hogar,Juego de ollas,3,289900.00,10.00,869700.00,86970.00,782730.00,PSE,
2217,PED002217,2026-05-03 20:49:19,CLI01952,Medellín,Página web,,Hogar,Purificador de aire,1,839900.00,0.00,839900.00,0.00,839900.00,Tarjeta débito,3.0
2218,PED002218,2026-03-22 10:00:01,CLI02667,Barranquilla,Tienda física,BAQ-01,Electrodomésticos,Freidora de aire,1,449900.00,20.00,449900.00,89980.00,359920.00,Tarjeta crédito,
2219,PED002219,2026-04-26 03:38:22,CLI01756,Bogotá D.C.,Página web,,Electrodomésticos,Sanduchera,1,127300.00,0.00,127300.00,0.00,127300.00,Tarjeta crédito,4.0
2220,PED002220,2026-03-04 16:52:49,CLI01126,Medellín,Aplicación móvil,,Electrodomésticos,Licuadora,2,235100.00,0.00,470200.00,0.00,470200.00,Billetera digital,
2221,PED002221,2026-05-17 22:12:24,CLI02423,Cali,Página web,,Deportes,Mancuernas ajustables,2,399900.00,0.00,799800.00,0.00,799800.00,PSE,
2222,PED002222,2026-02-14 00:21:04,CLI00132,Bogotá D.C.,Tienda física,BOG-01,Tecnología,Audífonos Bluetooth,1,152900.00,5.00,152900.00,7645.00,145255.00,Tarjeta crédito,4.0
2223,PED002223,2026-03-15 13:00:30,CLI01380,Cali,Página web,,Deportes,Banda caminadora,2,2309900.00,0.00,4619800.00,0.00,4619800.00,PSE,
2224,PED002224,2026-04-07 21:06:46,CLI00795,Cali,Página web,,Hogar,Ventilador de torre,3,349900.00,0.00,1049700.00,0.00,1049700.00,PSE,
2225,PED002225,2026-06-04 18:15:22,CLI00900,Bogotá D.C.,Aplicación móvil,,Tecnología,Smartwatch,1,329900.00,15.00,329900.00,49485.00,280415.00,PSE,
2226,PED002226,2026-01-29 00:14:51,CLI01750,Cali,Tienda física,CLO-01,Tecnología,Smartwatch,1,346400.00,10.00,346400.00,34640.00,311760.00,Tarjeta crédito,
2227,PED002227,2026-04-26 21:24:48,CLI01995,Medellín,Aplicación móvil,,Tecnología,Teclado mecánico,1,229900.00,0.00,229900.00,0.00,229900.00,Tarjeta crédito,5.0
2228,PED002228,2026-01-07 04:13:52,CLI01402,Cali,Tienda física,CLO-02,Tecnología,Tablet 10 pulgadas,1,917900.00,0.00,917900.00,0.00,917900.00,Tarjeta débito,4.0
2229,PED002229,2026-06-02 21:33:10,CLI01689,Bucaramanga,Tienda física,BGA-01,Deportes,Banda caminadora,1,2089900.00,10.00,2089900.00,208990.00,1880910.00,Tarjeta débito,3.0
2230,PED002230,2026-06-25 19:59:11,CLI01494,Barranquilla,Aplicación móvil,,Hogar,Juego de ollas,1,289900.00,5.00,289900.00,14495.00,275405.00,Tarjeta débito,
2231,PED002231,2026-01-20 09:37:07,CLI02649,Bogotá D.C.,Tienda física,BOG-02,Tecnología,Teclado mecánico,3,218400.00,15.00,655200.00,98280.00,556920.00,Efectivo,4.0
2232,PED002232,2026-06-11 23:04:43,CLI01285,Medellín,Aplicación móvil,,Electrodomésticos,Arrocera,1,166500.00,5.00,166500.00,8325.00,158175.00,Tarjeta crédito,4.0
2233,PED002233,2026-03-18 11:23:02,CLI02452,Bucaramanga,Página web,,Hogar,Juego de ollas,2,289900.00,10.00,579800.00,57980.00,521820.00,Tarjeta crédito,5.0
2234,PED002234,2026-05-25 05:48:37,CLI01534,Bogotá D.C.,Página web,,Oficina,Base para portátil,2,109900.00,10.00,219800.00,21980.00,197820.00,PSE,4.0
2235,PED002235,2026-03-03 23:25:10,CLI00979,Bogotá D.C.,Aplicación móvil,,Electrodomésticos,Horno microondas,2,579900.00,0.00,1159800.00,0.00,1159800.00,PSE,5.0
2236,PED002236,2026-05-18 15:45:55,CLI01750,Bucaramanga,Página web,,Deportes,Colchoneta yoga,1,89900.00,0.00,89900.00,0.00,89900.00,Tarjeta crédito,
2237,PED002237,2026-05-23 12:34:26,CLI00326,Cali,Aplicación móvil,,Deportes,Balón fútbol,1,125900.00,10.00,125900.00,12590.00,113310.00,Tarjeta débito,5.0
2238,PED002238,2026-03-09 15:19:24,CLI00736,Medellín,Página web,,Deportes,Colchoneta yoga,2,89900.00,5.00,179800.00,8990.00,170810.00,Transferencia,
2239,PED002239,2026-03-02 00:48:53,CLI01672,Medellín,Tienda física,MDE-01,Oficina,Escritorio ajustable,1,1223900.00,0.00,1223900.00,0.00,1223900.00,Tarjeta débito,5.0
2240,PED002240,2026-04-01 12:15:16,CLI01229,Bogotá D.C.,Tienda física,BOG-02,Oficina,Archivador metálico,1,436900.00,0.00,436900.00,0.00,436900.00,Efectivo,1.0
2241,PED002241,2026-01-20 20:01:37,CLI01541,Barranquilla,Página web,,Electrodomésticos,Horno microondas,3,608900.00,0.00,1826700.00,0.00,1826700.00,PSE,1.0
2242,PED002242,2026-03-07 19:41:51,CLI01893,Medellín,Aplicación móvil,,Tecnología,Monitor 24 pulgadas,1,699900.00,0.00,699900.00,0.00,699900.00,Tarjeta crédito,4.0
2243,PED002243,2026-01-17 04:00:04,CLI01847,Barranquilla,Página web,,Electrodomésticos,Licuadora,1,227900.00,10.00,227900.00,22790.00,205110.00,Tarjeta crédito,
2244,PED002244,2026-03-19 07:10:26,CLI01816,Bogotá D.C.,Tienda física,BOG-02,Tecnología,Mouse inalámbrico,1,94400.00,0.00,94400.00,0.00,94400.00,Tarjeta crédito,4.0
2245,PED002245,2026-06-28 06:12:31,CLI02097,Medellín,Página web,,Electrodomésticos,Freidora de aire,1,440900.00,5.00,440900.00,22045.00,418855.00,Tarjeta crédito,
2246,PED002246,2026-06-08 05:40:50,CLI01452,Bogotá D.C.,Aplicación móvil,,Oficina,Base para portátil,1,107700.00,0.00,107700.00,0.00,107700.00,Tarjeta crédito,1.0
2247,PED002247,2026-01-12 05:27:07,CLI02573,Medellín,Página web,,Deportes,Mancuernas ajustables,1,419900.00,5.00,419900.00,20995.00,398905.00,PSE,1.0
2248,PED002248,2026-04-27 03:25:39,CLI02318,Barranquilla,Página web,,Tecnología,Audífonos Bluetooth,1,142400.00,10.00,142400.00,14240.00,128160.00,Tarjeta crédito,5.0
2249,PED002249,2026-05-17 15:03:52,CLI01924,Bogotá D.C.,Tienda física,BOG-02,Electrodomésticos,Freidora de aire,2,449900.00,0.00,899800.00,0.00,899800.00,Tarjeta débito,5.0
2250,PED002250,2026-04-20 22:28:38,CLI00735,Barranquilla,Página web,,Tecnología,Smartwatch,1,329900.00,0.00,329900.00,0.00,329900.00,Tarjeta crédito,5.0
2251,PED002251,2026-06-10 08:17:51,CLI02111,Cali,Aplicación móvil,,Hogar,Organizador modular,2,113900.00,10.00,227800.00,22780.00,205020.00,Tarjeta crédito,4.0
2252,PED002252,2026-02-19 03:17:32,CLI02162,Medellín,Página web,,Hogar,Organizador modular,2,125900.00,15.00,251800.00,37770.00,214030.00,Tarjeta crédito,
2253,PED002253,2026-05-12 00:43:25,CLI02145,Medellín,Tienda física,MDE-01,Oficina,Escritorio ajustable,1,1175900.00,0.00,1175900.00,0.00,1175900.00,Efectivo,
2254,PED002254,2026-01-16 05:18:37,CLI02137,Bogotá D.C.,Tienda física,BOG-03,Electrodomésticos,Licuadora,1,239900.00,0.00,239900.00,0.00,239900.00,Tarjeta crédito,4.0
2255,PED002255,2026-03-06 22:26:52,CLI02527,Bogotá D.C.,Página web,,Tecnología,Smartwatch,1,323300.00,0.00,323300.00,0.00,323300.00,PSE,4.0
2256,PED002256,2026-03-25 14:14:31,CLI02334,Cali,Tienda física,CLO-01,Electrodomésticos,Freidora de aire,2,458900.00,0.00,917800.00,0.00,917800.00,Efectivo,
2257,PED002257,2026-01-23 02:05:43,CLI01165,Bogotá D.C.,Aplicación móvil,,Deportes,Banda caminadora,1,2199900.00,0.00,2199900.00,0.00,2199900.00,PSE,5.0
2258,PED002258,2026-06-26 11:35:10,CLI01529,Bogotá D.C.,Tienda física,BOG-03,Hogar,Aspiradora vertical,1,474900.00,5.00,474900.00,23745.00,451155.00,Efectivo,4.0
2259,PED002259,2026-02-22 12:53:40,CLI01473,Medellín,Tienda física,MDE-02,Electrodomésticos,Horno microondas,1,608900.00,0.00,608900.00,0.00,608900.00,PSE,
2260,PED002260,2026-02-24 12:55:16,CLI02428,Pereira,Página web,,Electrodomésticos,Sanduchera,1,132500.00,0.00,132500.00,0.00,132500.00,Tarjeta crédito,4.0
2261,PED002261,2026-03-14 13:15:06,CLI00773,Barranquilla,Tienda física,BAQ-01,Tecnología,Monitor 24 pulgadas,1,699900.00,5.00,699900.00,34995.00,664905.00,Efectivo,4.0
2262,PED002262,2026-03-05 03:14:54,CLI02208,Bogotá D.C.,Página web,,Electrodomésticos,Licuadora,1,244700.00,0.00,244700.00,0.00,244700.00,Tarjeta crédito,4.0
2263,PED002263,2026-05-08 15:27:06,CLI00531,Medellín,Página web,,Tecnología,Smartwatch,2,346400.00,5.00,692800.00,34640.00,658160.00,PSE,4.0
2264,PED002264,2026-01-10 09:51:38,CLI00686,Medellín,Página web,,Tecnología,Mouse inalámbrico,1,85400.00,0.00,85400.00,0.00,85400.00,Tarjeta crédito,4.0
2265,PED002265,2026-06-12 08:46:51,CLI00726,Bogotá D.C.,Tienda física,BOG-01,Tecnología,Teclado mecánico,3,229900.00,0.00,689700.00,0.00,689700.00,Tarjeta crédito,4.0
2266,PED002266,2026-01-13 17:14:54,CLI01139,Pereira,Página web,,Oficina,Webcam Full HD,1,195900.00,0.00,195900.00,0.00,195900.00,Tarjeta débito,
2267,PED002267,2026-04-13 23:22:01,CLI01102,Barranquilla,Página web,,Hogar,Aspiradora vertical,1,489900.00,0.00,489900.00,0.00,489900.00,Tarjeta crédito,4.0
2268,PED002268,2026-03-14 00:15:16,CLI00808,Bogotá D.C.,Tienda física,BOG-02,Oficina,Silla ergonómica,1,734900.00,5.00,734900.00,36745.00,698155.00,Tarjeta crédito,5.0
2269,PED002269,2026-02-06 02:34:15,CLI00590,Medellín,Aplicación móvil,,Electrodomésticos,Sanduchera,2,129900.00,0.00,259800.00,0.00,259800.00,Billetera digital,3.0
2270,PED002270,2026-03-29 08:36:31,CLI01802,Medellín,Aplicación móvil,,Hogar,Ventilador de torre,1,342900.00,10.00,342900.00,34290.00,308610.00,Tarjeta crédito,5.0
2271,PED002271,2026-03-19 18:52:43,CLI00983,Pereira,Aplicación móvil,,Electrodomésticos,Cafetera eléctrica,1,180400.00,10.00,180400.00,18040.00,162360.00,PSE,
2272,PED002272,2026-04-27 16:13:31,CLI00193,Barranquilla,Tienda física,BAQ-01,Tecnología,Tablet 10 pulgadas,1,899900.00,0.00,899900.00,0.00,899900.00,Tarjeta débito,5.0
2273,PED002273,2026-05-02 08:21:46,CLI01055,Pereira,Página web,,Oficina,Escritorio ajustable,1,1199900.00,0.00,1199900.00,0.00,1199900.00,PSE,4.0
2274,PED002274,2026-04-15 23:33:27,CLI02189,Bogotá D.C.,Página web,,Electrodomésticos,Cafetera eléctrica,1,189900.00,5.00,189900.00,9495.00,180405.00,PSE,
2275,PED002275,2026-05-28 02:46:53,CLI01081,Barranquilla,Tienda física,BAQ-01,Deportes,Bicicleta estática,1,1469900.00,0.00,1469900.00,0.00,1469900.00,Tarjeta débito,
2276,PED002276,2026-05-22 16:23:46,CLI02417,Bogotá D.C.,Página web,,Tecnología,Mouse inalámbrico,1,91700.00,5.00,91700.00,4585.00,87115.00,PSE,3.0
2277,PED002277,2026-02-05 08:05:32,CLI02393,Pereira,Tienda física,PEI-01,Oficina,Archivador metálico,1,436900.00,10.00,436900.00,43690.00,393210.00,Efectivo,
2278,PED002278,2026-06-25 11:17:17,CLI01282,Bogotá D.C.,Página web,,Tecnología,Mouse inalámbrico,1,91700.00,15.00,91700.00,13755.00,77945.00,PSE,1.0
2279,PED002279,2026-03-22 05:00:43,CLI02245,Bogotá D.C.,Tienda física,BOG-03,Electrodomésticos,Cafetera eléctrica,1,199400.00,0.00,199400.00,0.00,199400.00,Tarjeta débito,4.0
2280,PED002280,2026-06-21 06:17:55,CLI01815,Bogotá D.C.,Página web,,Hogar,Purificador de aire,2,783900.00,10.00,1567800.00,156780.00,1411020.00,Tarjeta crédito,
2281,PED002281,2026-02-27 17:33:48,CLI02229,Bogotá D.C.,Tienda física,BOG-03,Deportes,Bicicleta estática,1,1499900.00,10.00,1499900.00,149990.00,1349910.00,Tarjeta débito,
2282,PED002282,2026-04-08 12:32:59,CLI02310,Bogotá D.C.,Tienda física,BOG-03,Hogar,Organizador modular,3,119900.00,0.00,359700.00,0.00,359700.00,Efectivo,
2283,PED002283,2026-01-28 17:34:57,CLI00364,Barranquilla,Aplicación móvil,,Electrodomésticos,Cafetera eléctrica,1,186100.00,0.00,186100.00,0.00,186100.00,PSE,
2284,PED002284,2026-06-30 18:38:47,CLI01793,Bucaramanga,Página web,,Hogar,Lámpara de mesa,2,136400.00,15.00,272800.00,40920.00,231880.00,Tarjeta crédito,
2285,PED002285,2026-01-08 15:12:59,CLI00516,Barranquilla,Aplicación móvil,,Tecnología,Smartwatch,1,313400.00,0.00,313400.00,0.00,313400.00,PSE,
2286,PED002286,2026-05-31 18:23:25,CLI00682,Barranquilla,Aplicación móvil,,Hogar,Ventilador de torre,1,349900.00,20.00,349900.00,69980.00,279920.00,Tarjeta débito,
2287,PED002287,2026-05-22 00:45:21,CLI01477,Medellín,Página web,,Hogar,Aspiradora vertical,1,499900.00,10.00,499900.00,49990.00,449910.00,Tarjeta crédito,5.0
2288,PED002288,2026-02-04 15:09:34,CLI01182,Pereira,Aplicación móvil,,Tecnología,Tablet 10 pulgadas,2,899900.00,15.00,1799800.00,269970.00,1529830.00,Tarjeta débito,
2289,PED002289,2026-02-28 14:18:56,CLI02635,Medellín,Tienda física,MDE-02,Oficina,Archivador metálico,2,450700.00,10.00,901400.00,90140.00,811260.00,Efectivo,
2290,PED002290,2026-03-28 03:45:52,CLI02681,Bucaramanga,Tienda física,BGA-01,Electrodomésticos,Freidora de aire,1,427400.00,0.00,427400.00,0.00,427400.00,Tarjeta crédito,
2291,PED002291,2026-02-13 00:42:05,CLI02485,Medellín,Página web,,Tecnología,Audífonos Bluetooth,2,146900.00,0.00,293800.00,0.00,293800.00,Tarjeta débito,5.0
2292,PED002292,2026-05-12 12:21:01,CLI00021,Bogotá D.C.,Página web,,Oficina,Silla ergonómica,1,749900.00,10.00,749900.00,74990.00,674910.00,PSE,
2293,PED002293,2026-06-05 14:21:31,CLI01129,Bucaramanga,Tienda física,BGA-01,Oficina,Silla ergonómica,3,749900.00,10.00,2249700.00,224970.00,2024730.00,Tarjeta crédito,
2294,PED002294,2026-01-15 22:37:56,CLI00100,Bogotá D.C.,Página web,,Hogar,Purificador de aire,3,839900.00,0.00,2519700.00,0.00,2519700.00,PSE,5.0
2295,PED002295,2026-01-27 22:43:55,CLI00514,Bucaramanga,Aplicación móvil,,Oficina,Escritorio ajustable,2,1199900.00,10.00,2399800.00,239980.00,2159820.00,PSE,5.0
2296,PED002296,2026-05-04 21:36:36,CLI01247,Bogotá D.C.,Aplicación móvil,,Tecnología,Monitor 24 pulgadas,1,685900.00,10.00,685900.00,68590.00,617310.00,Tarjeta crédito,4.0
2297,PED002297,2026-02-15 21:02:48,CLI01721,Medellín,Tienda física,MDE-01,Electrodomésticos,Freidora de aire,1,449900.00,5.00,449900.00,22495.00,427405.00,Tarjeta crédito,5.0
2298,PED002298,2026-06-02 18:05:06,CLI00495,Pereira,Página web,,Oficina,Webcam Full HD,4,199900.00,0.00,799600.00,0.00,799600.00,PSE,5.0
2299,PED002299,2026-02-06 19:04:34,CLI01966,Medellín,Página web,,Electrodomésticos,Licuadora,1,239900.00,0.00,239900.00,0.00,239900.00,Tarjeta débito,
2300,PED002300,2026-02-26 20:03:41,CLI01386,Barranquilla,Tienda física,BAQ-01,Hogar,Lámpara de mesa,2,136400.00,5.00,272800.00,13640.00,259160.00,Tarjeta crédito,4.0
2301,PED002301,2026-03-26 12:28:25,CLI01045,Bogotá D.C.,Página web,,Deportes,Mancuernas ajustables,1,379900.00,0.00,379900.00,0.00,379900.00,Tarjeta crédito,
2302,PED002302,2026-05-21 17:14:02,CLI01936,Medellín,Tienda física,MDE-02,Deportes,Colchoneta yoga,2,88100.00,0.00,176200.00,0.00,176200.00,Tarjeta crédito,4.0
2303,PED002303,2026-02-08 19:51:20,CLI01635,Medellín,Tienda física,MDE-02,Tecnología,Teclado mecánico,2,229900.00,0.00,459800.00,0.00,459800.00,Tarjeta crédito,
2304,PED002304,2026-05-22 16:47:34,CLI00841,Bucaramanga,Aplicación móvil,,Electrodomésticos,Horno microondas,1,568300.00,5.00,568300.00,28415.00,539885.00,Billetera digital,
2305,PED002305,2026-04-07 19:45:30,CLI02097,Bucaramanga,Aplicación móvil,,Oficina,Impresora multifuncional,1,849900.00,5.00,849900.00,42495.00,807405.00,Tarjeta débito,5.0
2306,PED002306,2026-03-01 12:19:18,CLI00712,Bogotá D.C.,Aplicación móvil,,Oficina,Webcam Full HD,4,199900.00,15.00,799600.00,119940.00,679660.00,PSE,
2307,PED002307,2026-04-21 12:35:22,CLI00687,Cali,Tienda física,CLO-01,Oficina,Escritorio ajustable,1,1199900.00,0.00,1199900.00,0.00,1199900.00,Efectivo,
2308,PED002308,2026-05-17 18:05:38,CLI01665,Bogotá D.C.,Página web,,Deportes,Colchoneta yoga,1,91700.00,10.00,91700.00,9170.00,82530.00,Tarjeta crédito,
2309,PED002309,2026-05-02 15:49:31,CLI01823,Cali,Página web,,Oficina,Impresora multifuncional,1,849900.00,0.00,849900.00,0.00,849900.00,Tarjeta crédito,
2310,PED002310,2026-04-17 03:12:08,CLI01886,Cali,Tienda física,CLO-01,Electrodomésticos,Cafetera eléctrica,1,193700.00,10.00,193700.00,19370.00,174330.00,Efectivo,5.0
2311,PED002311,2026-06-15 11:59:26,CLI02355,Barranquilla,Página web,,Tecnología,Teclado mecánico,1,218400.00,15.00,218400.00,32760.00,185640.00,Tarjeta débito,5.0
2312,PED002312,2026-05-10 04:51:04,CLI00330,Pereira,Tienda física,PEI-01,Hogar,Aspiradora vertical,1,474900.00,15.00,474900.00,71235.00,403665.00,Tarjeta débito,4.0
2313,PED002313,2026-04-06 22:36:45,CLI00342,Bogotá D.C.,Tienda física,BOG-03,Hogar,Lámpara de mesa,2,127300.00,10.00,254600.00,25460.00,229140.00,Tarjeta débito,
2314,PED002314,2026-04-26 01:35:55,CLI02559,Medellín,Tienda física,MDE-01,Tecnología,Teclado mecánico,2,234500.00,0.00,469000.00,0.00,469000.00,Efectivo,5.0
2315,PED002315,2026-05-02 02:17:53,CLI02509,Medellín,Tienda física,MDE-01,Hogar,Purificador de aire,1,783900.00,10.00,783900.00,78390.00,705510.00,Tarjeta crédito,
2316,PED002316,2026-03-07 08:32:49,CLI00489,Medellín,Aplicación móvil,,Tecnología,Monitor 24 pulgadas,2,699900.00,0.00,1399800.00,0.00,1399800.00,Billetera digital,5.0
2317,PED002317,2026-06-21 16:27:07,CLI02560,Cali,Aplicación móvil,,Oficina,Impresora multifuncional,1,849900.00,20.00,849900.00,169980.00,679920.00,Tarjeta crédito,5.0
2318,PED002318,2026-02-08 03:02:53,CLI00057,Bogotá D.C.,Aplicación móvil,,Tecnología,Mouse inalámbrico,1,89900.00,0.00,89900.00,0.00,89900.00,Tarjeta crédito,4.0
2319,PED002319,2026-02-20 07:18:36,CLI01237,Pereira,Tienda física,PEI-01,Tecnología,Teclado mecánico,1,229900.00,0.00,229900.00,0.00,229900.00,Tarjeta crédito,
2320,PED002320,2026-04-27 00:29:02,CLI01769,Medellín,Aplicación móvil,,Deportes,Banda caminadora,1,2089900.00,0.00,2089900.00,0.00,2089900.00,PSE,4.0
2321,PED002321,2026-02-09 04:57:15,CLI02274,Medellín,Página web,,Oficina,Base para portátil,2,109900.00,5.00,219800.00,10990.00,208810.00,Tarjeta crédito,5.0
2322,PED002322,2026-02-18 00:08:44,CLI00680,Bogotá D.C.,Página web,,Tecnología,Tablet 10 pulgadas,1,899900.00,0.00,899900.00,0.00,899900.00,Transferencia,
2323,PED002323,2026-05-06 07:05:09,CLI01029,Cali,Aplicación móvil,,Tecnología,Audífonos Bluetooth,1,149900.00,0.00,149900.00,0.00,149900.00,Tarjeta débito,5.0
2324,PED002324,2026-05-27 23:57:11,CLI01933,Medellín,Página web,,Deportes,Colchoneta yoga,1,89900.00,5.00,89900.00,4495.00,85405.00,PSE,
2325,PED002325,2026-05-17 20:16:45,CLI01183,Bogotá D.C.,Página web,,Electrodomésticos,Sanduchera,2,129900.00,10.00,259800.00,25980.00,233820.00,Tarjeta débito,
2326,PED002326,2026-03-08 18:02:29,CLI01462,Bogotá D.C.,Tienda física,BOG-01,Tecnología,Monitor 24 pulgadas,1,713900.00,15.00,713900.00,107085.00,606815.00,Tarjeta crédito,4.0
2327,PED002327,2026-03-12 09:27:06,CLI01570,Bucaramanga,Página web,,Tecnología,Tablet 10 pulgadas,2,899900.00,15.00,1799800.00,269970.00,1529830.00,Tarjeta crédito,3.0
2328,PED002328,2026-06-22 09:21:14,CLI01652,Bogotá D.C.,Página web,,Deportes,Colchoneta yoga,1,91700.00,5.00,91700.00,4585.00,87115.00,PSE,
2329,PED002329,2026-06-28 23:57:25,CLI00629,Cali,Tienda física,CLO-01,Electrodomésticos,Horno microondas,1,608900.00,0.00,608900.00,0.00,608900.00,Efectivo,4.0
2330,PED002330,2026-02-25 16:47:07,CLI02015,Bogotá D.C.,Tienda física,BOG-02,Deportes,Colchoneta yoga,1,88100.00,20.00,88100.00,17620.00,70480.00,Tarjeta débito,5.0
2331,PED002331,2026-01-22 06:03:47,CLI01969,Cali,Aplicación móvil,,Hogar,Purificador de aire,1,759900.00,5.00,759900.00,37995.00,721905.00,Tarjeta crédito,4.0
2332,PED002332,2026-01-13 19:43:14,CLI01430,Barranquilla,Página web,,Electrodomésticos,Arrocera,1,166500.00,0.00,166500.00,0.00,166500.00,PSE,
2333,PED002333,2026-01-31 13:17:31,CLI01463,Pereira,Página web,,Hogar,Aspiradora vertical,1,509900.00,10.00,509900.00,50990.00,458910.00,PSE,3.0
2334,PED002334,2026-02-12 20:06:27,CLI02206,Bogotá D.C.,Página web,,Oficina,Impresora multifuncional,1,866900.00,5.00,866900.00,43345.00,823555.00,Transferencia,5.0
2335,PED002335,2026-03-05 01:20:04,CLI00634,Bogotá D.C.,Tienda física,BOG-03,Oficina,Webcam Full HD,1,203900.00,10.00,203900.00,20390.00,183510.00,Tarjeta crédito,
2336,PED002336,2026-05-14 03:36:42,CLI00065,Bucaramanga,Aplicación móvil,,Electrodomésticos,Cafetera eléctrica,2,189900.00,10.00,379800.00,37980.00,341820.00,Billetera digital,
2337,PED002337,2026-05-10 11:54:30,CLI00384,Medellín,Tienda física,MDE-02,Electrodomésticos,Freidora de aire,1,472400.00,10.00,472400.00,47240.00,425160.00,Efectivo,
2338,PED002338,2026-05-10 02:55:38,CLI01580,Cali,Página web,,Electrodomésticos,Freidora de aire,2,449900.00,0.00,899800.00,0.00,899800.00,PSE,5.0
2339,PED002339,2026-04-08 06:51:28,CLI02568,Medellín,Tienda física,MDE-02,Hogar,Lámpara de mesa,1,129900.00,10.00,129900.00,12990.00,116910.00,Efectivo,4.0
2340,PED002340,2026-03-20 19:22:57,CLI00824,Barranquilla,Aplicación móvil,,Deportes,Kit bandas elásticas,2,79900.00,5.00,159800.00,7990.00,151810.00,Tarjeta crédito,
2341,PED002341,2026-06-24 02:05:41,CLI01777,Bogotá D.C.,Tienda física,BOG-01,Deportes,Kit bandas elásticas,1,75900.00,10.00,75900.00,7590.00,68310.00,Tarjeta débito,5.0
2342,PED002342,2026-05-20 04:30:31,CLI01198,Barranquilla,Aplicación móvil,,Electrodomésticos,Arrocera,2,169900.00,0.00,339800.00,0.00,339800.00,Billetera digital,
2343,PED002343,2026-06-11 13:28:44,CLI01091,Cali,Página web,,Electrodomésticos,Sanduchera,1,132500.00,0.00,132500.00,0.00,132500.00,PSE,
2344,PED002344,2026-02-21 08:36:18,CLI02411,Cali,Página web,,Electrodomésticos,Arrocera,1,178400.00,0.00,178400.00,0.00,178400.00,Tarjeta crédito,
2345,PED002345,2026-02-04 22:12:26,CLI00256,Medellín,Página web,,Electrodomésticos,Freidora de aire,1,427400.00,5.00,427400.00,21370.00,406030.00,Tarjeta crédito,4.0
2346,PED002346,2026-04-14 17:58:20,CLI02082,Bogotá D.C.,Página web,,Deportes,Colchoneta yoga,2,89900.00,5.00,179800.00,8990.00,170810.00,Tarjeta crédito,5.0
2347,PED002347,2026-04-26 11:27:55,CLI02416,Bogotá D.C.,Aplicación móvil,,Electrodomésticos,Arrocera,1,166500.00,5.00,166500.00,8325.00,158175.00,Tarjeta crédito,5.0
2348,PED002348,2026-05-13 18:56:13,CLI00526,Barranquilla,Aplicación móvil,,Electrodomésticos,Horno microondas,1,550900.00,0.00,550900.00,0.00,550900.00,Tarjeta débito,
2349,PED002349,2026-02-10 10:30:57,CLI01009,Bogotá D.C.,Tienda física,BOG-02,Electrodomésticos,Cafetera eléctrica,1,193700.00,0.00,193700.00,0.00,193700.00,Tarjeta débito,5.0
2350,PED002350,2026-05-17 00:39:27,CLI00177,Medellín,Aplicación móvil,,Oficina,Silla ergonómica,2,749900.00,10.00,1499800.00,149980.00,1349820.00,Tarjeta crédito,4.0
2351,PED002351,2026-02-28 20:59:56,CLI02211,Cali,Página web,,Electrodomésticos,Cafetera eléctrica,1,180400.00,5.00,180400.00,9020.00,171380.00,Tarjeta crédito,5.0
2352,PED002352,2026-05-12 14:49:00,CLI00275,Bogotá D.C.,Tienda física,BOG-03,Electrodomésticos,Arrocera,1,166500.00,0.00,166500.00,0.00,166500.00,PSE,3.0
2353,PED002353,2026-02-24 06:25:59,CLI02609,Barranquilla,Aplicación móvil,,Deportes,Bicicleta estática,1,1469900.00,20.00,1469900.00,293980.00,1175920.00,PSE,
2354,PED002354,2026-04-29 10:16:11,CLI00310,Cali,Aplicación móvil,,Tecnología,Monitor 24 pulgadas,1,699900.00,0.00,699900.00,0.00,699900.00,Tarjeta crédito,2.0
2355,PED002355,2026-06-08 20:10:20,CLI00397,Pereira,Aplicación móvil,,Tecnología,Mouse inalámbrico,4,88100.00,10.00,352400.00,35240.00,317160.00,PSE,4.0
2356,PED002356,2026-03-17 17:32:36,CLI02488,Bogotá D.C.,Tienda física,BOG-02,Electrodomésticos,Sanduchera,1,129900.00,5.00,129900.00,6495.00,123405.00,Tarjeta crédito,5.0
2357,PED002357,2026-06-27 19:15:07,CLI01232,Barranquilla,Página web,,Tecnología,Audífonos Bluetooth,1,149900.00,0.00,149900.00,0.00,149900.00,Tarjeta crédito,
2358,PED002358,2026-06-11 14:36:14,CLI00537,Barranquilla,Aplicación móvil,,Hogar,Purificador de aire,2,815900.00,0.00,1631800.00,0.00,1631800.00,Tarjeta débito,
2359,PED002359,2026-06-30 00:38:43,CLI01153,Bogotá D.C.,Página web,,Deportes,Colchoneta yoga,1,89900.00,0.00,89900.00,0.00,89900.00,Tarjeta débito,
2360,PED002360,2026-01-04 09:55:48,CLI00266,Cali,Página web,,Deportes,Banda caminadora,1,2199900.00,10.00,2199900.00,219990.00,1979910.00,Tarjeta débito,
2361,PED002361,2026-06-02 01:16:23,CLI01333,Cali,Página web,,Hogar,Juego de ollas,1,289900.00,0.00,289900.00,0.00,289900.00,Tarjeta crédito,
2362,PED002362,2026-01-18 18:08:01,CLI01935,Bucaramanga,Tienda física,BGA-01,Electrodomésticos,Licuadora,1,227900.00,0.00,227900.00,0.00,227900.00,Tarjeta crédito,
2363,PED002363,2026-04-29 15:25:58,CLI02061,Pereira,Página web,,Hogar,Lámpara de mesa,2,132500.00,0.00,265000.00,0.00,265000.00,Tarjeta débito,4.0
2364,PED002364,2026-03-11 07:53:11,CLI02076,Medellín,Tienda física,MDE-02,Electrodomésticos,Sanduchera,1,123400.00,20.00,123400.00,24680.00,98720.00,Tarjeta crédito,5.0
2365,PED002365,2026-06-20 16:00:59,CLI02015,Bucaramanga,Página web,,Tecnología,Tablet 10 pulgadas,1,899900.00,5.00,899900.00,44995.00,854905.00,Tarjeta débito,5.0
2366,PED002366,2026-06-20 15:51:51,CLI01964,Cali,Página web,,Electrodomésticos,Arrocera,1,178400.00,15.00,178400.00,26760.00,151640.00,Tarjeta crédito,
2367,PED002367,2026-03-09 11:57:30,CLI02431,Cali,Aplicación móvil,,Tecnología,Tablet 10 pulgadas,1,899900.00,15.00,899900.00,134985.00,764915.00,Tarjeta crédito,
2368,PED002368,2026-06-20 06:27:15,CLI01398,Medellín,Página web,,Deportes,Balón fútbol,1,119900.00,0.00,119900.00,0.00,119900.00,Tarjeta crédito,
2369,PED002369,2026-05-09 05:20:32,CLI02116,Barranquilla,Aplicación móvil,,Tecnología,Mouse inalámbrico,1,85400.00,5.00,85400.00,4270.00,81130.00,Tarjeta crédito,4.0
2370,PED002370,2026-06-14 02:44:02,CLI02117,Cali,Aplicación móvil,,Tecnología,Teclado mecánico,4,229900.00,10.00,919600.00,91960.00,827640.00,Tarjeta crédito,4.0
2371,PED002371,2026-04-01 05:43:01,CLI00369,Medellín,Página web,,Electrodomésticos,Sanduchera,1,136400.00,0.00,136400.00,0.00,136400.00,Tarjeta crédito,4.0
2372,PED002372,2026-01-24 19:58:03,CLI01247,Bucaramanga,Tienda física,BGA-01,Hogar,Aspiradora vertical,3,474900.00,0.00,1424700.00,0.00,1424700.00,PSE,4.0
2373,PED002373,2026-04-17 11:08:03,CLI02300,Medellín,Tienda física,MDE-01,Tecnología,Smartwatch,3,329900.00,15.00,989700.00,148455.00,841245.00,Efectivo,
2374,PED002374,2026-06-04 20:54:20,CLI01086,Cali,Tienda física,CLO-02,Tecnología,Teclado mecánico,2,241400.00,5.00,482800.00,24140.00,458660.00,Efectivo,
2375,PED002375,2026-04-04 05:14:30,CLI00103,Cali,Página web,,Deportes,Banda caminadora,1,2199900.00,0.00,2199900.00,0.00,2199900.00,Tarjeta crédito,1.0
2376,PED002376,2026-05-23 07:22:24,CLI00238,Pereira,Página web,,Hogar,Juego de ollas,3,295700.00,0.00,887100.00,0.00,887100.00,Tarjeta crédito,5.0
2377,PED002377,2026-04-25 00:15:35,CLI01100,Bogotá D.C.,Aplicación móvil,,Tecnología,Tablet 10 pulgadas,1,854900.00,5.00,854900.00,42745.00,812155.00,Tarjeta crédito,
2378,PED002378,2026-05-03 08:32:53,CLI01108,Bogotá D.C.,Página web,,Electrodomésticos,Freidora de aire,1,427400.00,0.00,427400.00,0.00,427400.00,Transferencia,5.0
2379,PED002379,2026-04-01 15:19:52,CLI00941,Bucaramanga,Página web,,Oficina,Base para portátil,2,109900.00,5.00,219800.00,10990.00,208810.00,Tarjeta crédito,4.0
2380,PED002380,2026-05-08 21:27:57,CLI01086,Bogotá D.C.,Tienda física,BOG-02,Deportes,Kit bandas elásticas,1,81500.00,10.00,81500.00,8150.00,73350.00,Tarjeta crédito,
2381,PED002381,2026-06-12 22:47:49,CLI01408,Bucaramanga,Tienda física,BGA-01,Deportes,Banda caminadora,3,2155900.00,0.00,6467700.00,0.00,6467700.00,PSE,
2382,PED002382,2026-04-30 10:50:48,CLI00447,Barranquilla,Página web,,Deportes,Bicicleta estática,1,1499900.00,5.00,1499900.00,74995.00,1424905.00,PSE,5.0
2383,PED002383,2026-05-17 16:32:35,CLI01679,Cali,Tienda física,CLO-02,Oficina,Silla ergonómica,2,734900.00,15.00,1469800.00,220470.00,1249330.00,Tarjeta crédito,4.0
2384,PED002384,2026-06-08 03:21:02,CLI00503,Medellín,Página web,,Electrodomésticos,Horno microondas,1,550900.00,20.00,550900.00,110180.00,440720.00,Tarjeta crédito,4.0
2385,PED002385,2026-04-25 13:36:12,CLI00728,Barranquilla,Tienda física,BAQ-01,Hogar,Aspiradora vertical,1,474900.00,0.00,474900.00,0.00,474900.00,Efectivo,4.0
2386,PED002386,2026-04-01 09:55:19,CLI01964,Bogotá D.C.,Página web,,Tecnología,Smartwatch,1,329900.00,0.00,329900.00,0.00,329900.00,Tarjeta crédito,
2387,PED002387,2026-04-06 18:14:12,CLI02236,Bucaramanga,Aplicación móvil,,Electrodomésticos,Sanduchera,3,129900.00,0.00,389700.00,0.00,389700.00,Tarjeta crédito,5.0
2388,PED002388,2026-02-01 01:09:22,CLI01349,Bogotá D.C.,Tienda física,BOG-02,Electrodomésticos,Horno microondas,1,579900.00,0.00,579900.00,0.00,579900.00,Efectivo,
2389,PED002389,2026-06-12 12:10:11,CLI01906,Bogotá D.C.,Tienda física,BOG-02,Oficina,Escritorio ajustable,1,1139900.00,0.00,1139900.00,0.00,1139900.00,Efectivo,
2390,PED002390,2026-02-01 02:40:56,CLI01463,Cali,Página web,,Oficina,Silla ergonómica,1,712400.00,20.00,712400.00,142480.00,569920.00,Tarjeta crédito,
2391,PED002391,2026-01-24 14:47:53,CLI00302,Bogotá D.C.,Página web,,Hogar,Ventilador de torre,1,332400.00,0.00,332400.00,0.00,332400.00,PSE,
2392,PED002392,2026-01-14 10:45:57,CLI02609,Cali,Página web,,Hogar,Ventilador de torre,1,342900.00,5.00,342900.00,17145.00,325755.00,Transferencia,
2393,PED002393,2026-06-10 05:33:20,CLI01642,Barranquilla,Aplicación móvil,,Hogar,Ventilador de torre,1,356900.00,10.00,356900.00,35690.00,321210.00,Tarjeta crédito,
2394,PED002394,2026-01-20 12:05:39,CLI00939,Bogotá D.C.,Página web,,Tecnología,Smartwatch,1,329900.00,0.00,329900.00,0.00,329900.00,PSE,
2395,PED002395,2026-03-30 10:39:06,CLI02354,Cali,Aplicación móvil,,Oficina,Silla ergonómica,2,749900.00,15.00,1499800.00,224970.00,1274830.00,Tarjeta crédito,
2396,PED002396,2026-06-07 08:01:28,CLI01295,Barranquilla,Aplicación móvil,,Tecnología,Tablet 10 pulgadas,3,881900.00,0.00,2645700.00,0.00,2645700.00,Billetera digital,
2397,PED002397,2026-03-29 19:16:50,CLI01534,Cali,Página web,,Oficina,Archivador metálico,1,459900.00,0.00,459900.00,0.00,459900.00,Tarjeta débito,
2398,PED002398,2026-06-08 18:08:04,CLI02543,Bogotá D.C.,Tienda física,BOG-01,Deportes,Bicicleta estática,1,1469900.00,10.00,1469900.00,146990.00,1322910.00,Efectivo,4.0
2399,PED002399,2026-04-26 13:07:04,CLI00021,Bucaramanga,Aplicación móvil,,Oficina,Archivador metálico,2,469100.00,0.00,938200.00,0.00,938200.00,PSE,5.0
2400,PED002400,2026-04-09 09:19:08,CLI02289,Medellín,Tienda física,MDE-02,Tecnología,Mouse inalámbrico,1,89900.00,10.00,89900.00,8990.00,80910.00,Tarjeta crédito,5.0
2401,PED002401,2026-06-21 15:09:14,CLI02638,Cali,Página web,,Oficina,Base para portátil,2,109900.00,0.00,219800.00,0.00,219800.00,Tarjeta crédito,
2402,PED002402,2026-02-24 15:36:23,CLI01313,Bogotá D.C.,Tienda física,BOG-01,Tecnología,Monitor 24 pulgadas,1,734900.00,0.00,734900.00,0.00,734900.00,PSE,3.0
2403,PED002403,2026-01-04 08:11:39,CLI00989,Cali,Página web,,Tecnología,Teclado mecánico,4,234500.00,5.00,938000.00,46900.00,891100.00,Tarjeta crédito,
2404,PED002404,2026-02-20 22:30:23,CLI02400,Cali,Aplicación móvil,,Deportes,Balón fútbol,2,122300.00,0.00,244600.00,0.00,244600.00,Tarjeta crédito,3.0
2405,PED002405,2026-01-21 13:11:28,CLI02444,Bogotá D.C.,Tienda física,BOG-02,Hogar,Organizador modular,1,122300.00,10.00,122300.00,12230.00,110070.00,PSE,4.0
2406,PED002406,2026-04-30 00:19:42,CLI00761,Bogotá D.C.,Página web,,Tecnología,Teclado mecánico,1,229900.00,10.00,229900.00,22990.00,206910.00,Tarjeta débito,
2407,PED002407,2026-02-03 06:09:20,CLI01779,Barranquilla,Aplicación móvil,,Deportes,Colchoneta yoga,1,88100.00,15.00,88100.00,13215.00,74885.00,Tarjeta crédito,
2408,PED002408,2026-05-13 14:14:16,CLI01739,Bucaramanga,Página web,,Deportes,Banda caminadora,1,2309900.00,0.00,2309900.00,0.00,2309900.00,Tarjeta crédito,
2409,PED002409,2026-01-15 06:40:06,CLI01621,Bogotá D.C.,Tienda física,BOG-03,Tecnología,Mouse inalámbrico,1,88100.00,20.00,88100.00,17620.00,70480.00,Tarjeta débito,
2410,PED002410,2026-02-14 17:03:55,CLI00438,Bogotá D.C.,Tienda física,BOG-03,Electrodomésticos,Arrocera,1,178400.00,10.00,178400.00,17840.00,160560.00,Tarjeta crédito,
2411,PED002411,2026-01-26 13:05:51,CLI00869,Medellín,Página web,,Oficina,Archivador metálico,2,459900.00,10.00,919800.00,91980.00,827820.00,Tarjeta débito,
2412,PED002412,2026-03-28 21:39:37,CLI00071,Barranquilla,Página web,,Deportes,Bicicleta estática,3,1424900.00,0.00,4274700.00,0.00,4274700.00,PSE,3.0
2413,PED002413,2026-06-22 02:54:17,CLI01991,Bogotá D.C.,Aplicación móvil,,Oficina,Impresora multifuncional,4,807400.00,10.00,3229600.00,322960.00,2906640.00,PSE,5.0
2414,PED002414,2026-06-22 09:44:01,CLI00120,Bogotá D.C.,Página web,,Electrodomésticos,Horno microondas,1,550900.00,0.00,550900.00,0.00,550900.00,Tarjeta crédito,
2415,PED002415,2026-02-16 12:54:45,CLI01903,Cali,Página web,,Oficina,Escritorio ajustable,1,1199900.00,20.00,1199900.00,239980.00,959920.00,Tarjeta crédito,5.0
2416,PED002416,2026-04-03 04:35:51,CLI01502,Bogotá D.C.,Aplicación móvil,,Tecnología,Mouse inalámbrico,1,91700.00,0.00,91700.00,0.00,91700.00,PSE,4.0
2417,PED002417,2026-01-16 15:32:56,CLI02419,Bogotá D.C.,Tienda física,BOG-03,Deportes,Colchoneta yoga,1,89900.00,5.00,89900.00,4495.00,85405.00,Tarjeta crédito,5.0
2418,PED002418,2026-06-27 07:59:43,CLI02672,Medellín,Tienda física,MDE-02,Hogar,Ventilador de torre,2,367400.00,15.00,734800.00,110220.00,624580.00,Tarjeta débito,4.0
2419,PED002419,2026-05-01 14:06:10,CLI02179,Bogotá D.C.,Tienda física,BOG-03,Tecnología,Monitor 24 pulgadas,1,699900.00,15.00,699900.00,104985.00,594915.00,Tarjeta débito,4.0
2420,PED002420,2026-01-25 23:37:39,CLI01057,Bucaramanga,Página web,,Deportes,Kit bandas elásticas,1,81500.00,15.00,81500.00,12225.00,69275.00,Tarjeta crédito,
2421,PED002421,2026-06-06 08:41:28,CLI00697,Cali,Página web,,Oficina,Impresora multifuncional,1,807400.00,0.00,807400.00,0.00,807400.00,Tarjeta débito,4.0
2422,PED002422,2026-04-30 22:42:40,CLI02058,Pereira,Página web,,Electrodomésticos,Freidora de aire,2,427400.00,0.00,854800.00,0.00,854800.00,Transferencia,5.0
2423,PED002423,2026-03-14 06:12:17,CLI00989,Cali,Tienda física,CLO-01,Deportes,Balón fútbol,1,125900.00,0.00,125900.00,0.00,125900.00,Tarjeta crédito,4.0
2424,PED002424,2026-02-08 06:06:00,CLI00157,Bogotá D.C.,Aplicación móvil,,Hogar,Aspiradora vertical,2,499900.00,0.00,999800.00,0.00,999800.00,Tarjeta crédito,
2425,PED002425,2026-03-26 03:52:03,CLI02504,Bogotá D.C.,Página web,,Tecnología,Audífonos Bluetooth,2,157400.00,15.00,314800.00,47220.00,267580.00,Tarjeta crédito,
2426,PED002426,2026-05-13 05:14:10,CLI01780,Medellín,Página web,,Electrodomésticos,Cafetera eléctrica,2,189900.00,0.00,379800.00,0.00,379800.00,Tarjeta crédito,5.0
2427,PED002427,2026-04-19 20:57:34,CLI01371,Barranquilla,Tienda física,BAQ-01,Electrodomésticos,Sanduchera,3,136400.00,0.00,409200.00,0.00,409200.00,Tarjeta débito,
2428,PED002428,2026-01-12 06:51:54,CLI01494,Cali,Página web,,Tecnología,Tablet 10 pulgadas,1,881900.00,20.00,881900.00,176380.00,705520.00,Tarjeta crédito,4.0
2429,PED002429,2026-06-29 06:51:54,CLI00017,Cali,Página web,,Tecnología,Tablet 10 pulgadas,1,881900.00,5.00,881900.00,44095.00,837805.00,Transferencia,5.0
2430,PED002430,2026-04-03 03:08:53,CLI01407,Bucaramanga,Página web,,Oficina,Silla ergonómica,1,749900.00,0.00,749900.00,0.00,749900.00,Tarjeta crédito,
2431,PED002431,2026-05-08 15:24:28,CLI00603,Cali,Aplicación móvil,,Hogar,Aspiradora vertical,1,499900.00,10.00,499900.00,49990.00,449910.00,Billetera digital,5.0
2432,PED002432,2026-03-22 09:04:15,CLI02066,Bogotá D.C.,Página web,,Deportes,Mancuernas ajustables,1,407900.00,0.00,407900.00,0.00,407900.00,Tarjeta crédito,
2433,PED002433,2026-04-21 22:17:25,CLI01664,Barranquilla,Página web,,Tecnología,Tablet 10 pulgadas,1,899900.00,0.00,899900.00,0.00,899900.00,Tarjeta crédito,
2434,PED002434,2026-04-23 18:10:41,CLI01195,Cali,Página web,,Deportes,Banda caminadora,3,2199900.00,15.00,6599700.00,989955.00,5609745.00,PSE,4.0
2435,PED002435,2026-04-06 23:35:52,CLI00631,Medellín,Página web,,Electrodomésticos,Cafetera eléctrica,2,189900.00,0.00,379800.00,0.00,379800.00,PSE,
2436,PED002436,2026-02-21 12:47:37,CLI01523,Bogotá D.C.,Página web,,Oficina,Archivador metálico,1,450700.00,0.00,450700.00,0.00,450700.00,PSE,
2437,PED002437,2026-01-25 02:15:35,CLI01697,Medellín,Aplicación móvil,,Tecnología,Teclado mecánico,4,218400.00,0.00,873600.00,0.00,873600.00,Billetera digital,
2438,PED002438,2026-04-25 07:48:21,CLI02329,Bogotá D.C.,Tienda física,BOG-03,Hogar,Lámpara de mesa,1,123400.00,0.00,123400.00,0.00,123400.00,Tarjeta débito,3.0
2439,PED002439,2026-05-19 12:04:52,CLI02375,Bogotá D.C.,Tienda física,BOG-01,Hogar,Organizador modular,1,117500.00,5.00,117500.00,5875.00,111625.00,Tarjeta débito,
2440,PED002440,2026-06-20 07:23:46,CLI00188,Pereira,Página web,,Electrodomésticos,Licuadora,2,244700.00,0.00,489400.00,0.00,489400.00,Tarjeta crédito,5.0
2441,PED002441,2026-03-23 00:29:51,CLI01441,Pereira,Página web,,Electrodomésticos,Freidora de aire,2,449900.00,0.00,899800.00,0.00,899800.00,PSE,
2442,PED002442,2026-03-06 09:30:32,CLI01496,Barranquilla,Tienda física,BAQ-01,Electrodomésticos,Arrocera,1,169900.00,0.00,169900.00,0.00,169900.00,Tarjeta débito,5.0
2443,PED002443,2026-06-06 00:48:46,CLI02495,Barranquilla,Tienda física,BAQ-01,Deportes,Mancuernas ajustables,1,419900.00,0.00,419900.00,0.00,419900.00,Efectivo,3.0
2444,PED002444,2026-04-14 13:09:26,CLI02322,Bogotá D.C.,Tienda física,BOG-02,Electrodomésticos,Licuadora,1,251900.00,15.00,251900.00,37785.00,214115.00,Tarjeta crédito,1.0
2445,PED002445,2026-04-01 12:59:01,CLI01199,Bucaramanga,Aplicación móvil,,Tecnología,Smartwatch,1,323300.00,10.00,323300.00,32330.00,290970.00,PSE,3.0
2446,PED002446,2026-02-17 08:16:45,CLI02339,Medellín,Página web,,Tecnología,Audífonos Bluetooth,1,146900.00,10.00,146900.00,14690.00,132210.00,Tarjeta crédito,
2447,PED002447,2026-03-11 05:36:43,CLI02215,Cali,Tienda física,CLO-02,Tecnología,Audífonos Bluetooth,1,146900.00,0.00,146900.00,0.00,146900.00,Efectivo,5.0
2448,PED002448,2026-02-27 19:46:50,CLI00131,Cali,Aplicación móvil,,Oficina,Escritorio ajustable,3,1175900.00,5.00,3527700.00,176385.00,3351315.00,Billetera digital,5.0
2449,PED002449,2026-03-24 08:38:38,CLI00572,Medellín,Página web,,Tecnología,Monitor 24 pulgadas,1,664900.00,0.00,664900.00,0.00,664900.00,Tarjeta crédito,5.0
2450,PED002450,2026-05-08 23:58:33,CLI00578,Bogotá D.C.,Aplicación móvil,,Electrodomésticos,Cafetera eléctrica,1,189900.00,10.00,189900.00,18990.00,170910.00,PSE,5.0
2451,PED002451,2026-03-18 22:49:29,CLI01272,Bogotá D.C.,Tienda física,BOG-02,Deportes,Colchoneta yoga,1,85400.00,0.00,85400.00,0.00,85400.00,Tarjeta crédito,4.0
2452,PED002452,2026-03-20 09:15:25,CLI02677,Bogotá D.C.,Aplicación móvil,,Deportes,Mancuernas ajustables,2,419900.00,5.00,839800.00,41990.00,797810.00,Tarjeta crédito,3.0
2453,PED002453,2026-02-04 18:22:08,CLI00589,Pereira,Página web,,Tecnología,Tablet 10 pulgadas,1,899900.00,10.00,899900.00,89990.00,809910.00,PSE,
2454,PED002454,2026-02-10 02:57:19,CLI02032,Medellín,Página web,,Tecnología,Teclado mecánico,1,234500.00,5.00,234500.00,11725.00,222775.00,Transferencia,4.0
2455,PED002455,2026-04-23 05:19:26,CLI00661,Bogotá D.C.,Tienda física,BOG-03,Electrodomésticos,Freidora de aire,3,449900.00,0.00,1349700.00,0.00,1349700.00,Tarjeta débito,
2456,PED002456,2026-06-06 07:56:06,CLI02465,Pereira,Tienda física,PEI-01,Deportes,Colchoneta yoga,1,89900.00,10.00,89900.00,8990.00,80910.00,Tarjeta débito,3.0
2457,PED002457,2026-01-31 11:16:05,CLI02066,Cali,Tienda física,CLO-02,Tecnología,Monitor 24 pulgadas,2,685900.00,0.00,1371800.00,0.00,1371800.00,Tarjeta crédito,
2458,PED002458,2026-05-24 23:39:57,CLI01902,Medellín,Aplicación móvil,,Deportes,Balón fútbol,1,117500.00,10.00,117500.00,11750.00,105750.00,Billetera digital,4.0
2459,PED002459,2026-05-17 08:09:23,CLI01279,Bogotá D.C.,Aplicación móvil,,Tecnología,Mouse inalámbrico,2,91700.00,0.00,183400.00,0.00,183400.00,Tarjeta crédito,
2460,PED002460,2026-06-19 11:42:48,CLI01774,Cali,Aplicación móvil,,Electrodomésticos,Licuadora,1,251900.00,0.00,251900.00,0.00,251900.00,Tarjeta débito,4.0
2461,PED002461,2026-05-12 01:05:06,CLI01168,Bogotá D.C.,Tienda física,BOG-01,Oficina,Impresora multifuncional,3,892400.00,0.00,2677200.00,0.00,2677200.00,Tarjeta crédito,3.0
2462,PED002462,2026-04-12 05:51:17,CLI01117,Pereira,Página web,,Tecnología,Smartwatch,2,329900.00,10.00,659800.00,65980.00,593820.00,Tarjeta débito,
2463,PED002463,2026-03-31 06:12:51,CLI00347,Barranquilla,Tienda física,BAQ-01,Tecnología,Monitor 24 pulgadas,2,713900.00,0.00,1427800.00,0.00,1427800.00,Tarjeta crédito,
2464,PED002464,2026-03-28 04:13:28,CLI02636,Cali,Tienda física,CLO-02,Tecnología,Audífonos Bluetooth,1,152900.00,0.00,152900.00,0.00,152900.00,Tarjeta crédito,4.0
2465,PED002465,2026-02-22 21:32:47,CLI01285,Cali,Tienda física,CLO-02,Tecnología,Mouse inalámbrico,1,89900.00,15.00,89900.00,13485.00,76415.00,Tarjeta débito,
2466,PED002466,2026-03-20 04:55:56,CLI00753,Cali,Página web,,Hogar,Lámpara de mesa,1,136400.00,10.00,136400.00,13640.00,122760.00,Tarjeta crédito,4.0
2467,PED002467,2026-02-19 07:05:56,CLI02187,Bucaramanga,Tienda física,BGA-01,Tecnología,Mouse inalámbrico,2,91700.00,10.00,183400.00,18340.00,165060.00,Tarjeta crédito,4.0
2468,PED002468,2026-06-21 17:44:32,CLI00154,Bucaramanga,Página web,,Oficina,Silla ergonómica,1,749900.00,15.00,749900.00,112485.00,637415.00,Tarjeta débito,
2469,PED002469,2026-06-17 20:10:55,CLI01597,Cali,Tienda física,CLO-01,Electrodomésticos,Sanduchera,1,129900.00,5.00,129900.00,6495.00,123405.00,Tarjeta débito,5.0
2470,PED002470,2026-04-18 19:40:04,CLI02647,Cali,Página web,,Tecnología,Smartwatch,1,323300.00,0.00,323300.00,0.00,323300.00,PSE,5.0
2471,PED002471,2026-02-04 23:07:20,CLI02389,Medellín,Página web,,Oficina,Impresora multifuncional,2,849900.00,0.00,1699800.00,0.00,1699800.00,Tarjeta crédito,4.0
2472,PED002472,2026-01-10 00:22:12,CLI00589,Bogotá D.C.,Página web,,Tecnología,Teclado mecánico,1,225300.00,10.00,225300.00,22530.00,202770.00,Tarjeta crédito,3.0
2473,PED002473,2026-01-08 11:13:20,CLI02094,Bogotá D.C.,Página web,,Hogar,Lámpara de mesa,1,129900.00,0.00,129900.00,0.00,129900.00,PSE,5.0
2474,PED002474,2026-02-17 07:12:06,CLI00617,Bucaramanga,Página web,,Oficina,Base para portátil,1,109900.00,5.00,109900.00,5495.00,104405.00,Tarjeta crédito,4.0
2475,PED002475,2026-06-28 17:52:15,CLI00993,Pereira,Aplicación móvil,,Deportes,Kit bandas elásticas,1,75900.00,10.00,75900.00,7590.00,68310.00,Tarjeta débito,
2476,PED002476,2026-05-13 18:41:25,CLI01678,Pereira,Aplicación móvil,,Hogar,Purificador de aire,2,799900.00,10.00,1599800.00,159980.00,1439820.00,Billetera digital,
2477,PED002477,2026-06-17 23:56:52,CLI00958,Cali,Aplicación móvil,,Electrodomésticos,Licuadora,2,239900.00,0.00,479800.00,0.00,479800.00,Tarjeta crédito,5.0
2478,PED002478,2026-04-26 17:54:40,CLI02397,Bogotá D.C.,Página web,,Electrodomésticos,Sanduchera,1,129900.00,5.00,129900.00,6495.00,123405.00,Tarjeta débito,3.0
2479,PED002479,2026-04-01 05:19:04,CLI01253,Bucaramanga,Tienda física,BGA-01,Tecnología,Audífonos Bluetooth,1,146900.00,0.00,146900.00,0.00,146900.00,Tarjeta débito,3.0
2480,PED002480,2026-05-17 23:35:33,CLI00628,Cali,Aplicación móvil,,Oficina,Impresora multifuncional,2,849900.00,10.00,1699800.00,169980.00,1529820.00,Tarjeta débito,4.0
2481,PED002481,2026-05-23 11:34:18,CLI01269,Barranquilla,Tienda física,BAQ-01,Deportes,Bicicleta estática,1,1424900.00,0.00,1424900.00,0.00,1424900.00,PSE,
2482,PED002482,2026-05-29 22:57:30,CLI01364,Pereira,Aplicación móvil,,Deportes,Balón fútbol,2,125900.00,0.00,251800.00,0.00,251800.00,PSE,
2483,PED002483,2026-05-07 20:37:56,CLI02465,Bogotá D.C.,Aplicación móvil,,Tecnología,Audífonos Bluetooth,1,149900.00,0.00,149900.00,0.00,149900.00,PSE,
2484,PED002484,2026-05-13 21:44:38,CLI00765,Medellín,Aplicación móvil,,Tecnología,Audífonos Bluetooth,1,142400.00,15.00,142400.00,21360.00,121040.00,Tarjeta crédito,4.0
2485,PED002485,2026-05-14 11:36:19,CLI00827,Bogotá D.C.,Tienda física,BOG-02,Hogar,Aspiradora vertical,1,499900.00,5.00,499900.00,24995.00,474905.00,Efectivo,4.0
2486,PED002486,2026-02-08 16:30:34,CLI01825,Bogotá D.C.,Aplicación móvil,,Tecnología,Monitor 24 pulgadas,1,699900.00,0.00,699900.00,0.00,699900.00,Tarjeta crédito,4.0
2487,PED002487,2026-05-11 19:03:37,CLI00563,Medellín,Tienda física,MDE-02,Tecnología,Mouse inalámbrico,4,89900.00,0.00,359600.00,0.00,359600.00,Tarjeta débito,
2488,PED002488,2026-04-10 14:23:21,CLI00787,Bogotá D.C.,Página web,,Oficina,Impresora multifuncional,1,807400.00,0.00,807400.00,0.00,807400.00,Transferencia,
2489,PED002489,2026-02-08 01:16:39,CLI02353,Bogotá D.C.,Aplicación móvil,,Oficina,Impresora multifuncional,1,849900.00,0.00,849900.00,0.00,849900.00,PSE,5.0
2490,PED002490,2026-01-18 21:15:41,CLI02512,Cali,Página web,,Electrodomésticos,Licuadora,2,235100.00,0.00,470200.00,0.00,470200.00,PSE,
2491,PED002491,2026-05-31 13:52:13,CLI01942,Cali,Aplicación móvil,,Hogar,Organizador modular,1,117500.00,10.00,117500.00,11750.00,105750.00,PSE,
2492,PED002492,2026-02-19 07:20:29,CLI01634,Bogotá D.C.,Página web,,Tecnología,Monitor 24 pulgadas,2,699900.00,15.00,1399800.00,209970.00,1189830.00,Tarjeta crédito,
2493,PED002493,2026-03-10 06:41:20,CLI00836,Pereira,Aplicación móvil,,Electrodomésticos,Horno microondas,2,579900.00,0.00,1159800.00,0.00,1159800.00,Tarjeta crédito,5.0
2494,PED002494,2026-05-11 22:49:06,CLI00272,Pereira,Página web,,Tecnología,Tablet 10 pulgadas,1,854900.00,10.00,854900.00,85490.00,769410.00,Tarjeta débito,
2495,PED002495,2026-05-11 13:52:11,CLI00641,Bogotá D.C.,Página web,,Oficina,Silla ergonómica,2,734900.00,5.00,1469800.00,73490.00,1396310.00,PSE,
2496,PED002496,2026-01-09 23:04:48,CLI01482,Barranquilla,Tienda física,BAQ-01,Oficina,Webcam Full HD,1,199900.00,10.00,199900.00,19990.00,179910.00,Tarjeta débito,4.0
2497,PED002497,2026-03-31 12:25:35,CLI02577,Bogotá D.C.,Página web,,Hogar,Juego de ollas,1,284100.00,5.00,284100.00,14205.00,269895.00,Tarjeta crédito,4.0
2498,PED002498,2026-06-10 09:59:47,CLI02422,Barranquilla,Tienda física,BAQ-01,Tecnología,Teclado mecánico,1,229900.00,0.00,229900.00,0.00,229900.00,Tarjeta débito,
2499,PED002499,2026-05-12 00:21:52,CLI00130,Pereira,Página web,,Electrodomésticos,Sanduchera,1,132500.00,0.00,132500.00,0.00,132500.00,Tarjeta débito,4.0
2500,PED002500,2026-04-21 03:25:18,CLI02634,Cali,Aplicación móvil,,Tecnología,Monitor 24 pulgadas,2,699900.00,0.00,1399800.00,0.00,1399800.00,Tarjeta débito,5.0
2501,PED002501,2026-02-07 02:51:15,CLI00560,Barranquilla,Aplicación móvil,,Oficina,Archivador metálico,1,482900.00,0.00,482900.00,0.00,482900.00,Billetera digital,
2502,PED002502,2026-06-19 12:12:02,CLI02398,Medellín,Aplicación móvil,,Hogar,Purificador de aire,1,759900.00,15.00,759900.00,113985.00,645915.00,Tarjeta débito,5.0
2503,PED002503,2026-03-10 22:40:48,CLI00717,Bogotá D.C.,Aplicación móvil,,Tecnología,Smartwatch,2,329900.00,0.00,659800.00,0.00,659800.00,Billetera digital,
2504,PED002504,2026-03-09 23:47:10,CLI00798,Bogotá D.C.,Página web,,Tecnología,Audífonos Bluetooth,4,149900.00,0.00,599600.00,0.00,599600.00,Tarjeta débito,
2505,PED002505,2026-02-18 23:23:15,CLI00202,Bogotá D.C.,Tienda física,BOG-02,Tecnología,Tablet 10 pulgadas,4,917900.00,0.00,3671600.00,0.00,3671600.00,Tarjeta débito,5.0
2506,PED002506,2026-04-15 11:49:02,CLI02395,Bogotá D.C.,Página web,,Oficina,Webcam Full HD,1,203900.00,15.00,203900.00,30585.00,173315.00,PSE,4.0
2507,PED002507,2026-01-05 18:56:39,CLI01234,Cali,Aplicación móvil,,Oficina,Impresora multifuncional,3,849900.00,0.00,2549700.00,0.00,2549700.00,Tarjeta débito,4.0
2508,PED002508,2026-05-21 03:32:42,CLI02642,Cali,Tienda física,CLO-01,Tecnología,Teclado mecánico,2,229900.00,0.00,459800.00,0.00,459800.00,Tarjeta crédito,
2509,PED002509,2026-05-25 22:39:00,CLI01095,Bogotá D.C.,Página web,,Oficina,Silla ergonómica,1,764900.00,0.00,764900.00,0.00,764900.00,Tarjeta crédito,5.0
2510,PED002510,2026-04-04 23:21:43,CLI02344,Bucaramanga,Tienda física,BGA-01,Electrodomésticos,Horno microondas,1,579900.00,10.00,579900.00,57990.00,521910.00,Tarjeta débito,
2511,PED002511,2026-01-09 20:52:00,CLI02319,Medellín,Tienda física,MDE-01,Electrodomésticos,Licuadora,1,244700.00,10.00,244700.00,24470.00,220230.00,Tarjeta crédito,4.0
2512,PED002512,2026-01-31 09:50:49,CLI00333,Bogotá D.C.,Página web,,Tecnología,Monitor 24 pulgadas,1,734900.00,5.00,734900.00,36745.00,698155.00,PSE,
2513,PED002513,2026-05-06 15:29:48,CLI00824,Cali,Tienda física,CLO-01,Hogar,Aspiradora vertical,1,509900.00,15.00,509900.00,76485.00,433415.00,Efectivo,
2514,PED002514,2026-03-13 20:35:10,CLI01333,Bucaramanga,Tienda física,BGA-01,Electrodomésticos,Arrocera,1,178400.00,0.00,178400.00,0.00,178400.00,Efectivo,
2515,PED002515,2026-03-04 10:33:52,CLI01854,Bogotá D.C.,Aplicación móvil,,Oficina,Archivador metálico,2,459900.00,5.00,919800.00,45990.00,873810.00,Tarjeta crédito,
2516,PED002516,2026-03-20 05:47:49,CLI01852,Cali,Aplicación móvil,,Tecnología,Mouse inalámbrico,1,85400.00,0.00,85400.00,0.00,85400.00,Tarjeta crédito,4.0
2517,PED002517,2026-06-21 07:33:14,CLI00393,Bucaramanga,Página web,,Tecnología,Teclado mecánico,1,229900.00,0.00,229900.00,0.00,229900.00,Tarjeta crédito,
2518,PED002518,2026-05-31 19:35:10,CLI02408,Bogotá D.C.,Página web,,Deportes,Mancuernas ajustables,1,407900.00,10.00,407900.00,40790.00,367110.00,Tarjeta crédito,4.0
2519,PED002519,2026-03-20 04:42:59,CLI02037,Bogotá D.C.,Página web,,Oficina,Escritorio ajustable,1,1199900.00,20.00,1199900.00,239980.00,959920.00,Transferencia,4.0
2520,PED002520,2026-04-24 12:59:33,CLI02190,Bogotá D.C.,Aplicación móvil,,Deportes,Colchoneta yoga,2,94400.00,5.00,188800.00,9440.00,179360.00,Tarjeta crédito,4.0
2521,PED002521,2026-06-21 04:04:03,CLI02219,Bogotá D.C.,Página web,,Oficina,Escritorio ajustable,1,1199900.00,0.00,1199900.00,0.00,1199900.00,PSE,4.0
2522,PED002522,2026-01-24 18:03:02,CLI00850,Bogotá D.C.,Página web,,Tecnología,Mouse inalámbrico,2,85400.00,5.00,170800.00,8540.00,162260.00,Tarjeta débito,
2523,PED002523,2026-01-23 04:07:05,CLI02060,Bogotá D.C.,Aplicación móvil,,Hogar,Organizador modular,1,119900.00,5.00,119900.00,5995.00,113905.00,Tarjeta débito,
2524,PED002524,2026-01-19 02:35:37,CLI02626,Medellín,Aplicación móvil,,Electrodomésticos,Arrocera,1,161400.00,0.00,161400.00,0.00,161400.00,Tarjeta crédito,
2525,PED002525,2026-04-18 00:51:02,CLI00935,Bucaramanga,Tienda física,BGA-01,Tecnología,Mouse inalámbrico,2,89900.00,10.00,179800.00,17980.00,161820.00,Efectivo,3.0
2526,PED002526,2026-05-08 09:24:40,CLI01969,Pereira,Tienda física,PEI-01,Electrodomésticos,Sanduchera,1,127300.00,5.00,127300.00,6365.00,120935.00,Efectivo,2.0
2527,PED002527,2026-03-02 03:11:22,CLI00716,Bogotá D.C.,Tienda física,BOG-01,Tecnología,Smartwatch,1,313400.00,10.00,313400.00,31340.00,282060.00,Tarjeta débito,4.0
2528,PED002528,2026-02-23 01:02:33,CLI01426,Bogotá D.C.,Página web,,Hogar,Purificador de aire,1,839900.00,0.00,839900.00,0.00,839900.00,Tarjeta crédito,
2529,PED002529,2026-01-15 21:45:41,CLI00542,Barranquilla,Aplicación móvil,,Oficina,Impresora multifuncional,1,807400.00,0.00,807400.00,0.00,807400.00,Tarjeta débito,
2530,PED002530,2026-05-27 06:38:58,CLI01363,Bogotá D.C.,Aplicación móvil,,Hogar,Aspiradora vertical,1,474900.00,0.00,474900.00,0.00,474900.00,Tarjeta crédito,1.0
2531,PED002531,2026-05-19 02:25:42,CLI01443,Barranquilla,Tienda física,BAQ-01,Electrodomésticos,Freidora de aire,1,458900.00,0.00,458900.00,0.00,458900.00,Efectivo,4.0
2532,PED002532,2026-06-17 23:14:33,CLI02214,Cali,Aplicación móvil,,Tecnología,Smartwatch,4,329900.00,0.00,1319600.00,0.00,1319600.00,PSE,4.0
2533,PED002533,2026-05-20 02:07:49,CLI00898,Medellín,Página web,,Oficina,Silla ergonómica,1,749900.00,10.00,749900.00,74990.00,674910.00,PSE,
2534,PED002534,2026-02-10 13:55:06,CLI01106,Bogotá D.C.,Aplicación móvil,,Electrodomésticos,Horno microondas,3,591500.00,10.00,1774500.00,177450.00,1597050.00,Tarjeta crédito,
2535,PED002535,2026-01-23 01:41:46,CLI02138,Pereira,Aplicación móvil,,Hogar,Juego de ollas,1,295700.00,15.00,295700.00,44355.00,251345.00,PSE,3.0
2536,PED002536,2026-04-22 08:15:55,CLI00451,Barranquilla,Página web,,Oficina,Webcam Full HD,1,199900.00,15.00,199900.00,29985.00,169915.00,Tarjeta débito,4.0
2537,PED002537,2026-05-26 13:50:01,CLI02568,Barranquilla,Tienda física,BAQ-01,Hogar,Organizador modular,1,119900.00,0.00,119900.00,0.00,119900.00,Efectivo,
2538,PED002538,2026-01-29 04:14:49,CLI01302,Cali,Página web,,Electrodomésticos,Freidora de aire,1,449900.00,10.00,449900.00,44990.00,404910.00,PSE,3.0
2539,PED002539,2026-04-26 01:28:30,CLI00050,Bogotá D.C.,Página web,,Oficina,Webcam Full HD,2,195900.00,0.00,391800.00,0.00,391800.00,Tarjeta crédito,4.0
2540,PED002540,2026-06-08 05:57:21,CLI01504,Bogotá D.C.,Aplicación móvil,,Hogar,Ventilador de torre,1,349900.00,5.00,349900.00,17495.00,332405.00,Tarjeta crédito,4.0
2541,PED002541,2026-04-21 05:46:31,CLI01255,Cali,Tienda física,CLO-01,Electrodomésticos,Horno microondas,1,568300.00,0.00,568300.00,0.00,568300.00,PSE,5.0
2542,PED002542,2026-03-09 15:23:49,CLI02304,Barranquilla,Página web,,Electrodomésticos,Licuadora,1,239900.00,5.00,239900.00,11995.00,227905.00,PSE,
2543,PED002543,2026-04-11 06:18:41,CLI00502,Medellín,Tienda física,MDE-02,Hogar,Aspiradora vertical,2,499900.00,0.00,999800.00,0.00,999800.00,Tarjeta crédito,3.0
2544,PED002544,2026-02-13 03:53:01,CLI02576,Bogotá D.C.,Aplicación móvil,,Electrodomésticos,Horno microondas,2,591500.00,0.00,1183000.00,0.00,1183000.00,Tarjeta débito,
2545,PED002545,2026-05-29 19:01:28,CLI00781,Bogotá D.C.,Aplicación móvil,,Electrodomésticos,Freidora de aire,3,458900.00,5.00,1376700.00,68835.00,1307865.00,Billetera digital,3.0
2546,PED002546,2026-04-21 14:39:12,CLI02032,Barranquilla,Página web,,Tecnología,Audífonos Bluetooth,1,152900.00,20.00,152900.00,30580.00,122320.00,PSE,5.0
2547,PED002547,2026-01-16 01:15:11,CLI00089,Bucaramanga,Tienda física,BGA-01,Tecnología,Smartwatch,1,329900.00,15.00,329900.00,49485.00,280415.00,PSE,4.0
2548,PED002548,2026-01-03 23:34:43,CLI01839,Cali,Tienda física,CLO-02,Deportes,Kit bandas elásticas,1,79900.00,0.00,79900.00,0.00,79900.00,Tarjeta débito,
2549,PED002549,2026-04-27 07:43:32,CLI00345,Bogotá D.C.,Página web,,Electrodomésticos,Horno microondas,2,550900.00,0.00,1101800.00,0.00,1101800.00,Tarjeta crédito,
2550,PED002550,2026-06-16 15:14:30,CLI00178,Medellín,Tienda física,MDE-01,Tecnología,Monitor 24 pulgadas,2,734900.00,0.00,1469800.00,0.00,1469800.00,Tarjeta débito,
2551,PED002551,2026-04-27 10:19:58,CLI01909,Bogotá D.C.,Página web,,Electrodomésticos,Arrocera,1,161400.00,0.00,161400.00,0.00,161400.00,Tarjeta crédito,5.0
2552,PED002552,2026-06-22 03:35:48,CLI00881,Medellín,Página web,,Deportes,Mancuernas ajustables,2,379900.00,0.00,759800.00,0.00,759800.00,Tarjeta crédito,5.0
2553,PED002553,2026-05-26 20:30:45,CLI01439,Medellín,Aplicación móvil,,Oficina,Archivador metálico,1,436900.00,0.00,436900.00,0.00,436900.00,PSE,
2554,PED002554,2026-06-15 19:53:35,CLI02395,Bogotá D.C.,Tienda física,BOG-02,Tecnología,Tablet 10 pulgadas,1,917900.00,0.00,917900.00,0.00,917900.00,Tarjeta débito,4.0
2555,PED002555,2026-05-23 16:13:48,CLI00861,Cali,Página web,,Tecnología,Mouse inalámbrico,4,85400.00,10.00,341600.00,34160.00,307440.00,Tarjeta crédito,4.0
2556,PED002556,2026-03-24 00:21:12,CLI00389,Bogotá D.C.,Página web,,Deportes,Banda caminadora,2,2309900.00,10.00,4619800.00,461980.00,4157820.00,PSE,5.0
2557,PED002557,2026-02-06 21:12:02,CLI01146,Medellín,Tienda física,MDE-01,Deportes,Kit bandas elásticas,1,83900.00,0.00,83900.00,0.00,83900.00,Tarjeta crédito,5.0
2558,PED002558,2026-03-27 16:58:05,CLI01500,Cali,Página web,,Tecnología,Tablet 10 pulgadas,1,917900.00,10.00,917900.00,91790.00,826110.00,Tarjeta débito,
2559,PED002559,2026-03-16 11:27:16,CLI01833,Barranquilla,Tienda física,BAQ-01,Electrodomésticos,Licuadora,1,239900.00,0.00,239900.00,0.00,239900.00,Efectivo,3.0
2560,PED002560,2026-06-22 05:45:19,CLI01832,Bogotá D.C.,Tienda física,BOG-02,Oficina,Silla ergonómica,2,749900.00,5.00,1499800.00,74990.00,1424810.00,Tarjeta crédito,5.0
2561,PED002561,2026-03-14 13:19:59,CLI01510,Pereira,Página web,,Tecnología,Audífonos Bluetooth,3,152900.00,0.00,458700.00,0.00,458700.00,Tarjeta débito,
2562,PED002562,2026-04-04 06:18:54,CLI00930,Bucaramanga,Tienda física,BGA-01,Electrodomésticos,Licuadora,3,239900.00,0.00,719700.00,0.00,719700.00,Efectivo,5.0
2563,PED002563,2026-05-23 22:38:18,CLI00838,Bucaramanga,Tienda física,BGA-01,Tecnología,Mouse inalámbrico,2,89900.00,5.00,179800.00,8990.00,170810.00,Tarjeta débito,
2564,PED002564,2026-05-13 21:35:13,CLI01659,Medellín,Página web,,Electrodomésticos,Sanduchera,1,129900.00,0.00,129900.00,0.00,129900.00,Tarjeta débito,5.0
2565,PED002565,2026-03-03 10:29:31,CLI01462,Bogotá D.C.,Página web,,Hogar,Lámpara de mesa,1,136400.00,20.00,136400.00,27280.00,109120.00,Tarjeta crédito,4.0
2566,PED002566,2026-05-24 00:53:19,CLI00898,Medellín,Tienda física,MDE-02,Electrodomésticos,Sanduchera,1,127300.00,0.00,127300.00,0.00,127300.00,Tarjeta débito,4.0
2567,PED002567,2026-05-30 07:59:16,CLI00537,Medellín,Página web,,Deportes,Kit bandas elásticas,1,79900.00,0.00,79900.00,0.00,79900.00,PSE,3.0
2568,PED002568,2026-05-05 09:22:37,CLI02025,Bogotá D.C.,Página web,,Tecnología,Monitor 24 pulgadas,2,685900.00,10.00,1371800.00,137180.00,1234620.00,PSE,
2569,PED002569,2026-05-24 04:59:29,CLI01798,Cali,Página web,,Tecnología,Tablet 10 pulgadas,1,899900.00,0.00,899900.00,0.00,899900.00,Tarjeta crédito,3.0
2570,PED002570,2026-03-08 08:13:53,CLI00564,Cali,Aplicación móvil,,Tecnología,Smartwatch,2,329900.00,5.00,659800.00,32990.00,626810.00,Tarjeta crédito,2.0
2571,PED002571,2026-06-06 01:30:17,CLI02649,Medellín,Aplicación móvil,,Electrodomésticos,Sanduchera,2,129900.00,5.00,259800.00,12990.00,246810.00,Tarjeta crédito,3.0
2572,PED002572,2026-02-06 15:32:54,CLI00830,Cali,Página web,,Hogar,Lámpara de mesa,1,127300.00,0.00,127300.00,0.00,127300.00,PSE,4.0
2573,PED002573,2026-06-10 11:41:19,CLI01105,Cali,Tienda física,CLO-01,Tecnología,Audífonos Bluetooth,3,149900.00,10.00,449700.00,44970.00,404730.00,Tarjeta débito,
2574,PED002574,2026-02-14 19:29:29,CLI01104,Cali,Tienda física,CLO-01,Deportes,Banda caminadora,2,2243900.00,15.00,4487800.00,673170.00,3814630.00,Tarjeta crédito,
2575,PED002575,2026-01-04 02:42:25,CLI00232,Cali,Página web,,Electrodomésticos,Arrocera,2,169900.00,0.00,339800.00,0.00,339800.00,Tarjeta crédito,4.0
2576,PED002576,2026-04-12 12:32:38,CLI02651,Bogotá D.C.,Tienda física,BOG-01,Deportes,Banda caminadora,2,2199900.00,10.00,4399800.00,439980.00,3959820.00,Tarjeta débito,
2577,PED002577,2026-02-16 02:55:02,CLI00604,Pereira,Aplicación móvil,,Oficina,Webcam Full HD,1,199900.00,15.00,199900.00,29985.00,169915.00,Tarjeta crédito,4.0
2578,PED002578,2026-03-08 22:26:28,CLI02606,Cali,Tienda física,CLO-02,Deportes,Kit bandas elásticas,2,83900.00,5.00,167800.00,8390.00,159410.00,Efectivo,5.0
2579,PED002579,2026-06-26 02:14:41,CLI01909,Medellín,Página web,,Oficina,Impresora multifuncional,2,849900.00,5.00,1699800.00,84990.00,1614810.00,Tarjeta crédito,4.0
2580,PED002580,2026-04-27 18:38:30,CLI02660,Medellín,Página web,,Tecnología,Smartwatch,1,346400.00,0.00,346400.00,0.00,346400.00,Tarjeta crédito,5.0
2581,PED002581,2026-06-22 20:23:49,CLI00719,Bogotá D.C.,Tienda física,BOG-02,Electrodomésticos,Sanduchera,2,123400.00,0.00,246800.00,0.00,246800.00,Tarjeta crédito,4.0
2582,PED002582,2026-04-11 07:22:12,CLI02502,Bogotá D.C.,Aplicación móvil,,Hogar,Aspiradora vertical,1,474900.00,0.00,474900.00,0.00,474900.00,PSE,5.0
2583,PED002583,2026-01-09 00:24:25,CLI01419,Bogotá D.C.,Página web,,Hogar,Aspiradora vertical,1,489900.00,0.00,489900.00,0.00,489900.00,PSE,4.0
2584,PED002584,2026-02-15 19:11:01,CLI01964,Bucaramanga,Aplicación móvil,,Hogar,Aspiradora vertical,3,524900.00,0.00,1574700.00,0.00,1574700.00,Tarjeta crédito,
2585,PED002585,2026-04-01 11:04:40,CLI01183,Bogotá D.C.,Aplicación móvil,,Electrodomésticos,Cafetera eléctrica,1,189900.00,10.00,189900.00,18990.00,170910.00,Tarjeta crédito,
2586,PED002586,2026-05-22 03:25:19,CLI01364,Bucaramanga,Aplicación móvil,,Electrodomésticos,Cafetera eléctrica,2,189900.00,10.00,379800.00,37980.00,341820.00,Billetera digital,5.0
2587,PED002587,2026-05-09 09:23:12,CLI01262,Bucaramanga,Aplicación móvil,,Tecnología,Audífonos Bluetooth,2,149900.00,5.00,299800.00,14990.00,284810.00,Billetera digital,4.0
2588,PED002588,2026-05-14 23:41:56,CLI00340,Medellín,Página web,,Hogar,Ventilador de torre,1,349900.00,0.00,349900.00,0.00,349900.00,PSE,
2589,PED002589,2026-01-20 23:38:32,CLI00289,Medellín,Tienda física,MDE-02,Electrodomésticos,Sanduchera,1,129900.00,0.00,129900.00,0.00,129900.00,Tarjeta crédito,2.0
2590,PED002590,2026-02-28 14:17:31,CLI00950,Bogotá D.C.,Página web,,Hogar,Organizador modular,1,125900.00,0.00,125900.00,0.00,125900.00,Tarjeta crédito,5.0
2591,PED002591,2026-03-27 11:58:08,CLI01127,Bogotá D.C.,Aplicación móvil,,Hogar,Aspiradora vertical,1,509900.00,0.00,509900.00,0.00,509900.00,Billetera digital,3.0
2592,PED002592,2026-03-31 12:55:56,CLI01357,Bogotá D.C.,Página web,,Tecnología,Audífonos Bluetooth,2,149900.00,0.00,299800.00,0.00,299800.00,PSE,
2593,PED002593,2026-02-27 08:31:35,CLI01224,Bogotá D.C.,Página web,,Deportes,Kit bandas elásticas,1,79900.00,10.00,79900.00,7990.00,71910.00,PSE,
2594,PED002594,2026-05-14 07:48:59,CLI02384,Bucaramanga,Tienda física,BGA-01,Tecnología,Mouse inalámbrico,1,91700.00,0.00,91700.00,0.00,91700.00,Efectivo,
2595,PED002595,2026-06-07 01:58:30,CLI00364,Bogotá D.C.,Página web,,Tecnología,Mouse inalámbrico,1,85400.00,0.00,85400.00,0.00,85400.00,Tarjeta crédito,
2596,PED002596,2026-04-22 04:55:01,CLI00736,Bogotá D.C.,Página web,,Tecnología,Tablet 10 pulgadas,1,944900.00,15.00,944900.00,141735.00,803165.00,PSE,4.0
2597,PED002597,2026-01-07 03:07:58,CLI02097,Bucaramanga,Página web,,Deportes,Banda caminadora,1,2199900.00,0.00,2199900.00,0.00,2199900.00,Transferencia,5.0
2598,PED002598,2026-03-01 07:59:52,CLI02504,Bogotá D.C.,Aplicación móvil,,Tecnología,Monitor 24 pulgadas,1,734900.00,15.00,734900.00,110235.00,624665.00,PSE,
2599,PED002599,2026-02-03 16:29:24,CLI01854,Bogotá D.C.,Página web,,Oficina,Silla ergonómica,1,749900.00,10.00,749900.00,74990.00,674910.00,Tarjeta débito,
2600,PED002600,2026-04-04 23:17:05,CLI00526,Bogotá D.C.,Aplicación móvil,,Oficina,Escritorio ajustable,1,1199900.00,0.00,1199900.00,0.00,1199900.00,Tarjeta débito,4.0
2601,PED002601,2026-05-31 16:32:33,CLI00922,Bogotá D.C.,Tienda física,BOG-01,Tecnología,Monitor 24 pulgadas,2,699900.00,0.00,1399800.00,0.00,1399800.00,Tarjeta débito,5.0
2602,PED002602,2026-05-17 15:53:51,CLI01857,Pereira,Página web,,Oficina,Webcam Full HD,1,209900.00,10.00,209900.00,20990.00,188910.00,PSE,4.0
2603,PED002603,2026-02-22 20:08:42,CLI00365,Barranquilla,Tienda física,BAQ-01,Oficina,Base para portátil,1,104400.00,5.00,104400.00,5220.00,99180.00,Tarjeta débito,
2604,PED002604,2026-02-10 03:30:33,CLI00137,Cali,Tienda física,CLO-01,Electrodomésticos,Licuadora,1,239900.00,5.00,239900.00,11995.00,227905.00,Tarjeta débito,
2605,PED002605,2026-05-20 09:23:57,CLI00946,Bogotá D.C.,Aplicación móvil,,Hogar,Purificador de aire,1,799900.00,10.00,799900.00,79990.00,719910.00,Tarjeta débito,4.0
2606,PED002606,2026-04-17 20:14:27,CLI00661,Medellín,Página web,,Tecnología,Monitor 24 pulgadas,2,699900.00,5.00,1399800.00,69990.00,1329810.00,Tarjeta débito,
2607,PED002607,2026-01-28 03:07:12,CLI00989,Bogotá D.C.,Tienda física,BOG-02,Hogar,Juego de ollas,1,275400.00,15.00,275400.00,41310.00,234090.00,Tarjeta débito,
2608,PED002608,2026-05-06 11:52:59,CLI01534,Pereira,Aplicación móvil,,Tecnología,Audífonos Bluetooth,1,149900.00,0.00,149900.00,0.00,149900.00,Billetera digital,
2609,PED002609,2026-01-31 09:50:38,CLI00216,Bucaramanga,Tienda física,BGA-01,Deportes,Banda caminadora,1,2199900.00,0.00,2199900.00,0.00,2199900.00,Tarjeta débito,1.0
2610,PED002610,2026-06-26 06:27:56,CLI00958,Bogotá D.C.,Tienda física,BOG-02,Deportes,Mancuernas ajustables,1,399900.00,0.00,399900.00,0.00,399900.00,Tarjeta crédito,4.0
2611,PED002611,2026-05-06 17:35:50,CLI00971,Cali,Tienda física,CLO-02,Electrodomésticos,Sanduchera,2,136400.00,10.00,272800.00,27280.00,245520.00,Tarjeta débito,4.0
2612,PED002612,2026-03-27 21:32:45,CLI01815,Medellín,Página web,,Hogar,Ventilador de torre,1,349900.00,5.00,349900.00,17495.00,332405.00,Tarjeta débito,5.0
2613,PED002613,2026-06-17 13:25:25,CLI02318,Bogotá D.C.,Página web,,Tecnología,Mouse inalámbrico,1,85400.00,0.00,85400.00,0.00,85400.00,PSE,
2614,PED002614,2026-01-23 03:03:07,CLI01900,Bogotá D.C.,Página web,,Electrodomésticos,Freidora de aire,1,449900.00,0.00,449900.00,0.00,449900.00,Tarjeta crédito,4.0
2615,PED002615,2026-06-06 14:51:47,CLI00549,Bogotá D.C.,Tienda física,BOG-01,Electrodomésticos,Sanduchera,2,136400.00,0.00,272800.00,0.00,272800.00,Tarjeta crédito,4.0
2616,PED002616,2026-04-06 23:18:51,CLI00809,Medellín,Tienda física,MDE-02,Tecnología,Tablet 10 pulgadas,3,899900.00,0.00,2699700.00,0.00,2699700.00,PSE,
2617,PED002617,2026-05-10 12:26:05,CLI01498,Bogotá D.C.,Aplicación móvil,,Electrodomésticos,Licuadora,2,235100.00,5.00,470200.00,23510.00,446690.00,Tarjeta débito,4.0
2618,PED002618,2026-06-10 03:21:36,CLI02581,Bogotá D.C.,Página web,,Deportes,Kit bandas elásticas,1,81500.00,10.00,81500.00,8150.00,73350.00,Tarjeta crédito,
2619,PED002619,2026-03-28 15:20:40,CLI01404,Medellín,Aplicación móvil,,Electrodomésticos,Freidora de aire,4,449900.00,0.00,1799600.00,0.00,1799600.00,Tarjeta crédito,
2620,PED002620,2026-03-15 21:08:14,CLI00367,Cali,Aplicación móvil,,Electrodomésticos,Horno microondas,1,568300.00,15.00,568300.00,85245.00,483055.00,PSE,5.0
2621,PED002621,2026-01-13 12:37:47,CLI00536,Bogotá D.C.,Aplicación móvil,,Deportes,Colchoneta yoga,1,89900.00,5.00,89900.00,4495.00,85405.00,PSE,
2622,PED002622,2026-04-27 14:09:50,CLI02309,Pereira,Página web,,Tecnología,Teclado mecánico,3,218400.00,15.00,655200.00,98280.00,556920.00,PSE,5.0
2623,PED002623,2026-01-15 02:52:49,CLI01370,Cali,Aplicación móvil,,Electrodomésticos,Arrocera,2,169900.00,10.00,339800.00,33980.00,305820.00,Billetera digital,
2624,PED002624,2026-03-26 11:58:54,CLI01363,Barranquilla,Aplicación móvil,,Electrodomésticos,Cafetera eléctrica,1,199400.00,10.00,199400.00,19940.00,179460.00,PSE,5.0
2625,PED002625,2026-02-09 13:38:52,CLI00328,Pereira,Aplicación móvil,,Electrodomésticos,Freidora de aire,1,458900.00,15.00,458900.00,68835.00,390065.00,Billetera digital,1.0
2626,PED002626,2026-03-11 23:19:56,CLI02502,Medellín,Página web,,Electrodomésticos,Sanduchera,1,132500.00,10.00,132500.00,13250.00,119250.00,Transferencia,5.0
2627,PED002627,2026-02-16 23:17:03,CLI02306,Medellín,Tienda física,MDE-01,Tecnología,Teclado mecánico,1,229900.00,0.00,229900.00,0.00,229900.00,Tarjeta crédito,
2628,PED002628,2026-02-03 01:11:34,CLI01936,Bogotá D.C.,Tienda física,BOG-02,Tecnología,Monitor 24 pulgadas,1,699900.00,10.00,699900.00,69990.00,629910.00,Tarjeta débito,
2629,PED002629,2026-05-17 08:06:45,CLI00687,Bogotá D.C.,Aplicación móvil,,Oficina,Base para portátil,1,115400.00,15.00,115400.00,17310.00,98090.00,Tarjeta crédito,
2630,PED002630,2026-04-15 10:43:17,CLI00670,Medellín,Aplicación móvil,,Deportes,Mancuernas ajustables,1,399900.00,0.00,399900.00,0.00,399900.00,PSE,5.0
2631,PED002631,2026-03-19 00:51:29,CLI00044,Bogotá D.C.,Página web,,Tecnología,Audífonos Bluetooth,3,142400.00,5.00,427200.00,21360.00,405840.00,PSE,
2632,PED002632,2026-06-05 21:49:30,CLI02450,Bogotá D.C.,Página web,,Electrodomésticos,Cafetera eléctrica,2,189900.00,5.00,379800.00,18990.00,360810.00,Tarjeta crédito,4.0
2633,PED002633,2026-02-16 12:18:45,CLI02037,Bogotá D.C.,Página web,,Oficina,Impresora multifuncional,2,849900.00,15.00,1699800.00,254970.00,1444830.00,Tarjeta crédito,5.0
2634,PED002634,2026-03-08 12:47:11,CLI00744,Bucaramanga,Tienda física,BGA-01,Tecnología,Audífonos Bluetooth,1,149900.00,0.00,149900.00,0.00,149900.00,Tarjeta crédito,
2635,PED002635,2026-04-01 17:27:06,CLI00410,Cali,Tienda física,CLO-01,Oficina,Silla ergonómica,3,734900.00,5.00,2204700.00,110235.00,2094465.00,Tarjeta débito,4.0
2636,PED002636,2026-05-25 05:04:26,CLI02313,Bogotá D.C.,Aplicación móvil,,Oficina,Base para portátil,3,109900.00,10.00,329700.00,32970.00,296730.00,Tarjeta crédito,4.0
2637,PED002637,2026-02-12 18:34:17,CLI00234,Cali,Aplicación móvil,,Oficina,Webcam Full HD,1,189900.00,10.00,189900.00,18990.00,170910.00,Tarjeta crédito,5.0
2638,PED002638,2026-01-24 09:35:50,CLI02361,Barranquilla,Aplicación móvil,,Deportes,Colchoneta yoga,1,89900.00,10.00,89900.00,8990.00,80910.00,Tarjeta crédito,
2639,PED002639,2026-03-22 06:57:48,CLI00105,Barranquilla,Aplicación móvil,,Oficina,Archivador metálico,1,459900.00,0.00,459900.00,0.00,459900.00,PSE,
2640,PED002640,2026-02-20 17:25:58,CLI01812,Bogotá D.C.,Tienda física,BOG-01,Electrodomésticos,Freidora de aire,1,458900.00,0.00,458900.00,0.00,458900.00,Tarjeta débito,5.0
2641,PED002641,2026-02-23 05:26:58,CLI01787,Pereira,Tienda física,PEI-01,Tecnología,Mouse inalámbrico,1,89900.00,10.00,89900.00,8990.00,80910.00,Tarjeta crédito,
2642,PED002642,2026-02-14 18:17:40,CLI00939,Bogotá D.C.,Página web,,Hogar,Organizador modular,1,122300.00,0.00,122300.00,0.00,122300.00,Tarjeta crédito,4.0
2643,PED002643,2026-02-18 20:02:43,CLI00721,Barranquilla,Tienda física,BAQ-01,Oficina,Archivador metálico,2,482900.00,5.00,965800.00,48290.00,917510.00,Tarjeta crédito,3.0
2644,PED002644,2026-04-26 08:18:51,CLI00323,Bogotá D.C.,Tienda física,BOG-02,Deportes,Mancuernas ajustables,1,391900.00,0.00,391900.00,0.00,391900.00,Tarjeta débito,
2645,PED002645,2026-05-11 18:23:37,CLI02530,Cali,Aplicación móvil,,Hogar,Juego de ollas,1,289900.00,0.00,289900.00,0.00,289900.00,PSE,
2646,PED002646,2026-05-14 17:19:15,CLI01155,Bogotá D.C.,Página web,,Deportes,Banda caminadora,1,2199900.00,5.00,2199900.00,109995.00,2089905.00,Tarjeta crédito,4.0
2647,PED002647,2026-05-27 06:38:14,CLI01223,Cali,Página web,,Deportes,Kit bandas elásticas,1,81500.00,0.00,81500.00,0.00,81500.00,Tarjeta débito,
2648,PED002648,2026-06-04 18:23:34,CLI02042,Medellín,Aplicación móvil,,Tecnología,Audífonos Bluetooth,1,157400.00,10.00,157400.00,15740.00,141660.00,PSE,5.0
2649,PED002649,2026-03-18 22:02:01,CLI02300,Cali,Página web,,Oficina,Archivador metálico,3,482900.00,15.00,1448700.00,217305.00,1231395.00,PSE,
2650,PED002650,2026-02-08 13:07:44,CLI00580,Pereira,Página web,,Electrodomésticos,Arrocera,1,169900.00,0.00,169900.00,0.00,169900.00,Tarjeta crédito,4.0
2651,PED002651,2026-01-17 16:44:32,CLI00997,Pereira,Tienda física,PEI-01,Hogar,Juego de ollas,1,284100.00,10.00,284100.00,28410.00,255690.00,Tarjeta crédito,5.0
2652,PED002652,2026-03-24 18:49:16,CLI00843,Bucaramanga,Tienda física,BGA-01,Oficina,Silla ergonómica,1,764900.00,5.00,764900.00,38245.00,726655.00,Tarjeta débito,
2653,PED002653,2026-02-23 04:28:24,CLI00510,Cali,Tienda física,CLO-01,Tecnología,Monitor 24 pulgadas,3,699900.00,10.00,2099700.00,209970.00,1889730.00,Efectivo,
2654,PED002654,2026-05-20 23:03:48,CLI01371,Cali,Aplicación móvil,,Oficina,Base para portátil,1,112100.00,0.00,112100.00,0.00,112100.00,Tarjeta crédito,
2655,PED002655,2026-04-20 00:02:19,CLI00657,Bucaramanga,Tienda física,BGA-01,Tecnología,Audífonos Bluetooth,1,152900.00,5.00,152900.00,7645.00,145255.00,Efectivo,4.0
2656,PED002656,2026-06-20 20:11:59,CLI02041,Bogotá D.C.,Página web,,Electrodomésticos,Freidora de aire,2,472400.00,0.00,944800.00,0.00,944800.00,Tarjeta débito,2.0
2657,PED002657,2026-05-17 06:24:14,CLI01599,Cali,Página web,,Tecnología,Teclado mecánico,1,225300.00,10.00,225300.00,22530.00,202770.00,Tarjeta crédito,4.0
2658,PED002658,2026-02-17 17:40:22,CLI01644,Bucaramanga,Tienda física,BGA-01,Electrodomésticos,Cafetera eléctrica,1,189900.00,5.00,189900.00,9495.00,180405.00,Tarjeta débito,
2659,PED002659,2026-01-08 21:42:13,CLI02535,Medellín,Página web,,Electrodomésticos,Arrocera,2,166500.00,0.00,333000.00,0.00,333000.00,PSE,
2660,PED002660,2026-06-24 23:35:55,CLI01339,Medellín,Aplicación móvil,,Electrodomésticos,Licuadora,1,239900.00,0.00,239900.00,0.00,239900.00,Tarjeta débito,
2661,PED002661,2026-03-02 08:35:02,CLI00250,Bogotá D.C.,Aplicación móvil,,Electrodomésticos,Licuadora,1,239900.00,0.00,239900.00,0.00,239900.00,Billetera digital,1.0
2662,PED002662,2026-04-22 22:53:49,CLI01648,Bogotá D.C.,Página web,,Hogar,Ventilador de torre,1,367400.00,5.00,367400.00,18370.00,349030.00,PSE,5.0
2663,PED002663,2026-06-11 04:42:06,CLI00594,Cali,Página web,,Tecnología,Teclado mecánico,1,229900.00,0.00,229900.00,0.00,229900.00,Tarjeta débito,
2664,PED002664,2026-06-18 03:00:16,CLI01149,Cali,Aplicación móvil,,Tecnología,Teclado mecánico,1,241400.00,5.00,241400.00,12070.00,229330.00,PSE,
2665,PED002665,2026-04-01 01:45:49,CLI02107,Medellín,Página web,,Oficina,Silla ergonómica,1,787400.00,15.00,787400.00,118110.00,669290.00,Tarjeta crédito,5.0
2666,PED002666,2026-06-28 02:05:19,CLI00117,Pereira,Aplicación móvil,,Deportes,Kit bandas elásticas,1,81500.00,0.00,81500.00,0.00,81500.00,Billetera digital,2.0
2667,PED002667,2026-06-21 06:31:42,CLI01872,Bogotá D.C.,Página web,,Deportes,Bicicleta estática,2,1499900.00,5.00,2999800.00,149990.00,2849810.00,Tarjeta crédito,
2668,PED002668,2026-01-23 16:58:35,CLI02190,Bucaramanga,Tienda física,BGA-01,Electrodomésticos,Arrocera,1,178400.00,0.00,178400.00,0.00,178400.00,Tarjeta débito,
2669,PED002669,2026-01-30 23:31:20,CLI01295,Bogotá D.C.,Página web,,Electrodomésticos,Arrocera,1,169900.00,0.00,169900.00,0.00,169900.00,Tarjeta crédito,
2670,PED002670,2026-06-02 05:40:19,CLI02440,Medellín,Aplicación móvil,,Deportes,Kit bandas elásticas,2,79900.00,20.00,159800.00,31960.00,127840.00,Tarjeta crédito,5.0
2671,PED002671,2026-06-19 04:12:56,CLI02656,Medellín,Tienda física,MDE-02,Electrodomésticos,Sanduchera,2,129900.00,15.00,259800.00,38970.00,220830.00,Efectivo,
2672,PED002672,2026-02-11 14:30:15,CLI00509,Bogotá D.C.,Página web,,Deportes,Kit bandas elásticas,1,79900.00,10.00,79900.00,7990.00,71910.00,Tarjeta débito,5.0
2673,PED002673,2026-04-06 10:24:23,CLI02124,Bogotá D.C.,Tienda física,BOG-03,Tecnología,Tablet 10 pulgadas,1,881900.00,10.00,881900.00,88190.00,793710.00,PSE,3.0
2674,PED002674,2026-05-14 07:53:00,CLI01655,Bogotá D.C.,Aplicación móvil,,Oficina,Escritorio ajustable,4,1139900.00,5.00,4559600.00,227980.00,4331620.00,Tarjeta crédito,4.0
2675,PED002675,2026-06-12 17:00:50,CLI01465,Cali,Tienda física,CLO-01,Oficina,Base para portátil,1,112100.00,0.00,112100.00,0.00,112100.00,Tarjeta crédito,
2676,PED002676,2026-03-16 23:37:14,CLI00239,Cali,Página web,,Tecnología,Teclado mecánico,1,241400.00,20.00,241400.00,48280.00,193120.00,Tarjeta crédito,
2677,PED002677,2026-06-02 03:53:51,CLI01588,Barranquilla,Página web,,Tecnología,Mouse inalámbrico,1,89900.00,5.00,89900.00,4495.00,85405.00,Tarjeta crédito,
2678,PED002678,2026-04-20 07:14:48,CLI01782,Medellín,Tienda física,MDE-02,Electrodomésticos,Arrocera,1,161400.00,15.00,161400.00,24210.00,137190.00,PSE,3.0
2679,PED002679,2026-03-20 03:39:54,CLI02092,Medellín,Página web,,Tecnología,Monitor 24 pulgadas,2,664900.00,0.00,1329800.00,0.00,1329800.00,Tarjeta crédito,5.0
2680,PED002680,2026-01-25 02:19:36,CLI01242,Bogotá D.C.,Aplicación móvil,,Deportes,Colchoneta yoga,1,85400.00,5.00,85400.00,4270.00,81130.00,PSE,
2681,PED002681,2026-05-02 17:30:23,CLI00407,Barranquilla,Página web,,Hogar,Aspiradora vertical,1,499900.00,0.00,499900.00,0.00,499900.00,PSE,
2682,PED002682,2026-01-27 21:35:37,CLI00451,Pereira,Página web,,Hogar,Juego de ollas,1,304400.00,0.00,304400.00,0.00,304400.00,PSE,5.0
2683,PED002683,2026-06-09 13:37:24,CLI00457,Medellín,Tienda física,MDE-01,Tecnología,Monitor 24 pulgadas,1,699900.00,15.00,699900.00,104985.00,594915.00,Tarjeta débito,
2684,PED002684,2026-06-12 16:20:54,CLI02270,Bogotá D.C.,Página web,,Electrodomésticos,Licuadora,2,239900.00,15.00,479800.00,71970.00,407830.00,Tarjeta débito,4.0
2685,PED002685,2026-01-15 07:00:20,CLI02097,Bogotá D.C.,Aplicación móvil,,Tecnología,Smartwatch,2,329900.00,0.00,659800.00,0.00,659800.00,PSE,
2686,PED002686,2026-05-30 22:11:59,CLI01654,Cali,Tienda física,CLO-01,Deportes,Kit bandas elásticas,2,78300.00,0.00,156600.00,0.00,156600.00,Efectivo,5.0
2687,PED002687,2026-04-30 00:47:25,CLI00334,Medellín,Tienda física,MDE-01,Electrodomésticos,Licuadora,1,244700.00,5.00,244700.00,12235.00,232465.00,Tarjeta débito,5.0
2688,PED002688,2026-01-22 22:52:19,CLI00295,Cali,Página web,,Tecnología,Tablet 10 pulgadas,2,944900.00,10.00,1889800.00,188980.00,1700820.00,PSE,3.0
2689,PED002689,2026-06-14 08:03:35,CLI01520,Pereira,Aplicación móvil,,Oficina,Escritorio ajustable,1,1199900.00,0.00,1199900.00,0.00,1199900.00,PSE,5.0
2690,PED002690,2026-04-30 07:21:32,CLI00133,Bogotá D.C.,Tienda física,BOG-03,Tecnología,Monitor 24 pulgadas,1,734900.00,0.00,734900.00,0.00,734900.00,Efectivo,4.0
2691,PED002691,2026-03-01 04:50:58,CLI01686,Bucaramanga,Aplicación móvil,,Hogar,Aspiradora vertical,1,499900.00,10.00,499900.00,49990.00,449910.00,Billetera digital,4.0
2692,PED002692,2026-06-19 06:14:15,CLI02146,Bucaramanga,Tienda física,BGA-01,Tecnología,Tablet 10 pulgadas,1,854900.00,15.00,854900.00,128235.00,726665.00,Tarjeta crédito,5.0
2693,PED002693,2026-04-06 09:04:54,CLI00084,Cali,Aplicación móvil,,Hogar,Juego de ollas,1,284100.00,0.00,284100.00,0.00,284100.00,PSE,5.0
2694,PED002694,2026-03-11 07:32:31,CLI02490,Bogotá D.C.,Página web,,Electrodomésticos,Cafetera eléctrica,1,186100.00,5.00,186100.00,9305.00,176795.00,PSE,4.0
2695,PED002695,2026-04-09 15:14:40,CLI00550,Cali,Página web,,Deportes,Bicicleta estática,1,1499900.00,5.00,1499900.00,74995.00,1424905.00,Tarjeta crédito,5.0
2696,PED002696,2026-02-02 08:31:45,CLI00882,Medellín,Tienda física,MDE-02,Electrodomésticos,Arrocera,1,173300.00,5.00,173300.00,8665.00,164635.00,Efectivo,4.0
2697,PED002697,2026-06-20 02:39:39,CLI00409,Medellín,Página web,,Electrodomésticos,Freidora de aire,1,472400.00,5.00,472400.00,23620.00,448780.00,PSE,
2698,PED002698,2026-05-16 18:00:37,CLI00728,Bogotá D.C.,Tienda física,BOG-01,Hogar,Lámpara de mesa,1,129900.00,0.00,129900.00,0.00,129900.00,Tarjeta crédito,4.0
2699,PED002699,2026-05-20 08:48:43,CLI02487,Bogotá D.C.,Tienda física,BOG-01,Tecnología,Smartwatch,1,313400.00,0.00,313400.00,0.00,313400.00,Tarjeta crédito,
2700,PED002700,2026-03-15 08:27:05,CLI02157,Cali,Aplicación móvil,,Electrodomésticos,Arrocera,1,166500.00,0.00,166500.00,0.00,166500.00,PSE,2.0
2701,PED002701,2026-01-06 05:22:42,CLI00416,Cali,Página web,,Tecnología,Teclado mecánico,1,229900.00,0.00,229900.00,0.00,229900.00,Tarjeta crédito,5.0
2702,PED002702,2026-03-30 12:31:50,CLI02675,Bogotá D.C.,Página web,,Hogar,Lámpara de mesa,1,129900.00,0.00,129900.00,0.00,129900.00,Tarjeta crédito,
2703,PED002703,2026-01-24 21:13:43,CLI01003,Medellín,Página web,,Electrodomésticos,Horno microondas,1,608900.00,10.00,608900.00,60890.00,548010.00,PSE,5.0
2704,PED002704,2026-06-05 14:31:46,CLI00379,Bogotá D.C.,Tienda física,BOG-03,Hogar,Juego de ollas,1,275400.00,0.00,275400.00,0.00,275400.00,Efectivo,2.0
2705,PED002705,2026-02-04 13:24:48,CLI01581,Bucaramanga,Aplicación móvil,,Electrodomésticos,Cafetera eléctrica,1,186100.00,20.00,186100.00,37220.00,148880.00,Tarjeta crédito,
2706,PED002706,2026-04-22 02:00:25,CLI00952,Medellín,Tienda física,MDE-01,Electrodomésticos,Licuadora,2,244700.00,5.00,489400.00,24470.00,464930.00,Tarjeta débito,
2707,PED002707,2026-02-09 21:31:04,CLI00654,Medellín,Aplicación móvil,,Tecnología,Monitor 24 pulgadas,1,699900.00,5.00,699900.00,34995.00,664905.00,PSE,
2708,PED002708,2026-02-14 04:16:52,CLI01064,Bucaramanga,Tienda física,BGA-01,Electrodomésticos,Arrocera,3,161400.00,0.00,484200.00,0.00,484200.00,Tarjeta crédito,5.0
2709,PED002709,2026-02-08 03:55:26,CLI02057,Bogotá D.C.,Página web,,Electrodomésticos,Horno microondas,1,579900.00,5.00,579900.00,28995.00,550905.00,Transferencia,
2710,PED002710,2026-02-02 04:26:02,CLI00396,Medellín,Tienda física,MDE-02,Hogar,Aspiradora vertical,1,499900.00,5.00,499900.00,24995.00,474905.00,Efectivo,3.0
2711,PED002711,2026-02-12 17:23:28,CLI00473,Pereira,Página web,,Hogar,Ventilador de torre,1,349900.00,5.00,349900.00,17495.00,332405.00,PSE,3.0
2712,PED002712,2026-04-15 13:50:23,CLI02630,Cali,Página web,,Tecnología,Audífonos Bluetooth,1,149900.00,5.00,149900.00,7495.00,142405.00,PSE,5.0
2713,PED002713,2026-05-11 04:21:07,CLI02314,Medellín,Aplicación móvil,,Tecnología,Audífonos Bluetooth,1,149900.00,0.00,149900.00,0.00,149900.00,Billetera digital,4.0
2714,PED002714,2026-01-23 18:42:54,CLI01947,Bucaramanga,Página web,,Electrodomésticos,Arrocera,1,169900.00,10.00,169900.00,16990.00,152910.00,Tarjeta crédito,5.0
2715,PED002715,2026-02-14 22:29:49,CLI01408,Bogotá D.C.,Página web,,Tecnología,Teclado mecánico,3,229900.00,0.00,689700.00,0.00,689700.00,PSE,4.0
2716,PED002716,2026-05-01 13:26:28,CLI01987,Cali,Aplicación móvil,,Deportes,Mancuernas ajustables,1,407900.00,10.00,407900.00,40790.00,367110.00,Tarjeta crédito,
2717,PED002717,2026-01-10 08:12:00,CLI00644,Bucaramanga,Página web,,Tecnología,Teclado mecánico,1,234500.00,0.00,234500.00,0.00,234500.00,Transferencia,
2718,PED002718,2026-01-18 08:08:59,CLI00464,Cali,Aplicación móvil,,Oficina,Webcam Full HD,1,199900.00,0.00,199900.00,0.00,199900.00,PSE,4.0
2719,PED002719,2026-03-09 00:47:39,CLI01959,Cali,Página web,,Tecnología,Monitor 24 pulgadas,1,664900.00,15.00,664900.00,99735.00,565165.00,PSE,
2720,PED002720,2026-05-04 11:07:24,CLI02566,Bogotá D.C.,Página web,,Oficina,Impresora multifuncional,1,832900.00,5.00,832900.00,41645.00,791255.00,PSE,4.0
2721,PED002721,2026-05-30 21:39:56,CLI01968,Medellín,Aplicación móvil,,Electrodomésticos,Licuadora,1,239900.00,15.00,239900.00,35985.00,203915.00,Tarjeta crédito,5.0
2722,PED002722,2026-05-17 10:03:44,CLI00083,Medellín,Aplicación móvil,,Tecnología,Audífonos Bluetooth,1,152900.00,0.00,152900.00,0.00,152900.00,Tarjeta crédito,
2723,PED002723,2026-06-18 09:58:36,CLI00738,Barranquilla,Aplicación móvil,,Tecnología,Teclado mecánico,1,229900.00,0.00,229900.00,0.00,229900.00,Tarjeta débito,4.0
2724,PED002724,2026-01-15 14:15:37,CLI02173,Cali,Aplicación móvil,,Hogar,Aspiradora vertical,2,489900.00,0.00,979800.00,0.00,979800.00,PSE,5.0
2725,PED002725,2026-06-03 15:14:05,CLI00880,Pereira,Aplicación móvil,,Hogar,Aspiradora vertical,2,499900.00,0.00,999800.00,0.00,999800.00,PSE,
2726,PED002726,2026-01-09 02:33:27,CLI00833,Bogotá D.C.,Tienda física,BOG-03,Deportes,Bicicleta estática,2,1424900.00,10.00,2849800.00,284980.00,2564820.00,Tarjeta débito,4.0
2727,PED002727,2026-05-10 02:53:19,CLI01433,Cali,Página web,,Oficina,Base para portátil,3,107700.00,10.00,323100.00,32310.00,290790.00,Tarjeta crédito,
2728,PED002728,2026-05-17 11:10:09,CLI02250,Medellín,Página web,,Oficina,Base para portátil,2,107700.00,10.00,215400.00,21540.00,193860.00,Tarjeta crédito,
2729,PED002729,2026-04-10 21:10:49,CLI01914,Pereira,Tienda física,PEI-01,Deportes,Kit bandas elásticas,2,83900.00,5.00,167800.00,8390.00,159410.00,Tarjeta crédito,
2730,PED002730,2026-06-11 12:55:31,CLI02487,Medellín,Página web,,Hogar,Juego de ollas,1,289900.00,0.00,289900.00,0.00,289900.00,Transferencia,
2731,PED002731,2026-04-19 08:28:53,CLI02070,Bucaramanga,Página web,,Tecnología,Mouse inalámbrico,3,85400.00,5.00,256200.00,12810.00,243390.00,Tarjeta crédito,4.0
2732,PED002732,2026-03-26 08:38:30,CLI01252,Bogotá D.C.,Tienda física,BOG-02,Hogar,Aspiradora vertical,1,489900.00,0.00,489900.00,0.00,489900.00,Tarjeta débito,4.0
2733,PED002733,2026-06-30 16:49:07,CLI01464,Cali,Página web,,Electrodomésticos,Freidora de aire,2,472400.00,0.00,944800.00,0.00,944800.00,Tarjeta crédito,
2734,PED002734,2026-03-05 02:09:42,CLI02377,Cali,Aplicación móvil,,Hogar,Purificador de aire,1,799900.00,0.00,799900.00,0.00,799900.00,Tarjeta crédito,
2735,PED002735,2026-03-28 12:18:53,CLI01079,Bogotá D.C.,Página web,,Tecnología,Smartwatch,1,329900.00,0.00,329900.00,0.00,329900.00,PSE,
2736,PED002736,2026-05-29 15:58:07,CLI01805,Pereira,Aplicación móvil,,Oficina,Base para portátil,1,109900.00,10.00,109900.00,10990.00,98910.00,Tarjeta crédito,
2737,PED002737,2026-01-02 13:43:33,CLI00354,Pereira,Aplicación móvil,,Tecnología,Teclado mecánico,1,234500.00,15.00,234500.00,35175.00,199325.00,Tarjeta crédito,
2738,PED002738,2026-02-04 21:35:04,CLI02669,Bogotá D.C.,Tienda física,BOG-02,Deportes,Bicicleta estática,2,1499900.00,10.00,2999800.00,299980.00,2699820.00,Efectivo,5.0
2739,PED002739,2026-06-07 06:53:21,CLI01246,Bogotá D.C.,Página web,,Tecnología,Monitor 24 pulgadas,3,699900.00,0.00,2099700.00,0.00,2099700.00,PSE,3.0
2740,PED002740,2026-06-18 14:53:05,CLI02215,Bucaramanga,Aplicación móvil,,Oficina,Archivador metálico,1,459900.00,15.00,459900.00,68985.00,390915.00,PSE,5.0
2741,PED002741,2026-05-21 16:38:12,CLI02557,Barranquilla,Tienda física,BAQ-01,Tecnología,Teclado mecánico,1,241400.00,10.00,241400.00,24140.00,217260.00,Tarjeta débito,
2742,PED002742,2026-05-20 08:22:20,CLI02450,Cali,Página web,,Tecnología,Smartwatch,2,313400.00,10.00,626800.00,62680.00,564120.00,Tarjeta crédito,2.0
2743,PED002743,2026-04-10 07:25:20,CLI02064,Bogotá D.C.,Aplicación móvil,,Hogar,Purificador de aire,1,815900.00,0.00,815900.00,0.00,815900.00,Billetera digital,
2744,PED002744,2026-01-03 13:25:00,CLI02699,Pereira,Página web,,Hogar,Organizador modular,1,117500.00,5.00,117500.00,5875.00,111625.00,Tarjeta crédito,
2745,PED002745,2026-04-22 17:31:15,CLI00187,Bogotá D.C.,Tienda física,BOG-01,Tecnología,Teclado mecánico,1,218400.00,0.00,218400.00,0.00,218400.00,Tarjeta débito,
2746,PED002746,2026-05-28 12:36:43,CLI02462,Barranquilla,Página web,,Hogar,Ventilador de torre,1,342900.00,0.00,342900.00,0.00,342900.00,Tarjeta crédito,2.0
2747,PED002747,2026-05-31 20:53:16,CLI00301,Cali,Tienda física,CLO-01,Electrodomésticos,Licuadora,1,244700.00,15.00,244700.00,36705.00,207995.00,PSE,
2748,PED002748,2026-01-25 19:53:54,CLI01902,Bucaramanga,Aplicación móvil,,Tecnología,Mouse inalámbrico,1,85400.00,15.00,85400.00,12810.00,72590.00,PSE,5.0
2749,PED002749,2026-03-07 01:53:01,CLI02613,Cali,Página web,,Oficina,Impresora multifuncional,1,892400.00,10.00,892400.00,89240.00,803160.00,Tarjeta crédito,
2750,PED002750,2026-06-21 06:19:43,CLI01540,Bogotá D.C.,Página web,,Electrodomésticos,Cafetera eléctrica,1,189900.00,15.00,189900.00,28485.00,161415.00,Transferencia,
2751,PED002751,2026-06-23 21:03:50,CLI02465,Bogotá D.C.,Tienda física,BOG-01,Hogar,Lámpara de mesa,2,127300.00,0.00,254600.00,0.00,254600.00,Efectivo,5.0
2752,PED002752,2026-01-08 00:10:45,CLI02469,Medellín,Tienda física,MDE-01,Deportes,Kit bandas elásticas,2,83900.00,0.00,167800.00,0.00,167800.00,Tarjeta débito,4.0
2753,PED002753,2026-04-01 03:41:54,CLI02458,Cali,Página web,,Electrodomésticos,Sanduchera,2,129900.00,0.00,259800.00,0.00,259800.00,Tarjeta débito,4.0
2754,PED002754,2026-05-01 11:12:27,CLI00919,Bucaramanga,Tienda física,BGA-01,Hogar,Lámpara de mesa,1,127300.00,0.00,127300.00,0.00,127300.00,Tarjeta débito,5.0
2755,PED002755,2026-06-01 14:33:37,CLI02647,Pereira,Página web,,Hogar,Ventilador de torre,1,356900.00,0.00,356900.00,0.00,356900.00,PSE,4.0
2756,PED002756,2026-04-20 11:40:48,CLI01028,Bogotá D.C.,Aplicación móvil,,Tecnología,Monitor 24 pulgadas,1,699900.00,5.00,699900.00,34995.00,664905.00,Tarjeta débito,5.0
2757,PED002757,2026-06-06 08:55:42,CLI01345,Medellín,Aplicación móvil,,Tecnología,Audífonos Bluetooth,1,149900.00,0.00,149900.00,0.00,149900.00,PSE,2.0
2758,PED002758,2026-02-15 07:42:32,CLI01364,Barranquilla,Tienda física,BAQ-01,Tecnología,Monitor 24 pulgadas,1,685900.00,5.00,685900.00,34295.00,651605.00,PSE,5.0
2759,PED002759,2026-03-27 04:57:07,CLI01029,Barranquilla,Página web,,Electrodomésticos,Horno microondas,2,608900.00,15.00,1217800.00,182670.00,1035130.00,Tarjeta crédito,
2760,PED002760,2026-02-02 10:18:46,CLI02660,Pereira,Aplicación móvil,,Hogar,Lámpara de mesa,2,129900.00,0.00,259800.00,0.00,259800.00,Tarjeta crédito,
2761,PED002761,2026-05-28 19:58:28,CLI00859,Cali,Aplicación móvil,,Hogar,Organizador modular,1,119900.00,10.00,119900.00,11990.00,107910.00,Billetera digital,4.0
2762,PED002762,2026-04-20 17:57:06,CLI02472,Medellín,Tienda física,MDE-01,Deportes,Bicicleta estática,2,1424900.00,10.00,2849800.00,284980.00,2564820.00,Tarjeta crédito,4.0
2763,PED002763,2026-06-24 09:24:25,CLI02348,Bogotá D.C.,Tienda física,BOG-02,Oficina,Webcam Full HD,1,189900.00,10.00,189900.00,18990.00,170910.00,Efectivo,1.0
2764,PED002764,2026-01-26 15:04:53,CLI00234,Medellín,Aplicación móvil,,Deportes,Mancuernas ajustables,2,407900.00,0.00,815800.00,0.00,815800.00,PSE,2.0
2765,PED002765,2026-04-18 11:03:25,CLI01303,Medellín,Página web,,Deportes,Colchoneta yoga,1,89900.00,0.00,89900.00,0.00,89900.00,PSE,
2766,PED002766,2026-06-02 18:28:14,CLI00564,Pereira,Tienda física,PEI-01,Tecnología,Audífonos Bluetooth,1,146900.00,5.00,146900.00,7345.00,139555.00,Tarjeta crédito,5.0
2767,PED002767,2026-02-12 21:28:07,CLI00373,Bogotá D.C.,Página web,,Deportes,Colchoneta yoga,2,94400.00,0.00,188800.00,0.00,188800.00,PSE,3.0
2768,PED002768,2026-01-25 08:03:46,CLI00590,Barranquilla,Página web,,Electrodomésticos,Sanduchera,2,129900.00,0.00,259800.00,0.00,259800.00,Tarjeta débito,4.0
2769,PED002769,2026-04-21 06:21:45,CLI00055,Pereira,Tienda física,PEI-01,Electrodomésticos,Arrocera,1,173300.00,0.00,173300.00,0.00,173300.00,PSE,5.0
2770,PED002770,2026-04-18 03:13:08,CLI02081,Bogotá D.C.,Tienda física,BOG-01,Hogar,Ventilador de torre,1,349900.00,15.00,349900.00,52485.00,297415.00,Tarjeta crédito,5.0
2771,PED002771,2026-01-30 04:11:48,CLI00915,Medellín,Tienda física,MDE-01,Electrodomésticos,Cafetera eléctrica,3,189900.00,10.00,569700.00,56970.00,512730.00,Tarjeta débito,
2772,PED002772,2026-04-03 23:28:36,CLI02413,Bucaramanga,Página web,,Tecnología,Tablet 10 pulgadas,1,899900.00,5.00,899900.00,44995.00,854905.00,Transferencia,
2773,PED002773,2026-05-21 13:02:20,CLI01967,Bucaramanga,Página web,,Tecnología,Tablet 10 pulgadas,1,944900.00,10.00,944900.00,94490.00,850410.00,PSE,5.0
2774,PED002774,2026-02-26 02:54:59,CLI02415,Bogotá D.C.,Aplicación móvil,,Hogar,Purificador de aire,1,759900.00,10.00,759900.00,75990.00,683910.00,Tarjeta crédito,5.0
2775,PED002775,2026-05-12 20:05:11,CLI00090,Bucaramanga,Tienda física,BGA-01,Tecnología,Smartwatch,1,329900.00,0.00,329900.00,0.00,329900.00,Tarjeta crédito,3.0
2776,PED002776,2026-06-02 14:25:19,CLI01295,Bogotá D.C.,Tienda física,BOG-03,Oficina,Impresora multifuncional,3,807400.00,0.00,2422200.00,0.00,2422200.00,Tarjeta débito,
2777,PED002777,2026-05-24 01:07:50,CLI00452,Cali,Tienda física,CLO-01,Oficina,Archivador metálico,1,450700.00,20.00,450700.00,90140.00,360560.00,Tarjeta crédito,4.0
2778,PED002778,2026-05-12 06:05:16,CLI01194,Bogotá D.C.,Aplicación móvil,,Deportes,Kit bandas elásticas,1,81500.00,0.00,81500.00,0.00,81500.00,Tarjeta crédito,3.0
2779,PED002779,2026-04-26 21:51:08,CLI00361,Bogotá D.C.,Página web,,Electrodomésticos,Licuadora,1,227900.00,15.00,227900.00,34185.00,193715.00,Tarjeta crédito,
2780,PED002780,2026-04-04 09:02:00,CLI00975,Medellín,Aplicación móvil,,Electrodomésticos,Cafetera eléctrica,1,189900.00,15.00,189900.00,28485.00,161415.00,Tarjeta débito,
2781,PED002781,2026-04-06 13:48:13,CLI00421,Bogotá D.C.,Aplicación móvil,,Electrodomésticos,Arrocera,1,169900.00,0.00,169900.00,0.00,169900.00,Tarjeta crédito,
2782,PED002782,2026-02-18 17:56:52,CLI00637,Bogotá D.C.,Aplicación móvil,,Hogar,Ventilador de torre,1,342900.00,10.00,342900.00,34290.00,308610.00,Tarjeta crédito,4.0
2783,PED002783,2026-01-07 14:13:59,CLI01899,Medellín,Aplicación móvil,,Electrodomésticos,Sanduchera,1,129900.00,20.00,129900.00,25980.00,103920.00,Tarjeta crédito,5.0
2784,PED002784,2026-02-28 17:28:49,CLI01041,Bogotá D.C.,Aplicación móvil,,Hogar,Lámpara de mesa,2,129900.00,0.00,259800.00,0.00,259800.00,PSE,4.0
2785,PED002785,2026-04-15 04:01:52,CLI01826,Medellín,Página web,,Hogar,Aspiradora vertical,1,524900.00,0.00,524900.00,0.00,524900.00,Tarjeta crédito,
2786,PED002786,2026-04-17 23:37:53,CLI01680,Bogotá D.C.,Aplicación móvil,,Deportes,Mancuernas ajustables,1,407900.00,0.00,407900.00,0.00,407900.00,Billetera digital,4.0
2787,PED002787,2026-01-11 04:18:19,CLI00942,Barranquilla,Aplicación móvil,,Oficina,Silla ergonómica,1,712400.00,0.00,712400.00,0.00,712400.00,Tarjeta débito,4.0
2788,PED002788,2026-06-25 18:03:30,CLI01547,Cali,Aplicación móvil,,Tecnología,Monitor 24 pulgadas,1,664900.00,0.00,664900.00,0.00,664900.00,PSE,3.0
2789,PED002789,2026-05-21 15:59:25,CLI00132,Cali,Página web,,Deportes,Kit bandas elásticas,2,83900.00,10.00,167800.00,16780.00,151020.00,PSE,
2790,PED002790,2026-06-23 14:48:12,CLI02555,Pereira,Página web,,Hogar,Ventilador de torre,1,356900.00,0.00,356900.00,0.00,356900.00,PSE,5.0
2791,PED002791,2026-04-10 14:56:04,CLI00565,Medellín,Tienda física,MDE-01,Tecnología,Audífonos Bluetooth,1,152900.00,0.00,152900.00,0.00,152900.00,Tarjeta crédito,
2792,PED002792,2026-04-19 15:01:06,CLI00804,Medellín,Aplicación móvil,,Deportes,Mancuernas ajustables,3,399900.00,5.00,1199700.00,59985.00,1139715.00,Tarjeta crédito,5.0
2793,PED002793,2026-02-12 22:47:52,CLI00586,Pereira,Tienda física,PEI-01,Hogar,Juego de ollas,1,289900.00,5.00,289900.00,14495.00,275405.00,Efectivo,3.0
2794,PED002794,2026-01-06 12:43:43,CLI02637,Cali,Tienda física,CLO-01,Hogar,Organizador modular,3,113900.00,10.00,341700.00,34170.00,307530.00,Tarjeta crédito,5.0
2795,PED002795,2026-05-25 02:08:48,CLI02058,Medellín,Página web,,Tecnología,Tablet 10 pulgadas,2,944900.00,0.00,1889800.00,0.00,1889800.00,Tarjeta crédito,4.0
2796,PED002796,2026-06-10 23:19:08,CLI00149,Medellín,Página web,,Deportes,Banda caminadora,3,2309900.00,10.00,6929700.00,692970.00,6236730.00,PSE,5.0
2797,PED002797,2026-03-05 14:29:55,CLI02660,Bogotá D.C.,Tienda física,BOG-03,Tecnología,Monitor 24 pulgadas,1,713900.00,0.00,713900.00,0.00,713900.00,Tarjeta débito,5.0
2798,PED002798,2026-06-08 18:29:48,CLI00416,Medellín,Página web,,Electrodomésticos,Sanduchera,1,132500.00,20.00,132500.00,26500.00,106000.00,PSE,3.0
2799,PED002799,2026-05-02 21:43:08,CLI02346,Cali,Página web,,Tecnología,Teclado mecánico,1,229900.00,0.00,229900.00,0.00,229900.00,Tarjeta crédito,3.0
2800,PED002800,2026-04-03 09:19:52,CLI02148,Bogotá D.C.,Aplicación móvil,,Oficina,Escritorio ajustable,2,1223900.00,15.00,2447800.00,367170.00,2080630.00,Tarjeta crédito,4.0
2801,PED002801,2026-03-25 16:26:12,CLI00519,Cali,Página web,,Hogar,Purificador de aire,1,783900.00,15.00,783900.00,117585.00,666315.00,Tarjeta débito,3.0
2802,PED002802,2026-01-06 06:45:40,CLI02598,Medellín,Aplicación móvil,,Electrodomésticos,Licuadora,1,235100.00,15.00,235100.00,35265.00,199835.00,PSE,
2803,PED002803,2026-05-10 02:05:06,CLI00650,Barranquilla,Página web,,Deportes,Colchoneta yoga,3,89900.00,0.00,269700.00,0.00,269700.00,Tarjeta débito,5.0
2804,PED002804,2026-01-10 12:36:35,CLI01276,Medellín,Página web,,Tecnología,Audífonos Bluetooth,2,157400.00,5.00,314800.00,15740.00,299060.00,Tarjeta crédito,5.0
2805,PED002805,2026-05-10 18:20:51,CLI02626,Cali,Aplicación móvil,,Electrodomésticos,Arrocera,1,169900.00,0.00,169900.00,0.00,169900.00,Tarjeta crédito,5.0
2806,PED002806,2026-06-17 20:04:28,CLI00018,Bucaramanga,Tienda física,BGA-01,Electrodomésticos,Freidora de aire,2,449900.00,5.00,899800.00,44990.00,854810.00,Efectivo,5.0
2807,PED002807,2026-03-07 13:32:42,CLI00632,Cali,Aplicación móvil,,Hogar,Organizador modular,2,119900.00,20.00,239800.00,47960.00,191840.00,Tarjeta crédito,4.0
2808,PED002808,2026-06-14 17:00:04,CLI00084,Cali,Aplicación móvil,,Oficina,Silla ergonómica,1,734900.00,0.00,734900.00,0.00,734900.00,Tarjeta crédito,
2809,PED002809,2026-06-03 08:30:35,CLI01211,Bogotá D.C.,Página web,,Electrodomésticos,Arrocera,3,178400.00,0.00,535200.00,0.00,535200.00,PSE,
2810,PED002810,2026-06-02 06:32:38,CLI00653,Cali,Aplicación móvil,,Tecnología,Mouse inalámbrico,2,94400.00,15.00,188800.00,28320.00,160480.00,Tarjeta crédito,5.0
2811,PED002811,2026-02-14 06:19:45,CLI02239,Bogotá D.C.,Página web,,Tecnología,Mouse inalámbrico,2,88100.00,0.00,176200.00,0.00,176200.00,Tarjeta crédito,
2812,PED002812,2026-01-11 03:41:39,CLI00327,Bogotá D.C.,Página web,,Tecnología,Audífonos Bluetooth,4,152900.00,0.00,611600.00,0.00,611600.00,Tarjeta crédito,
2813,PED002813,2026-04-17 13:46:46,CLI00154,Bogotá D.C.,Página web,,Hogar,Juego de ollas,2,275400.00,0.00,550800.00,0.00,550800.00,Tarjeta débito,
2814,PED002814,2026-01-06 07:37:03,CLI01967,Pereira,Aplicación móvil,,Electrodomésticos,Freidora de aire,1,472400.00,10.00,472400.00,47240.00,425160.00,PSE,5.0
2815,PED002815,2026-05-23 06:09:10,CLI01676,Bogotá D.C.,Página web,,Electrodomésticos,Horno microondas,2,579900.00,0.00,1159800.00,0.00,1159800.00,Transferencia,
2816,PED002816,2026-02-24 05:42:18,CLI02234,Bogotá D.C.,Página web,,Hogar,Ventilador de torre,1,332400.00,10.00,332400.00,33240.00,299160.00,Tarjeta débito,5.0
2817,PED002817,2026-02-19 03:41:58,CLI02393,Pereira,Aplicación móvil,,Electrodomésticos,Arrocera,2,178400.00,20.00,356800.00,71360.00,285440.00,Tarjeta crédito,5.0
2818,PED002818,2026-01-13 02:39:46,CLI01493,Cali,Tienda física,CLO-02,Hogar,Lámpara de mesa,1,136400.00,0.00,136400.00,0.00,136400.00,Tarjeta crédito,
2819,PED002819,2026-06-21 19:39:00,CLI00137,Bogotá D.C.,Tienda física,BOG-01,Electrodomésticos,Sanduchera,1,129900.00,5.00,129900.00,6495.00,123405.00,Tarjeta crédito,
2820,PED002820,2026-03-12 03:29:15,CLI02058,Medellín,Página web,,Electrodomésticos,Freidora de aire,1,449900.00,0.00,449900.00,0.00,449900.00,Tarjeta crédito,4.0
2821,PED002821,2026-06-23 01:18:06,CLI00947,Cali,Tienda física,CLO-02,Tecnología,Smartwatch,2,329900.00,0.00,659800.00,0.00,659800.00,Tarjeta débito,3.0
2822,PED002822,2026-04-06 19:19:15,CLI00930,Barranquilla,Aplicación móvil,,Tecnología,Monitor 24 pulgadas,2,664900.00,15.00,1329800.00,199470.00,1130330.00,PSE,
2823,PED002823,2026-06-29 16:34:26,CLI02331,Medellín,Tienda física,MDE-02,Tecnología,Monitor 24 pulgadas,3,713900.00,0.00,2141700.00,0.00,2141700.00,Efectivo,
2824,PED002824,2026-04-21 16:06:49,CLI00165,Pereira,Tienda física,PEI-01,Tecnología,Teclado mecánico,3,229900.00,0.00,689700.00,0.00,689700.00,PSE,5.0
2825,PED002825,2026-04-29 11:16:50,CLI00260,Medellín,Tienda física,MDE-02,Hogar,Purificador de aire,1,839900.00,10.00,839900.00,83990.00,755910.00,Tarjeta débito,5.0
2826,PED002826,2026-04-22 09:58:56,CLI02484,Bogotá D.C.,Tienda física,BOG-03,Electrodomésticos,Cafetera eléctrica,1,189900.00,0.00,189900.00,0.00,189900.00,Tarjeta débito,4.0
2827,PED002827,2026-06-09 12:43:35,CLI01367,Barranquilla,Tienda física,BAQ-01,Deportes,Kit bandas elásticas,2,83900.00,10.00,167800.00,16780.00,151020.00,Tarjeta débito,4.0
2828,PED002828,2026-05-12 05:40:41,CLI01819,Medellín,Página web,,Hogar,Aspiradora vertical,2,524900.00,10.00,1049800.00,104980.00,944820.00,Tarjeta crédito,
2829,PED002829,2026-03-04 08:55:25,CLI00301,Cali,Página web,,Deportes,Kit bandas elásticas,1,81500.00,0.00,81500.00,0.00,81500.00,Tarjeta crédito,5.0
2830,PED002830,2026-03-19 12:14:14,CLI01726,Medellín,Tienda física,MDE-02,Tecnología,Tablet 10 pulgadas,2,881900.00,10.00,1763800.00,176380.00,1587420.00,PSE,4.0
2831,PED002831,2026-06-21 11:35:45,CLI02192,Bogotá D.C.,Página web,,Oficina,Archivador metálico,1,459900.00,5.00,459900.00,22995.00,436905.00,Tarjeta crédito,1.0
2832,PED002832,2026-04-10 15:22:24,CLI00257,Medellín,Tienda física,MDE-02,Electrodomésticos,Sanduchera,3,129900.00,15.00,389700.00,58455.00,331245.00,Tarjeta crédito,2.0
2833,PED002833,2026-03-15 04:50:21,CLI00459,Cali,Página web,,Hogar,Ventilador de torre,2,356900.00,0.00,713800.00,0.00,713800.00,PSE,
2834,PED002834,2026-05-18 12:06:13,CLI01432,Medellín,Página web,,Deportes,Banda caminadora,1,2199900.00,5.00,2199900.00,109995.00,2089905.00,Tarjeta débito,5.0
2835,PED002835,2026-03-06 19:39:53,CLI00257,Barranquilla,Aplicación móvil,,Electrodomésticos,Horno microondas,1,568300.00,10.00,568300.00,56830.00,511470.00,PSE,5.0
2836,PED002836,2026-02-23 02:17:31,CLI02470,Bogotá D.C.,Página web,,Tecnología,Audífonos Bluetooth,2,149900.00,0.00,299800.00,0.00,299800.00,PSE,4.0
2837,PED002837,2026-06-18 23:49:18,CLI01365,Pereira,Aplicación móvil,,Tecnología,Monitor 24 pulgadas,3,699900.00,0.00,2099700.00,0.00,2099700.00,Tarjeta crédito,5.0
2838,PED002838,2026-04-04 08:02:35,CLI02610,Bogotá D.C.,Tienda física,BOG-01,Oficina,Base para portátil,1,112100.00,15.00,112100.00,16815.00,95285.00,Tarjeta crédito,4.0
2839,PED002839,2026-05-15 12:58:05,CLI01485,Cali,Aplicación móvil,,Hogar,Organizador modular,2,119900.00,0.00,239800.00,0.00,239800.00,Tarjeta crédito,5.0
2840,PED002840,2026-02-14 00:52:51,CLI01089,Cali,Página web,,Deportes,Bicicleta estática,2,1469900.00,0.00,2939800.00,0.00,2939800.00,PSE,4.0
2841,PED002841,2026-01-27 15:48:53,CLI01071,Barranquilla,Tienda física,BAQ-01,Oficina,Escritorio ajustable,4,1223900.00,0.00,4895600.00,0.00,4895600.00,Tarjeta débito,5.0
2842,PED002842,2026-01-31 23:07:06,CLI00081,Cali,Aplicación móvil,,Tecnología,Monitor 24 pulgadas,1,699900.00,5.00,699900.00,34995.00,664905.00,PSE,2.0
2843,PED002843,2026-02-06 05:07:02,CLI02670,Bogotá D.C.,Página web,,Tecnología,Teclado mecánico,1,241400.00,10.00,241400.00,24140.00,217260.00,Tarjeta crédito,4.0
2844,PED002844,2026-06-19 16:13:48,CLI02615,Medellín,Aplicación móvil,,Electrodomésticos,Licuadora,2,239900.00,0.00,479800.00,0.00,479800.00,Tarjeta crédito,3.0
2845,PED002845,2026-02-16 05:05:49,CLI00544,Pereira,Página web,,Hogar,Juego de ollas,1,289900.00,5.00,289900.00,14495.00,275405.00,Tarjeta crédito,
2846,PED002846,2026-01-02 19:24:54,CLI01391,Bucaramanga,Tienda física,BGA-01,Electrodomésticos,Horno microondas,1,608900.00,10.00,608900.00,60890.00,548010.00,Tarjeta crédito,4.0
2847,PED002847,2026-04-22 15:05:39,CLI01249,Cali,Página web,,Hogar,Purificador de aire,1,783900.00,0.00,783900.00,0.00,783900.00,PSE,
2848,PED002848,2026-01-28 04:12:48,CLI02308,Bogotá D.C.,Tienda física,BOG-02,Tecnología,Smartwatch,1,346400.00,5.00,346400.00,17320.00,329080.00,Efectivo,
2849,PED002849,2026-03-21 17:26:08,CLI02681,Cali,Tienda física,CLO-02,Electrodomésticos,Licuadora,3,235100.00,20.00,705300.00,141060.00,564240.00,PSE,
2850,PED002850,2026-02-06 02:10:40,CLI02017,Cali,Página web,,Electrodomésticos,Arrocera,1,169900.00,20.00,169900.00,33980.00,135920.00,Tarjeta crédito,3.0
2851,PED002851,2026-06-19 00:02:15,CLI00589,Bogotá D.C.,Aplicación móvil,,Electrodomésticos,Sanduchera,3,132500.00,0.00,397500.00,0.00,397500.00,Tarjeta crédito,2.0
2852,PED002852,2026-06-08 21:23:06,CLI00098,Bucaramanga,Página web,,Hogar,Lámpara de mesa,1,129900.00,5.00,129900.00,6495.00,123405.00,Tarjeta crédito,5.0
2853,PED002853,2026-03-27 10:31:04,CLI02479,Cali,Tienda física,CLO-01,Hogar,Lámpara de mesa,1,129900.00,0.00,129900.00,0.00,129900.00,Efectivo,4.0
2854,PED002854,2026-05-20 23:55:04,CLI01749,Medellín,Aplicación móvil,,Electrodomésticos,Sanduchera,2,123400.00,0.00,246800.00,0.00,246800.00,Tarjeta crédito,
2855,PED002855,2026-03-09 08:06:36,CLI00606,Cali,Aplicación móvil,,Tecnología,Audífonos Bluetooth,1,149900.00,10.00,149900.00,14990.00,134910.00,Tarjeta débito,4.0
2856,PED002856,2026-03-31 16:07:35,CLI00764,Bogotá D.C.,Tienda física,BOG-01,Electrodomésticos,Licuadora,1,235100.00,0.00,235100.00,0.00,235100.00,Efectivo,5.0
2857,PED002857,2026-01-18 23:55:30,CLI00005,Medellín,Página web,,Tecnología,Monitor 24 pulgadas,1,699900.00,20.00,699900.00,139980.00,559920.00,Transferencia,
2858,PED002858,2026-04-20 21:41:47,CLI00588,Bogotá D.C.,Página web,,Deportes,Balón fútbol,1,113900.00,5.00,113900.00,5695.00,108205.00,Tarjeta débito,3.0
2859,PED002859,2026-05-19 17:56:13,CLI00365,Cali,Página web,,Electrodomésticos,Sanduchera,1,129900.00,0.00,129900.00,0.00,129900.00,PSE,5.0
2860,PED002860,2026-02-16 12:47:06,CLI00939,Bogotá D.C.,Página web,,Hogar,Ventilador de torre,1,349900.00,10.00,349900.00,34990.00,314910.00,PSE,
2861,PED002861,2026-03-11 11:25:29,CLI01494,Medellín,Tienda física,MDE-01,Deportes,Bicicleta estática,1,1499900.00,20.00,1499900.00,299980.00,1199920.00,Efectivo,
2862,PED002862,2026-01-26 15:43:53,CLI01767,Bucaramanga,Tienda física,BGA-01,Deportes,Mancuernas ajustables,1,391900.00,0.00,391900.00,0.00,391900.00,Tarjeta débito,4.0
2863,PED002863,2026-03-09 00:11:10,CLI00131,Cali,Aplicación móvil,,Deportes,Bicicleta estática,3,1529900.00,10.00,4589700.00,458970.00,4130730.00,Tarjeta débito,
2864,PED002864,2026-01-06 20:53:37,CLI00879,Cali,Página web,,Electrodomésticos,Sanduchera,1,136400.00,20.00,136400.00,27280.00,109120.00,PSE,4.0
2865,PED002865,2026-01-06 11:16:56,CLI01797,Barranquilla,Tienda física,BAQ-01,Hogar,Purificador de aire,1,799900.00,0.00,799900.00,0.00,799900.00,Efectivo,4.0
2866,PED002866,2026-03-21 23:09:29,CLI00361,Bucaramanga,Aplicación móvil,,Hogar,Aspiradora vertical,2,509900.00,10.00,1019800.00,101980.00,917820.00,Tarjeta crédito,5.0
2867,PED002867,2026-02-07 15:17:57,CLI01023,Pereira,Página web,,Tecnología,Smartwatch,2,329900.00,15.00,659800.00,98970.00,560830.00,PSE,
2868,PED002868,2026-06-30 15:23:25,CLI01929,Cali,Aplicación móvil,,Hogar,Purificador de aire,2,759900.00,20.00,1519800.00,303960.00,1215840.00,PSE,
2869,PED002869,2026-06-01 12:04:05,CLI00260,Pereira,Aplicación móvil,,Electrodomésticos,Sanduchera,1,123400.00,0.00,123400.00,0.00,123400.00,Tarjeta débito,
2870,PED002870,2026-01-26 22:37:10,CLI00055,Bucaramanga,Aplicación móvil,,Deportes,Mancuernas ajustables,2,399900.00,0.00,799800.00,0.00,799800.00,Billetera digital,
2871,PED002871,2026-04-03 00:03:26,CLI01205,Bogotá D.C.,Aplicación móvil,,Electrodomésticos,Horno microondas,1,579900.00,5.00,579900.00,28995.00,550905.00,PSE,
2872,PED002872,2026-06-21 15:08:11,CLI02462,Medellín,Aplicación móvil,,Hogar,Lámpara de mesa,1,123400.00,15.00,123400.00,18510.00,104890.00,Billetera digital,4.0
2873,PED002873,2026-02-12 05:53:21,CLI01435,Bogotá D.C.,Página web,,Tecnología,Monitor 24 pulgadas,1,734900.00,0.00,734900.00,0.00,734900.00,Tarjeta crédito,4.0
2874,PED002874,2026-06-23 01:08:23,CLI01459,Bogotá D.C.,Aplicación móvil,,Hogar,Lámpara de mesa,1,129900.00,10.00,129900.00,12990.00,116910.00,PSE,
2875,PED002875,2026-06-29 01:13:57,CLI00440,Cali,Aplicación móvil,,Tecnología,Monitor 24 pulgadas,1,734900.00,0.00,734900.00,0.00,734900.00,PSE,3.0
2876,PED002876,2026-04-05 23:01:47,CLI00918,Bogotá D.C.,Aplicación móvil,,Tecnología,Mouse inalámbrico,1,85400.00,10.00,85400.00,8540.00,76860.00,Tarjeta crédito,4.0
2877,PED002877,2026-06-17 04:08:59,CLI02478,Bogotá D.C.,Página web,,Electrodomésticos,Arrocera,1,169900.00,0.00,169900.00,0.00,169900.00,Tarjeta débito,4.0
2878,PED002878,2026-06-17 12:32:02,CLI01749,Bogotá D.C.,Aplicación móvil,,Tecnología,Monitor 24 pulgadas,2,699900.00,10.00,1399800.00,139980.00,1259820.00,Tarjeta débito,
2879,PED002879,2026-04-21 22:51:15,CLI01735,Barranquilla,Tienda física,BAQ-01,Tecnología,Tablet 10 pulgadas,2,854900.00,0.00,1709800.00,0.00,1709800.00,Tarjeta crédito,
2880,PED002880,2026-02-20 11:41:17,CLI01979,Bogotá D.C.,Tienda física,BOG-03,Oficina,Archivador metálico,2,482900.00,20.00,965800.00,193160.00,772640.00,Tarjeta débito,
2881,PED002881,2026-02-06 12:43:22,CLI00049,Cali,Tienda física,CLO-02,Oficina,Impresora multifuncional,1,849900.00,15.00,849900.00,127485.00,722415.00,Tarjeta crédito,4.0
2882,PED002882,2026-01-27 20:44:27,CLI00348,Cali,Página web,,Electrodomésticos,Horno microondas,1,568300.00,0.00,568300.00,0.00,568300.00,Tarjeta crédito,
2883,PED002883,2026-02-21 10:21:31,CLI00707,Bogotá D.C.,Página web,,Hogar,Aspiradora vertical,1,524900.00,5.00,524900.00,26245.00,498655.00,Tarjeta crédito,
2884,PED002884,2026-03-15 11:48:12,CLI02541,Cali,Aplicación móvil,,Tecnología,Tablet 10 pulgadas,1,881900.00,0.00,881900.00,0.00,881900.00,Tarjeta débito,4.0
2885,PED002885,2026-02-03 14:57:08,CLI02059,Bogotá D.C.,Tienda física,BOG-03,Deportes,Kit bandas elásticas,1,79900.00,10.00,79900.00,7990.00,71910.00,Tarjeta débito,
2886,PED002886,2026-03-24 11:18:38,CLI02658,Medellín,Página web,,Deportes,Balón fútbol,4,119900.00,0.00,479600.00,0.00,479600.00,Tarjeta crédito,5.0
2887,PED002887,2026-03-05 09:09:35,CLI00983,Medellín,Página web,,Oficina,Base para portátil,1,112100.00,15.00,112100.00,16815.00,95285.00,Tarjeta débito,
2888,PED002888,2026-04-16 15:43:46,CLI01401,Cali,Aplicación móvil,,Tecnología,Smartwatch,2,346400.00,10.00,692800.00,69280.00,623520.00,PSE,
2889,PED002889,2026-06-20 08:30:41,CLI00840,Bogotá D.C.,Aplicación móvil,,Tecnología,Teclado mecánico,1,229900.00,5.00,229900.00,11495.00,218405.00,Tarjeta débito,3.0
2890,PED002890,2026-01-29 06:57:04,CLI01469,Bucaramanga,Aplicación móvil,,Tecnología,Audífonos Bluetooth,1,142400.00,0.00,142400.00,0.00,142400.00,PSE,
2891,PED002891,2026-06-24 13:19:05,CLI02119,Bogotá D.C.,Página web,,Electrodomésticos,Horno microondas,1,568300.00,0.00,568300.00,0.00,568300.00,Tarjeta crédito,
2892,PED002892,2026-01-21 13:21:17,CLI01475,Bogotá D.C.,Aplicación móvil,,Hogar,Purificador de aire,1,815900.00,10.00,815900.00,81590.00,734310.00,Tarjeta débito,4.0
2893,PED002893,2026-03-28 15:24:55,CLI02026,Pereira,Tienda física,PEI-01,Electrodomésticos,Sanduchera,1,132500.00,20.00,132500.00,26500.00,106000.00,PSE,2.0
2894,PED002894,2026-05-05 12:30:29,CLI01040,Bucaramanga,Página web,,Deportes,Balón fútbol,1,113900.00,10.00,113900.00,11390.00,102510.00,Transferencia,4.0
2895,PED002895,2026-05-08 21:23:56,CLI01761,Medellín,Página web,,Oficina,Impresora multifuncional,1,832900.00,0.00,832900.00,0.00,832900.00,Tarjeta crédito,5.0
2896,PED002896,2026-06-09 12:10:17,CLI02534,Bogotá D.C.,Página web,,Electrodomésticos,Sanduchera,1,129900.00,5.00,129900.00,6495.00,123405.00,Tarjeta crédito,5.0
2897,PED002897,2026-04-11 07:50:26,CLI00136,Cali,Aplicación móvil,,Deportes,Colchoneta yoga,1,89900.00,5.00,89900.00,4495.00,85405.00,Tarjeta crédito,1.0
2898,PED002898,2026-01-19 12:56:41,CLI02309,Cali,Tienda física,CLO-01,Oficina,Webcam Full HD,3,209900.00,20.00,629700.00,125940.00,503760.00,Tarjeta débito,
2899,PED002899,2026-05-21 21:30:12,CLI00947,Barranquilla,Página web,,Deportes,Bicicleta estática,2,1499900.00,0.00,2999800.00,0.00,2999800.00,Tarjeta crédito,5.0
2900,PED002900,2026-05-14 08:36:15,CLI01829,Cali,Tienda física,CLO-02,Oficina,Archivador metálico,2,482900.00,0.00,965800.00,0.00,965800.00,Efectivo,
2901,PED002901,2026-03-10 11:23:45,CLI00255,Medellín,Aplicación móvil,,Hogar,Aspiradora vertical,2,509900.00,20.00,1019800.00,203960.00,815840.00,Billetera digital,4.0
2902,PED002902,2026-03-04 10:36:19,CLI02531,Bogotá D.C.,Página web,,Deportes,Banda caminadora,1,2155900.00,0.00,2155900.00,0.00,2155900.00,Tarjeta crédito,5.0
2903,PED002903,2026-01-14 16:06:10,CLI01687,Cali,Aplicación móvil,,Deportes,Kit bandas elásticas,2,81500.00,0.00,163000.00,0.00,163000.00,PSE,
2904,PED002904,2026-03-19 02:39:55,CLI01574,Bogotá D.C.,Página web,,Tecnología,Mouse inalámbrico,1,88100.00,5.00,88100.00,4405.00,83695.00,Tarjeta crédito,5.0
2905,PED002905,2026-02-22 05:03:40,CLI02573,Bogotá D.C.,Aplicación móvil,,Hogar,Juego de ollas,1,284100.00,5.00,284100.00,14205.00,269895.00,PSE,5.0
2906,PED002906,2026-04-04 19:09:27,CLI00428,Cali,Aplicación móvil,,Tecnología,Tablet 10 pulgadas,1,899900.00,5.00,899900.00,44995.00,854905.00,Tarjeta crédito,
2907,PED002907,2026-02-18 21:41:27,CLI02651,Bogotá D.C.,Tienda física,BOG-02,Electrodomésticos,Licuadora,1,235100.00,10.00,235100.00,23510.00,211590.00,Tarjeta débito,4.0
2908,PED002908,2026-06-17 21:16:12,CLI01362,Bogotá D.C.,Página web,,Oficina,Archivador metálico,1,459900.00,15.00,459900.00,68985.00,390915.00,Tarjeta débito,4.0
2909,PED002909,2026-03-10 04:47:09,CLI01433,Barranquilla,Aplicación móvil,,Hogar,Purificador de aire,1,799900.00,0.00,799900.00,0.00,799900.00,PSE,
2910,PED002910,2026-04-01 08:09:17,CLI01215,Bogotá D.C.,Página web,,Hogar,Purificador de aire,1,839900.00,0.00,839900.00,0.00,839900.00,PSE,
2911,PED002911,2026-03-06 11:40:58,CLI01340,Bogotá D.C.,Aplicación móvil,,Tecnología,Tablet 10 pulgadas,1,899900.00,0.00,899900.00,0.00,899900.00,PSE,5.0
2912,PED002912,2026-05-30 13:45:52,CLI01874,Cali,Aplicación móvil,,Electrodomésticos,Cafetera eléctrica,1,189900.00,5.00,189900.00,9495.00,180405.00,PSE,
2913,PED002913,2026-05-21 11:43:57,CLI00908,Cali,Aplicación móvil,,Oficina,Silla ergonómica,2,734900.00,0.00,1469800.00,0.00,1469800.00,Billetera digital,5.0
2914,PED002914,2026-03-04 14:24:09,CLI01524,Bogotá D.C.,Página web,,Hogar,Ventilador de torre,2,367400.00,10.00,734800.00,73480.00,661320.00,Tarjeta crédito,1.0
2915,PED002915,2026-02-21 01:46:17,CLI02066,Bucaramanga,Página web,,Oficina,Silla ergonómica,2,712400.00,10.00,1424800.00,142480.00,1282320.00,Tarjeta crédito,
2916,PED002916,2026-02-21 17:55:51,CLI01076,Cali,Página web,,Tecnología,Audífonos Bluetooth,1,142400.00,0.00,142400.00,0.00,142400.00,PSE,
2917,PED002917,2026-03-17 19:47:14,CLI02688,Medellín,Tienda física,MDE-01,Electrodomésticos,Cafetera eléctrica,2,189900.00,0.00,379800.00,0.00,379800.00,Tarjeta crédito,4.0
2918,PED002918,2026-06-07 12:17:35,CLI02605,Medellín,Aplicación móvil,,Deportes,Balón fútbol,1,119900.00,20.00,119900.00,23980.00,95920.00,Tarjeta crédito,
2919,PED002919,2026-01-09 03:43:49,CLI02028,Barranquilla,Aplicación móvil,,Deportes,Banda caminadora,3,2309900.00,0.00,6929700.00,0.00,6929700.00,Billetera digital,4.0
2920,PED002920,2026-06-22 15:09:33,CLI02430,Bogotá D.C.,Página web,,Hogar,Ventilador de torre,1,356900.00,10.00,356900.00,35690.00,321210.00,Transferencia,
2921,PED002921,2026-01-15 22:56:50,CLI00829,Cali,Aplicación móvil,,Deportes,Bicicleta estática,4,1499900.00,10.00,5999600.00,599960.00,5399640.00,Tarjeta crédito,5.0
2922,PED002922,2026-03-09 03:19:45,CLI02284,Bucaramanga,Aplicación móvil,,Tecnología,Tablet 10 pulgadas,1,854900.00,10.00,854900.00,85490.00,769410.00,PSE,
2923,PED002923,2026-05-18 10:36:39,CLI02289,Medellín,Tienda física,MDE-02,Tecnología,Teclado mecánico,2,229900.00,10.00,459800.00,45980.00,413820.00,Tarjeta débito,5.0
2924,PED002924,2026-03-08 02:01:26,CLI00503,Bogotá D.C.,Tienda física,BOG-01,Deportes,Balón fútbol,2,113900.00,5.00,227800.00,11390.00,216410.00,PSE,
2925,PED002925,2026-04-17 21:58:59,CLI01074,Medellín,Aplicación móvil,,Hogar,Purificador de aire,1,759900.00,5.00,759900.00,37995.00,721905.00,Tarjeta crédito,
2926,PED002926,2026-06-10 00:17:51,CLI01028,Pereira,Aplicación móvil,,Electrodomésticos,Cafetera eléctrica,1,189900.00,0.00,189900.00,0.00,189900.00,Billetera digital,5.0
2927,PED002927,2026-05-18 08:12:27,CLI01921,Medellín,Página web,,Tecnología,Mouse inalámbrico,4,89900.00,0.00,359600.00,0.00,359600.00,Tarjeta crédito,4.0
2928,PED002928,2026-02-10 16:30:05,CLI01373,Bogotá D.C.,Aplicación móvil,,Deportes,Bicicleta estática,1,1529900.00,5.00,1529900.00,76495.00,1453405.00,Tarjeta crédito,4.0
2929,PED002929,2026-06-23 17:48:26,CLI00968,Cali,Tienda física,CLO-02,Deportes,Banda caminadora,1,2199900.00,0.00,2199900.00,0.00,2199900.00,PSE,
2930,PED002930,2026-06-10 03:20:08,CLI02574,Bucaramanga,Tienda física,BGA-01,Hogar,Aspiradora vertical,3,509900.00,0.00,1529700.00,0.00,1529700.00,Tarjeta débito,5.0
2931,PED002931,2026-06-20 16:05:39,CLI01974,Bucaramanga,Aplicación móvil,,Tecnología,Tablet 10 pulgadas,2,899900.00,10.00,1799800.00,179980.00,1619820.00,Tarjeta crédito,5.0
2932,PED002932,2026-04-28 09:04:09,CLI01065,Bogotá D.C.,Tienda física,BOG-03,Hogar,Purificador de aire,1,799900.00,0.00,799900.00,0.00,799900.00,Tarjeta débito,
2933,PED002933,2026-06-20 02:27:18,CLI00450,Bogotá D.C.,Aplicación móvil,,Deportes,Balón fútbol,1,122300.00,0.00,122300.00,0.00,122300.00,Tarjeta débito,5.0
2934,PED002934,2026-05-27 17:32:56,CLI02632,Pereira,Página web,,Tecnología,Smartwatch,1,329900.00,10.00,329900.00,32990.00,296910.00,PSE,3.0
2935,PED002935,2026-04-19 00:56:23,CLI00111,Medellín,Aplicación móvil,,Tecnología,Mouse inalámbrico,2,94400.00,20.00,188800.00,37760.00,151040.00,Tarjeta crédito,
2936,PED002936,2026-03-27 07:52:02,CLI00702,Pereira,Tienda física,PEI-01,Hogar,Purificador de aire,1,799900.00,15.00,799900.00,119985.00,679915.00,Tarjeta débito,
2937,PED002937,2026-06-16 09:52:18,CLI02407,Bogotá D.C.,Tienda física,BOG-03,Tecnología,Teclado mecánico,1,225300.00,0.00,225300.00,0.00,225300.00,PSE,5.0
2938,PED002938,2026-02-13 21:08:04,CLI02654,Cali,Aplicación móvil,,Hogar,Lámpara de mesa,3,136400.00,5.00,409200.00,20460.00,388740.00,Tarjeta crédito,
2939,PED002939,2026-03-22 22:25:15,CLI01348,Barranquilla,Tienda física,BAQ-01,Hogar,Lámpara de mesa,1,136400.00,15.00,136400.00,20460.00,115940.00,Tarjeta crédito,4.0
2940,PED002940,2026-01-13 13:02:11,CLI02081,Bogotá D.C.,Aplicación móvil,,Hogar,Aspiradora vertical,1,499900.00,0.00,499900.00,0.00,499900.00,PSE,5.0
2941,PED002941,2026-04-12 04:37:16,CLI01314,Bogotá D.C.,Página web,,Deportes,Banda caminadora,2,2155900.00,5.00,4311800.00,215590.00,4096210.00,Tarjeta débito,
2942,PED002942,2026-05-05 12:11:52,CLI01392,Bogotá D.C.,Página web,,Oficina,Silla ergonómica,1,749900.00,15.00,749900.00,112485.00,637415.00,Tarjeta débito,
2943,PED002943,2026-06-22 00:36:55,CLI01585,Bogotá D.C.,Página web,,Electrodomésticos,Arrocera,1,161400.00,0.00,161400.00,0.00,161400.00,PSE,1.0
2944,PED002944,2026-01-25 09:20:10,CLI00034,Cali,Aplicación móvil,,Tecnología,Teclado mecánico,1,218400.00,5.00,218400.00,10920.00,207480.00,Tarjeta crédito,
2945,PED002945,2026-03-11 09:20:49,CLI02288,Bogotá D.C.,Tienda física,BOG-03,Tecnología,Smartwatch,3,329900.00,0.00,989700.00,0.00,989700.00,Tarjeta débito,
2946,PED002946,2026-04-26 08:42:14,CLI02576,Bogotá D.C.,Página web,,Hogar,Juego de ollas,2,289900.00,15.00,579800.00,86970.00,492830.00,PSE,
2947,PED002947,2026-04-04 08:55:36,CLI02552,Bogotá D.C.,Aplicación móvil,,Tecnología,Audífonos Bluetooth,2,142400.00,10.00,284800.00,28480.00,256320.00,Tarjeta crédito,5.0
2948,PED002948,2026-06-11 11:29:40,CLI00609,Pereira,Página web,,Oficina,Impresora multifuncional,1,807400.00,10.00,807400.00,80740.00,726660.00,PSE,5.0
2949,PED002949,2026-06-05 21:28:25,CLI00020,Medellín,Aplicación móvil,,Oficina,Escritorio ajustable,1,1199900.00,10.00,1199900.00,119990.00,1079910.00,Tarjeta crédito,5.0
2950,PED002950,2026-01-26 20:18:34,CLI02483,Pereira,Página web,,Hogar,Aspiradora vertical,2,499900.00,15.00,999800.00,149970.00,849830.00,PSE,3.0
2951,PED002951,2026-04-21 09:43:25,CLI01920,Bogotá D.C.,Aplicación móvil,,Electrodomésticos,Sanduchera,1,129900.00,15.00,129900.00,19485.00,110415.00,Tarjeta crédito,
2952,PED002952,2026-01-11 21:41:33,CLI00911,Bucaramanga,Página web,,Hogar,Organizador modular,1,117500.00,0.00,117500.00,0.00,117500.00,Tarjeta crédito,
2953,PED002953,2026-05-16 16:00:33,CLI00820,Bogotá D.C.,Tienda física,BOG-01,Deportes,Kit bandas elásticas,1,79900.00,10.00,79900.00,7990.00,71910.00,Efectivo,
2954,PED002954,2026-01-05 18:10:29,CLI00863,Cali,Página web,,Electrodomésticos,Arrocera,2,169900.00,0.00,339800.00,0.00,339800.00,Tarjeta débito,
2955,PED002955,2026-04-28 10:59:37,CLI00381,Medellín,Tienda física,MDE-01,Tecnología,Mouse inalámbrico,1,89900.00,0.00,89900.00,0.00,89900.00,Tarjeta crédito,
2956,PED002956,2026-05-23 19:19:25,CLI00840,Bogotá D.C.,Página web,,Electrodomésticos,Arrocera,3,178400.00,0.00,535200.00,0.00,535200.00,PSE,5.0
2957,PED002957,2026-03-02 22:20:09,CLI01489,Bogotá D.C.,Aplicación móvil,,Electrodomésticos,Freidora de aire,1,449900.00,0.00,449900.00,0.00,449900.00,Billetera digital,
2958,PED002958,2026-06-04 03:44:00,CLI01390,Pereira,Tienda física,PEI-01,Oficina,Base para portátil,2,109900.00,15.00,219800.00,32970.00,186830.00,Tarjeta crédito,4.0
2959,PED002959,2026-02-20 13:41:44,CLI02074,Bogotá D.C.,Aplicación móvil,,Deportes,Mancuernas ajustables,1,379900.00,5.00,379900.00,18995.00,360905.00,PSE,
2960,PED002960,2026-02-21 14:08:39,CLI01065,Medellín,Aplicación móvil,,Hogar,Lámpara de mesa,1,129900.00,0.00,129900.00,0.00,129900.00,Tarjeta crédito,
2961,PED002961,2026-01-29 01:48:31,CLI01043,Cali,Aplicación móvil,,Electrodomésticos,Sanduchera,2,129900.00,0.00,259800.00,0.00,259800.00,Tarjeta débito,
2962,PED002962,2026-06-14 09:09:47,CLI01282,Medellín,Tienda física,MDE-02,Tecnología,Tablet 10 pulgadas,1,854900.00,10.00,854900.00,85490.00,769410.00,Tarjeta crédito,4.0
2963,PED002963,2026-04-03 17:38:32,CLI02522,Cali,Tienda física,CLO-02,Oficina,Archivador metálico,4,459900.00,0.00,1839600.00,0.00,1839600.00,Tarjeta débito,5.0
2964,PED002964,2026-01-31 05:13:45,CLI00262,Medellín,Tienda física,MDE-01,Electrodomésticos,Freidora de aire,1,458900.00,10.00,458900.00,45890.00,413010.00,Tarjeta débito,5.0
2965,PED002965,2026-01-12 14:31:08,CLI02332,Cali,Tienda física,CLO-01,Tecnología,Audífonos Bluetooth,3,149900.00,0.00,449700.00,0.00,449700.00,Tarjeta débito,4.0
2966,PED002966,2026-01-05 08:31:13,CLI01357,Pereira,Aplicación móvil,,Hogar,Purificador de aire,1,783900.00,5.00,783900.00,39195.00,744705.00,PSE,4.0
2967,PED002967,2026-01-24 02:54:47,CLI02594,Medellín,Tienda física,MDE-02,Electrodomésticos,Sanduchera,1,132500.00,20.00,132500.00,26500.00,106000.00,Efectivo,5.0
2968,PED002968,2026-01-19 22:47:32,CLI00831,Bogotá D.C.,Tienda física,BOG-02,Tecnología,Teclado mecánico,1,229900.00,0.00,229900.00,0.00,229900.00,Tarjeta crédito,5.0
2969,PED002969,2026-06-03 09:37:28,CLI01454,Bogotá D.C.,Página web,,Electrodomésticos,Arrocera,1,178400.00,0.00,178400.00,0.00,178400.00,PSE,1.0
2970,PED002970,2026-01-06 13:57:56,CLI02345,Medellín,Aplicación móvil,,Deportes,Balón fútbol,3,117500.00,0.00,352500.00,0.00,352500.00,Tarjeta débito,
2971,PED002971,2026-04-06 04:21:42,CLI00254,Pereira,Tienda física,PEI-01,Hogar,Juego de ollas,2,289900.00,0.00,579800.00,0.00,579800.00,Tarjeta crédito,3.0
2972,PED002972,2026-06-26 08:20:19,CLI02548,Bucaramanga,Página web,,Hogar,Ventilador de torre,1,342900.00,15.00,342900.00,51435.00,291465.00,Tarjeta crédito,4.0
2973,PED002973,2026-05-06 06:42:14,CLI01655,Bogotá D.C.,Página web,,Electrodomésticos,Cafetera eléctrica,2,189900.00,5.00,379800.00,18990.00,360810.00,PSE,1.0
2974,PED002974,2026-02-18 04:54:35,CLI02135,Bucaramanga,Aplicación móvil,,Electrodomésticos,Licuadora,1,239900.00,0.00,239900.00,0.00,239900.00,PSE,
2975,PED002975,2026-04-12 18:51:54,CLI02692,Cali,Página web,,Deportes,Kit bandas elásticas,1,83900.00,0.00,83900.00,0.00,83900.00,Tarjeta débito,5.0
2976,PED002976,2026-06-04 14:01:31,CLI00549,Bogotá D.C.,Aplicación móvil,,Tecnología,Smartwatch,1,336500.00,0.00,336500.00,0.00,336500.00,Tarjeta crédito,3.0
2977,PED002977,2026-02-14 06:03:24,CLI01506,Barranquilla,Aplicación móvil,,Electrodomésticos,Horno microondas,2,579900.00,15.00,1159800.00,173970.00,985830.00,Tarjeta débito,
2978,PED002978,2026-01-04 20:53:32,CLI01771,Bogotá D.C.,Página web,,Deportes,Mancuernas ajustables,3,419900.00,10.00,1259700.00,125970.00,1133730.00,Tarjeta crédito,5.0
2979,PED002979,2026-05-20 16:08:02,CLI00348,Pereira,Tienda física,PEI-01,Deportes,Bicicleta estática,1,1529900.00,0.00,1529900.00,0.00,1529900.00,Efectivo,5.0
2980,PED002980,2026-03-06 11:47:46,CLI00770,Bogotá D.C.,Tienda física,BOG-03,Tecnología,Smartwatch,2,329900.00,15.00,659800.00,98970.00,560830.00,Tarjeta débito,5.0
2981,PED002981,2026-04-04 11:23:03,CLI02099,Bogotá D.C.,Aplicación móvil,,Oficina,Impresora multifuncional,1,849900.00,0.00,849900.00,0.00,849900.00,Tarjeta débito,5.0
2982,PED002982,2026-04-25 23:09:03,CLI01499,Bogotá D.C.,Página web,,Deportes,Bicicleta estática,1,1424900.00,15.00,1424900.00,213735.00,1211165.00,Tarjeta crédito,2.0
2983,PED002983,2026-01-22 09:31:47,CLI00131,Bogotá D.C.,Aplicación móvil,,Tecnología,Teclado mecánico,1,234500.00,0.00,234500.00,0.00,234500.00,PSE,
2984,PED002984,2026-04-18 10:03:01,CLI00192,Bogotá D.C.,Tienda física,BOG-02,Electrodomésticos,Freidora de aire,1,427400.00,10.00,427400.00,42740.00,384660.00,Efectivo,5.0
2985,PED002985,2026-01-01 12:41:02,CLI00692,Cali,Aplicación móvil,,Deportes,Colchoneta yoga,1,85400.00,0.00,85400.00,0.00,85400.00,Tarjeta débito,4.0
2986,PED002986,2026-06-08 11:20:16,CLI00990,Cali,Página web,,Oficina,Impresora multifuncional,1,807400.00,0.00,807400.00,0.00,807400.00,Tarjeta crédito,4.0
2987,PED002987,2026-02-05 06:57:00,CLI01591,Medellín,Tienda física,MDE-01,Deportes,Mancuernas ajustables,1,407900.00,0.00,407900.00,0.00,407900.00,PSE,5.0
2988,PED002988,2026-02-01 20:58:46,CLI01674,Medellín,Aplicación móvil,,Deportes,Bicicleta estática,4,1574900.00,10.00,6299600.00,629960.00,5669640.00,PSE,
2989,PED002989,2026-02-03 01:08:46,CLI00175,Bucaramanga,Aplicación móvil,,Oficina,Webcam Full HD,1,199900.00,20.00,199900.00,39980.00,159920.00,Tarjeta débito,5.0
2990,PED002990,2026-02-22 11:17:36,CLI02598,Cali,Página web,,Hogar,Aspiradora vertical,3,474900.00,0.00,1424700.00,0.00,1424700.00,PSE,3.0
2991,PED002991,2026-02-08 12:01:03,CLI01140,Bogotá D.C.,Página web,,Electrodomésticos,Freidora de aire,1,449900.00,0.00,449900.00,0.00,449900.00,Transferencia,1.0
2992,PED002992,2026-02-24 18:43:39,CLI02661,Bucaramanga,Aplicación móvil,,Hogar,Aspiradora vertical,1,489900.00,0.00,489900.00,0.00,489900.00,Tarjeta débito,
2993,PED002993,2026-05-02 08:40:43,CLI00382,Medellín,Tienda física,MDE-01,Hogar,Ventilador de torre,1,349900.00,5.00,349900.00,17495.00,332405.00,Efectivo,
2994,PED002994,2026-01-30 19:30:35,CLI01332,Medellín,Aplicación móvil,,Oficina,Impresora multifuncional,1,866900.00,0.00,866900.00,0.00,866900.00,Tarjeta crédito,
2995,PED002995,2026-02-11 07:21:20,CLI01459,Cali,Aplicación móvil,,Tecnología,Mouse inalámbrico,2,89900.00,5.00,179800.00,8990.00,170810.00,Tarjeta débito,
2996,PED002996,2026-05-20 16:07:17,CLI01199,Cali,Aplicación móvil,,Electrodomésticos,Cafetera eléctrica,1,189900.00,0.00,189900.00,0.00,189900.00,PSE,
2997,PED002997,2026-02-17 01:11:30,CLI02213,Medellín,Aplicación móvil,,Electrodomésticos,Horno microondas,1,579900.00,10.00,579900.00,57990.00,521910.00,Tarjeta débito,
2998,PED002998,2026-06-25 04:31:35,CLI01876,Medellín,Aplicación móvil,,Hogar,Lámpara de mesa,1,129900.00,0.00,129900.00,0.00,129900.00,Billetera digital,2.0
2999,PED002999,2026-03-30 00:26:38,CLI02067,Barranquilla,Aplicación móvil,,Tecnología,Teclado mecánico,1,218400.00,0.00,218400.00,0.00,218400.00,Billetera digital,
3000,PED003000,2026-01-10 21:09:39,CLI01772,Cali,Aplicación móvil,,Hogar,Organizador modular,1,113900.00,0.00,113900.00,0.00,113900.00,PSE,
3001,PED003001,2026-06-09 23:41:32,CLI00241,Bucaramanga,Página web,,Tecnología,Mouse inalámbrico,1,85400.00,15.00,85400.00,12810.00,72590.00,PSE,
3002,PED003002,2026-01-29 04:27:24,CLI02173,Bogotá D.C.,Aplicación móvil,,Tecnología,Monitor 24 pulgadas,2,699900.00,10.00,1399800.00,139980.00,1259820.00,Tarjeta crédito,5.0
3003,PED003003,2026-05-12 06:59:45,CLI02580,Bucaramanga,Aplicación móvil,,Electrodomésticos,Horno microondas,1,579900.00,0.00,579900.00,0.00,579900.00,Billetera digital,4.0
3004,PED003004,2026-01-21 06:32:25,CLI02347,Bucaramanga,Página web,,Hogar,Purificador de aire,2,759900.00,0.00,1519800.00,0.00,1519800.00,PSE,
3005,PED003005,2026-01-10 10:52:55,CLI00116,Bucaramanga,Tienda física,BGA-01,Tecnología,Audífonos Bluetooth,3,157400.00,0.00,472200.00,0.00,472200.00,Tarjeta crédito,3.0
3006,PED003006,2026-02-06 06:47:06,CLI01962,Bogotá D.C.,Página web,,Electrodomésticos,Arrocera,2,178400.00,5.00,356800.00,17840.00,338960.00,Transferencia,4.0
3007,PED003007,2026-02-10 09:13:11,CLI01972,Medellín,Página web,,Hogar,Juego de ollas,1,284100.00,0.00,284100.00,0.00,284100.00,PSE,
3008,PED003008,2026-04-19 02:53:58,CLI00738,Cali,Página web,,Tecnología,Audífonos Bluetooth,1,146900.00,10.00,146900.00,14690.00,132210.00,Tarjeta crédito,5.0
3009,PED003009,2026-03-23 20:30:05,CLI01017,Bucaramanga,Página web,,Hogar,Ventilador de torre,1,367400.00,10.00,367400.00,36740.00,330660.00,PSE,
3010,PED003010,2026-06-09 15:32:48,CLI01378,Bogotá D.C.,Página web,,Deportes,Balón fútbol,1,122300.00,0.00,122300.00,0.00,122300.00,PSE,
3011,PED003011,2026-05-01 21:27:57,CLI01157,Bogotá D.C.,Tienda física,BOG-02,Oficina,Base para portátil,1,104400.00,20.00,104400.00,20880.00,83520.00,PSE,
3012,PED003012,2026-01-07 12:50:28,CLI01306,Bucaramanga,Tienda física,BGA-01,Hogar,Organizador modular,1,113900.00,10.00,113900.00,11390.00,102510.00,Tarjeta débito,3.0
3013,PED003013,2026-06-11 02:25:59,CLI02008,Bogotá D.C.,Página web,,Tecnología,Monitor 24 pulgadas,1,699900.00,15.00,699900.00,104985.00,594915.00,Tarjeta crédito,4.0
3014,PED003014,2026-06-20 22:02:00,CLI02438,Barranquilla,Aplicación móvil,,Oficina,Escritorio ajustable,3,1199900.00,0.00,3599700.00,0.00,3599700.00,Billetera digital,5.0
3015,PED003015,2026-02-20 04:09:31,CLI00862,Pereira,Página web,,Deportes,Kit bandas elásticas,2,81500.00,5.00,163000.00,8150.00,154850.00,Tarjeta débito,
3016,PED003016,2026-02-19 03:28:46,CLI01746,Cali,Aplicación móvil,,Tecnología,Smartwatch,3,323300.00,15.00,969900.00,145485.00,824415.00,PSE,5.0
3017,PED003017,2026-06-04 15:01:40,CLI01501,Medellín,Aplicación móvil,,Deportes,Colchoneta yoga,1,89900.00,15.00,89900.00,13485.00,76415.00,PSE,
3018,PED003018,2026-04-03 21:24:33,CLI00072,Bogotá D.C.,Aplicación móvil,,Tecnología,Mouse inalámbrico,2,89900.00,0.00,179800.00,0.00,179800.00,PSE,4.0
3019,PED003019,2026-03-04 12:54:36,CLI02225,Cali,Página web,,Oficina,Escritorio ajustable,1,1259900.00,20.00,1259900.00,251980.00,1007920.00,Tarjeta crédito,
3020,PED003020,2026-03-27 02:07:01,CLI00315,Cali,Página web,,Deportes,Kit bandas elásticas,2,79900.00,0.00,159800.00,0.00,159800.00,PSE,5.0
3021,PED003021,2026-05-09 08:58:13,CLI00828,Barranquilla,Página web,,Tecnología,Audífonos Bluetooth,1,142400.00,5.00,142400.00,7120.00,135280.00,PSE,5.0
3022,PED003022,2026-06-07 04:21:53,CLI01984,Bogotá D.C.,Tienda física,BOG-01,Tecnología,Teclado mecánico,1,229900.00,5.00,229900.00,11495.00,218405.00,Efectivo,5.0
3023,PED003023,2026-05-09 10:21:02,CLI00073,Medellín,Tienda física,MDE-01,Oficina,Silla ergonómica,2,749900.00,0.00,1499800.00,0.00,1499800.00,PSE,5.0
3024,PED003024,2026-05-05 18:30:06,CLI00351,Bogotá D.C.,Tienda física,BOG-02,Tecnología,Monitor 24 pulgadas,1,713900.00,15.00,713900.00,107085.00,606815.00,Efectivo,3.0
3025,PED003025,2026-06-30 16:23:01,CLI01026,Medellín,Tienda física,MDE-01,Tecnología,Audífonos Bluetooth,1,146900.00,5.00,146900.00,7345.00,139555.00,Efectivo,4.0
3026,PED003026,2026-03-28 17:29:24,CLI01368,Pereira,Aplicación móvil,,Deportes,Bicicleta estática,1,1424900.00,0.00,1424900.00,0.00,1424900.00,PSE,
3027,PED003027,2026-01-07 08:28:06,CLI00582,Cali,Aplicación móvil,,Tecnología,Mouse inalámbrico,1,89900.00,10.00,89900.00,8990.00,80910.00,Tarjeta crédito,5.0
3028,PED003028,2026-04-13 23:40:07,CLI00621,Bogotá D.C.,Aplicación móvil,,Electrodomésticos,Cafetera eléctrica,1,189900.00,0.00,189900.00,0.00,189900.00,Tarjeta crédito,4.0
3029,PED003029,2026-03-12 01:31:02,CLI01011,Bogotá D.C.,Tienda física,BOG-01,Hogar,Purificador de aire,1,799900.00,10.00,799900.00,79990.00,719910.00,PSE,4.0
3030,PED003030,2026-01-16 17:05:18,CLI02390,Bogotá D.C.,Tienda física,BOG-01,Deportes,Banda caminadora,1,2089900.00,0.00,2089900.00,0.00,2089900.00,Efectivo,4.0
3031,PED003031,2026-01-15 12:04:57,CLI00203,Medellín,Página web,,Oficina,Impresora multifuncional,1,832900.00,5.00,832900.00,41645.00,791255.00,PSE,
3032,PED003032,2026-03-12 22:47:21,CLI01525,Bogotá D.C.,Aplicación móvil,,Tecnología,Tablet 10 pulgadas,1,899900.00,0.00,899900.00,0.00,899900.00,Tarjeta crédito,1.0
3033,PED003033,2026-06-10 23:20:52,CLI02525,Medellín,Aplicación móvil,,Electrodomésticos,Cafetera eléctrica,1,193700.00,0.00,193700.00,0.00,193700.00,Tarjeta crédito,
3034,PED003034,2026-04-07 05:07:22,CLI02683,Cali,Tienda física,CLO-02,Hogar,Organizador modular,1,119900.00,0.00,119900.00,0.00,119900.00,Tarjeta crédito,
3035,PED003035,2026-05-12 05:54:04,CLI02098,Bogotá D.C.,Tienda física,BOG-02,Hogar,Aspiradora vertical,1,509900.00,0.00,509900.00,0.00,509900.00,Tarjeta débito,
3036,PED003036,2026-03-24 17:24:31,CLI00719,Bogotá D.C.,Aplicación móvil,,Tecnología,Smartwatch,4,329900.00,0.00,1319600.00,0.00,1319600.00,Tarjeta débito,5.0
3037,PED003037,2026-06-30 12:07:56,CLI02219,Pereira,Aplicación móvil,,Tecnología,Monitor 24 pulgadas,2,734900.00,10.00,1469800.00,146980.00,1322820.00,PSE,4.0
3038,PED003038,2026-04-21 23:52:11,CLI02590,Medellín,Página web,,Electrodomésticos,Arrocera,1,178400.00,20.00,178400.00,35680.00,142720.00,Tarjeta crédito,4.0
3039,PED003039,2026-05-25 10:29:32,CLI00987,Bucaramanga,Aplicación móvil,,Deportes,Balón fútbol,1,119900.00,5.00,119900.00,5995.00,113905.00,Tarjeta crédito,5.0
3040,PED003040,2026-03-01 11:14:11,CLI00220,Bogotá D.C.,Aplicación móvil,,Deportes,Balón fútbol,1,119900.00,5.00,119900.00,5995.00,113905.00,Tarjeta crédito,3.0
3041,PED003041,2026-06-25 23:05:37,CLI02657,Pereira,Tienda física,PEI-01,Oficina,Silla ergonómica,4,749900.00,0.00,2999600.00,0.00,2999600.00,Tarjeta crédito,
3042,PED003042,2026-03-04 14:04:24,CLI02578,Bucaramanga,Tienda física,BGA-01,Hogar,Purificador de aire,1,815900.00,0.00,815900.00,0.00,815900.00,Tarjeta débito,
3043,PED003043,2026-06-10 01:33:18,CLI02149,Bogotá D.C.,Página web,,Deportes,Kit bandas elásticas,1,81500.00,10.00,81500.00,8150.00,73350.00,Transferencia,
3044,PED003044,2026-05-29 00:10:25,CLI00289,Pereira,Aplicación móvil,,Tecnología,Monitor 24 pulgadas,1,734900.00,10.00,734900.00,73490.00,661410.00,Tarjeta débito,5.0
3045,PED003045,2026-01-19 14:27:30,CLI02010,Cali,Aplicación móvil,,Hogar,Juego de ollas,2,284100.00,0.00,568200.00,0.00,568200.00,Tarjeta débito,
3046,PED003046,2026-02-21 22:30:44,CLI00662,Bogotá D.C.,Página web,,Hogar,Purificador de aire,1,799900.00,0.00,799900.00,0.00,799900.00,Tarjeta crédito,
3047,PED003047,2026-06-18 13:30:34,CLI01460,Bogotá D.C.,Tienda física,BOG-02,Electrodomésticos,Freidora de aire,1,449900.00,10.00,449900.00,44990.00,404910.00,Tarjeta crédito,
3048,PED003048,2026-03-26 13:44:46,CLI01087,Medellín,Página web,,Electrodomésticos,Sanduchera,1,132500.00,15.00,132500.00,19875.00,112625.00,PSE,5.0
3049,PED003049,2026-06-24 11:45:17,CLI01655,Bogotá D.C.,Página web,,Electrodomésticos,Arrocera,1,169900.00,0.00,169900.00,0.00,169900.00,Transferencia,
3050,PED003050,2026-05-31 01:41:29,CLI00817,Barranquilla,Página web,,Deportes,Bicicleta estática,2,1529900.00,5.00,3059800.00,152990.00,2906810.00,Tarjeta crédito,4.0
3051,PED003051,2026-06-04 13:16:42,CLI00928,Bucaramanga,Tienda física,BGA-01,Tecnología,Smartwatch,1,323300.00,5.00,323300.00,16165.00,307135.00,Tarjeta débito,5.0
3052,PED003052,2026-03-20 01:49:41,CLI01940,Bucaramanga,Tienda física,BGA-01,Oficina,Impresora multifuncional,1,832900.00,5.00,832900.00,41645.00,791255.00,Tarjeta crédito,4.0
3053,PED003053,2026-04-21 16:04:35,CLI01569,Bogotá D.C.,Página web,,Electrodomésticos,Cafetera eléctrica,1,189900.00,0.00,189900.00,0.00,189900.00,PSE,4.0
3054,PED003054,2026-05-30 01:25:14,CLI01118,Bogotá D.C.,Aplicación móvil,,Electrodomésticos,Freidora de aire,1,458900.00,15.00,458900.00,68835.00,390065.00,PSE,
3055,PED003055,2026-01-26 07:10:32,CLI02146,Cali,Página web,,Tecnología,Monitor 24 pulgadas,1,699900.00,0.00,699900.00,0.00,699900.00,Tarjeta crédito,
3056,PED003056,2026-05-12 07:11:32,CLI01206,Cali,Tienda física,CLO-01,Hogar,Ventilador de torre,1,349900.00,0.00,349900.00,0.00,349900.00,Efectivo,5.0
3057,PED003057,2026-03-15 13:20:08,CLI00720,Medellín,Página web,,Oficina,Webcam Full HD,3,209900.00,10.00,629700.00,62970.00,566730.00,Transferencia,3.0
3058,PED003058,2026-01-29 14:41:55,CLI00779,Cali,Página web,,Electrodomésticos,Licuadora,1,239900.00,5.00,239900.00,11995.00,227905.00,Tarjeta crédito,4.0
3059,PED003059,2026-02-05 18:21:42,CLI00218,Cali,Página web,,Deportes,Kit bandas elásticas,2,81500.00,10.00,163000.00,16300.00,146700.00,Tarjeta crédito,4.0
3060,PED003060,2026-02-11 20:12:52,CLI00993,Bogotá D.C.,Página web,,Hogar,Aspiradora vertical,1,489900.00,10.00,489900.00,48990.00,440910.00,Tarjeta débito,4.0
3061,PED003061,2026-05-23 10:52:38,CLI01876,Bucaramanga,Tienda física,BGA-01,Oficina,Impresora multifuncional,1,807400.00,10.00,807400.00,80740.00,726660.00,Efectivo,5.0
3062,PED003062,2026-06-01 09:27:00,CLI01484,Bogotá D.C.,Aplicación móvil,,Hogar,Aspiradora vertical,1,499900.00,10.00,499900.00,49990.00,449910.00,PSE,
3063,PED003063,2026-05-19 08:04:07,CLI01058,Barranquilla,Aplicación móvil,,Deportes,Mancuernas ajustables,1,379900.00,10.00,379900.00,37990.00,341910.00,Tarjeta crédito,4.0
3064,PED003064,2026-01-28 08:37:54,CLI02114,Barranquilla,Tienda física,BAQ-01,Oficina,Base para portátil,1,109900.00,20.00,109900.00,21980.00,87920.00,Efectivo,
3065,PED003065,2026-04-08 17:36:31,CLI02584,Bogotá D.C.,Tienda física,BOG-02,Oficina,Archivador metálico,2,459900.00,0.00,919800.00,0.00,919800.00,Tarjeta débito,5.0
3066,PED003066,2026-02-15 11:01:54,CLI01594,Bogotá D.C.,Aplicación móvil,,Hogar,Organizador modular,1,122300.00,0.00,122300.00,0.00,122300.00,Tarjeta crédito,
3067,PED003067,2026-05-18 18:42:23,CLI01775,Bogotá D.C.,Aplicación móvil,,Deportes,Balón fútbol,4,119900.00,15.00,479600.00,71940.00,407660.00,Tarjeta crédito,3.0
3068,PED003068,2026-02-12 18:31:32,CLI01196,Bogotá D.C.,Aplicación móvil,,Deportes,Colchoneta yoga,2,88100.00,0.00,176200.00,0.00,176200.00,Tarjeta crédito,5.0
3069,PED003069,2026-01-17 02:01:04,CLI00141,Barranquilla,Aplicación móvil,,Electrodomésticos,Cafetera eléctrica,1,193700.00,15.00,193700.00,29055.00,164645.00,Tarjeta crédito,5.0
3070,PED003070,2026-03-27 17:26:27,CLI02656,Barranquilla,Tienda física,BAQ-01,Tecnología,Tablet 10 pulgadas,1,899900.00,15.00,899900.00,134985.00,764915.00,Tarjeta crédito,5.0
3071,PED003071,2026-03-06 11:34:10,CLI02636,Cali,Tienda física,CLO-02,Hogar,Lámpara de mesa,2,129900.00,20.00,259800.00,51960.00,207840.00,Efectivo,
3072,PED003072,2026-03-27 11:04:20,CLI00998,Bogotá D.C.,Tienda física,BOG-03,Tecnología,Teclado mecánico,3,229900.00,0.00,689700.00,0.00,689700.00,Tarjeta crédito,5.0
3073,PED003073,2026-06-05 19:19:20,CLI02660,Cali,Página web,,Deportes,Balón fútbol,2,122300.00,10.00,244600.00,24460.00,220140.00,Tarjeta crédito,4.0
3074,PED003074,2026-04-20 20:25:19,CLI01603,Bogotá D.C.,Aplicación móvil,,Hogar,Lámpara de mesa,2,127300.00,5.00,254600.00,12730.00,241870.00,Tarjeta débito,5.0
3075,PED003075,2026-02-17 12:54:44,CLI01114,Medellín,Página web,,Deportes,Colchoneta yoga,1,91700.00,20.00,91700.00,18340.00,73360.00,Tarjeta débito,
3076,PED003076,2026-01-02 13:44:53,CLI01207,Pereira,Tienda física,PEI-01,Hogar,Juego de ollas,1,284100.00,0.00,284100.00,0.00,284100.00,Efectivo,4.0
3077,PED003077,2026-04-04 04:16:25,CLI02364,Bogotá D.C.,Aplicación móvil,,Hogar,Aspiradora vertical,1,499900.00,15.00,499900.00,74985.00,424915.00,Tarjeta débito,
3078,PED003078,2026-04-10 13:10:14,CLI00863,Bogotá D.C.,Aplicación móvil,,Deportes,Balón fútbol,1,119900.00,0.00,119900.00,0.00,119900.00,Tarjeta crédito,
3079,PED003079,2026-04-08 15:08:13,CLI02177,Medellín,Aplicación móvil,,Hogar,Purificador de aire,1,815900.00,10.00,815900.00,81590.00,734310.00,Tarjeta crédito,
3080,PED003080,2026-01-16 07:06:12,CLI00206,Barranquilla,Página web,,Deportes,Mancuernas ajustables,1,391900.00,5.00,391900.00,19595.00,372305.00,Tarjeta crédito,3.0
3081,PED003081,2026-06-14 17:50:33,CLI00963,Barranquilla,Tienda física,BAQ-01,Deportes,Colchoneta yoga,1,89900.00,5.00,89900.00,4495.00,85405.00,Tarjeta débito,5.0
3082,PED003082,2026-04-30 20:16:27,CLI02067,Bogotá D.C.,Aplicación móvil,,Deportes,Balón fútbol,1,119900.00,0.00,119900.00,0.00,119900.00,Billetera digital,
3083,PED003083,2026-02-09 04:27:02,CLI02269,Cali,Página web,,Tecnología,Monitor 24 pulgadas,2,713900.00,0.00,1427800.00,0.00,1427800.00,Tarjeta crédito,5.0
3084,PED003084,2026-03-06 04:19:52,CLI00840,Medellín,Aplicación móvil,,Deportes,Mancuernas ajustables,2,391900.00,0.00,783800.00,0.00,783800.00,PSE,4.0
3085,PED003085,2026-05-25 03:43:51,CLI00554,Bogotá D.C.,Página web,,Hogar,Lámpara de mesa,3,129900.00,0.00,389700.00,0.00,389700.00,Tarjeta débito,4.0
3086,PED003086,2026-02-20 10:10:33,CLI00655,Pereira,Tienda física,PEI-01,Tecnología,Audífonos Bluetooth,1,149900.00,10.00,149900.00,14990.00,134910.00,Tarjeta crédito,
3087,PED003087,2026-06-21 12:59:08,CLI00765,Medellín,Página web,,Tecnología,Mouse inalámbrico,1,89900.00,10.00,89900.00,8990.00,80910.00,Tarjeta crédito,
3088,PED003088,2026-05-29 14:43:05,CLI02395,Bogotá D.C.,Aplicación móvil,,Tecnología,Mouse inalámbrico,1,89900.00,5.00,89900.00,4495.00,85405.00,PSE,
3089,PED003089,2026-04-20 09:57:51,CLI02639,Medellín,Aplicación móvil,,Deportes,Banda caminadora,2,2309900.00,0.00,4619800.00,0.00,4619800.00,Billetera digital,
3090,PED003090,2026-03-03 04:08:35,CLI01166,Bogotá D.C.,Página web,,Electrodomésticos,Freidora de aire,2,427400.00,10.00,854800.00,85480.00,769320.00,Tarjeta crédito,5.0
3091,PED003091,2026-02-12 21:37:48,CLI01909,Cali,Tienda física,CLO-02,Tecnología,Monitor 24 pulgadas,1,685900.00,15.00,685900.00,102885.00,583015.00,Tarjeta débito,
3092,PED003092,2026-06-14 16:39:12,CLI01111,Medellín,Aplicación móvil,,Hogar,Aspiradora vertical,3,499900.00,10.00,1499700.00,149970.00,1349730.00,Tarjeta crédito,
3093,PED003093,2026-05-18 22:22:48,CLI01766,Bogotá D.C.,Tienda física,BOG-01,Tecnología,Tablet 10 pulgadas,1,899900.00,0.00,899900.00,0.00,899900.00,Tarjeta débito,4.0
3094,PED003094,2026-04-26 20:02:56,CLI02137,Cali,Aplicación móvil,,Tecnología,Mouse inalámbrico,1,94400.00,0.00,94400.00,0.00,94400.00,Tarjeta crédito,
3095,PED003095,2026-05-18 23:44:40,CLI00531,Medellín,Página web,,Deportes,Banda caminadora,1,2155900.00,10.00,2155900.00,215590.00,1940310.00,Tarjeta débito,
3096,PED003096,2026-03-16 14:46:05,CLI02620,Bogotá D.C.,Página web,,Electrodomésticos,Sanduchera,1,132500.00,0.00,132500.00,0.00,132500.00,Tarjeta crédito,5.0
3097,PED003097,2026-02-26 23:47:11,CLI00136,Bogotá D.C.,Página web,,Deportes,Mancuernas ajustables,2,391900.00,0.00,783800.00,0.00,783800.00,Tarjeta crédito,
3098,PED003098,2026-05-15 02:50:44,CLI02467,Bogotá D.C.,Página web,,Tecnología,Tablet 10 pulgadas,1,899900.00,0.00,899900.00,0.00,899900.00,Tarjeta débito,
3099,PED003099,2026-01-20 12:58:30,CLI02247,Cali,Tienda física,CLO-01,Deportes,Banda caminadora,1,2155900.00,0.00,2155900.00,0.00,2155900.00,Efectivo,
3100,PED003100,2026-04-20 03:50:20,CLI01156,Cali,Tienda física,CLO-01,Oficina,Archivador metálico,1,436900.00,0.00,436900.00,0.00,436900.00,Tarjeta débito,5.0
3101,PED003101,2026-05-23 06:39:21,CLI02663,Medellín,Aplicación móvil,,Tecnología,Smartwatch,1,329900.00,0.00,329900.00,0.00,329900.00,Tarjeta débito,
3102,PED003102,2026-06-25 23:01:07,CLI01261,Bogotá D.C.,Aplicación móvil,,Tecnología,Audífonos Bluetooth,2,149900.00,0.00,299800.00,0.00,299800.00,Tarjeta crédito,
3103,PED003103,2026-06-25 15:18:28,CLI01794,Barranquilla,Aplicación móvil,,Oficina,Impresora multifuncional,2,849900.00,0.00,1699800.00,0.00,1699800.00,PSE,4.0
3104,PED003104,2026-04-20 18:12:39,CLI00256,Bogotá D.C.,Aplicación móvil,,Deportes,Mancuernas ajustables,1,419900.00,10.00,419900.00,41990.00,377910.00,Tarjeta débito,4.0
3105,PED003105,2026-06-28 08:06:54,CLI01880,Pereira,Página web,,Tecnología,Mouse inalámbrico,1,88100.00,20.00,88100.00,17620.00,70480.00,PSE,4.0
3106,PED003106,2026-04-23 17:05:37,CLI00097,Bogotá D.C.,Página web,,Deportes,Bicicleta estática,1,1499900.00,0.00,1499900.00,0.00,1499900.00,PSE,
3107,PED003107,2026-03-22 23:28:08,CLI02388,Bucaramanga,Tienda física,BGA-01,Electrodomésticos,Sanduchera,1,123400.00,0.00,123400.00,0.00,123400.00,Efectivo,4.0
3108,PED003108,2026-01-19 19:17:40,CLI02336,Pereira,Tienda física,PEI-01,Electrodomésticos,Horno microondas,1,550900.00,0.00,550900.00,0.00,550900.00,Tarjeta débito,5.0
3109,PED003109,2026-02-06 03:49:13,CLI02511,Bogotá D.C.,Aplicación móvil,,Electrodomésticos,Sanduchera,1,136400.00,10.00,136400.00,13640.00,122760.00,Tarjeta crédito,5.0
3110,PED003110,2026-01-07 21:37:15,CLI02131,Barranquilla,Tienda física,BAQ-01,Electrodomésticos,Freidora de aire,2,427400.00,0.00,854800.00,0.00,854800.00,Tarjeta crédito,
3111,PED003111,2026-01-21 08:00:12,CLI00453,Bogotá D.C.,Aplicación móvil,,Deportes,Bicicleta estática,1,1499900.00,0.00,1499900.00,0.00,1499900.00,Tarjeta crédito,5.0
3112,PED003112,2026-05-25 16:25:35,CLI02602,Cali,Página web,,Oficina,Archivador metálico,1,459900.00,5.00,459900.00,22995.00,436905.00,Tarjeta crédito,
3113,PED003113,2026-06-15 23:29:38,CLI00663,Bogotá D.C.,Página web,,Oficina,Escritorio ajustable,1,1223900.00,10.00,1223900.00,122390.00,1101510.00,PSE,
3114,PED003114,2026-03-29 15:44:05,CLI00662,Medellín,Página web,,Deportes,Kit bandas elásticas,1,79900.00,15.00,79900.00,11985.00,67915.00,PSE,4.0
3115,PED003115,2026-06-29 00:11:23,CLI01603,Barranquilla,Aplicación móvil,,Tecnología,Audífonos Bluetooth,3,149900.00,20.00,449700.00,89940.00,359760.00,Tarjeta débito,
3116,PED003116,2026-06-17 00:43:01,CLI00230,Bucaramanga,Aplicación móvil,,Deportes,Mancuernas ajustables,1,407900.00,0.00,407900.00,0.00,407900.00,Tarjeta crédito,5.0
3117,PED003117,2026-04-17 01:57:02,CLI00118,Bogotá D.C.,Aplicación móvil,,Hogar,Ventilador de torre,1,349900.00,0.00,349900.00,0.00,349900.00,Tarjeta crédito,3.0
3118,PED003118,2026-06-22 20:24:19,CLI00032,Bucaramanga,Página web,,Tecnología,Mouse inalámbrico,1,91700.00,0.00,91700.00,0.00,91700.00,Tarjeta crédito,5.0
3119,PED003119,2026-04-07 14:52:25,CLI00265,Medellín,Aplicación móvil,,Tecnología,Monitor 24 pulgadas,1,699900.00,0.00,699900.00,0.00,699900.00,Tarjeta crédito,
3120,PED003120,2026-03-19 08:46:20,CLI01047,Cali,Página web,,Tecnología,Mouse inalámbrico,1,89900.00,0.00,89900.00,0.00,89900.00,Tarjeta débito,5.0
3121,PED003121,2026-03-28 13:01:27,CLI01113,Bogotá D.C.,Tienda física,BOG-02,Hogar,Lámpara de mesa,4,136400.00,0.00,545600.00,0.00,545600.00,Efectivo,
3122,PED003122,2026-01-09 12:39:57,CLI00548,Bogotá D.C.,Aplicación móvil,,Electrodomésticos,Horno microondas,1,579900.00,0.00,579900.00,0.00,579900.00,Billetera digital,5.0
3123,PED003123,2026-06-12 15:43:28,CLI01036,Medellín,Página web,,Deportes,Bicicleta estática,2,1424900.00,5.00,2849800.00,142490.00,2707310.00,Tarjeta débito,4.0
3124,PED003124,2026-05-07 11:40:36,CLI00149,Bogotá D.C.,Tienda física,BOG-01,Hogar,Purificador de aire,1,839900.00,0.00,839900.00,0.00,839900.00,Efectivo,
3125,PED003125,2026-03-07 01:34:20,CLI01344,Medellín,Aplicación móvil,,Tecnología,Tablet 10 pulgadas,1,854900.00,0.00,854900.00,0.00,854900.00,Tarjeta crédito,
3126,PED003126,2026-05-02 13:27:00,CLI01131,Medellín,Página web,,Electrodomésticos,Freidora de aire,1,449900.00,15.00,449900.00,67485.00,382415.00,Tarjeta crédito,4.0
3127,PED003127,2026-03-03 08:49:32,CLI02142,Cali,Tienda física,CLO-01,Oficina,Archivador metálico,1,450700.00,0.00,450700.00,0.00,450700.00,Efectivo,5.0
3128,PED003128,2026-06-23 23:19:19,CLI01252,Bogotá D.C.,Página web,,Deportes,Bicicleta estática,2,1499900.00,5.00,2999800.00,149990.00,2849810.00,PSE,4.0
3129,PED003129,2026-01-14 12:29:30,CLI01127,Cali,Aplicación móvil,,Tecnología,Smartwatch,1,336500.00,15.00,336500.00,50475.00,286025.00,PSE,
3130,PED003130,2026-03-16 03:51:28,CLI00461,Bogotá D.C.,Tienda física,BOG-01,Hogar,Ventilador de torre,1,349900.00,10.00,349900.00,34990.00,314910.00,Tarjeta crédito,3.0
3131,PED003131,2026-01-22 20:32:15,CLI00066,Cali,Aplicación móvil,,Hogar,Juego de ollas,1,289900.00,15.00,289900.00,43485.00,246415.00,Tarjeta crédito,4.0
3132,PED003132,2026-03-19 16:56:52,CLI01470,Cali,Aplicación móvil,,Electrodomésticos,Sanduchera,1,123400.00,20.00,123400.00,24680.00,98720.00,Billetera digital,
3133,PED003133,2026-04-16 21:00:17,CLI01259,Bogotá D.C.,Página web,,Tecnología,Tablet 10 pulgadas,1,899900.00,0.00,899900.00,0.00,899900.00,Tarjeta crédito,5.0
3134,PED003134,2026-05-17 08:54:57,CLI01209,Bucaramanga,Página web,,Hogar,Juego de ollas,2,295700.00,10.00,591400.00,59140.00,532260.00,Tarjeta crédito,5.0
3135,PED003135,2026-04-11 00:17:17,CLI00836,Cali,Página web,,Deportes,Mancuernas ajustables,1,399900.00,15.00,399900.00,59985.00,339915.00,PSE,5.0
3136,PED003136,2026-05-09 16:19:55,CLI01102,Medellín,Tienda física,MDE-02,Oficina,Webcam Full HD,1,199900.00,5.00,199900.00,9995.00,189905.00,Efectivo,
3137,PED003137,2026-03-27 01:29:23,CLI00307,Bucaramanga,Aplicación móvil,,Electrodomésticos,Freidora de aire,2,472400.00,5.00,944800.00,47240.00,897560.00,Tarjeta crédito,4.0
3138,PED003138,2026-05-23 16:28:02,CLI01128,Medellín,Aplicación móvil,,Oficina,Base para portátil,1,109900.00,10.00,109900.00,10990.00,98910.00,Tarjeta crédito,3.0
3139,PED003139,2026-04-11 05:25:02,CLI00476,Bucaramanga,Tienda física,BGA-01,Deportes,Mancuernas ajustables,2,399900.00,0.00,799800.00,0.00,799800.00,PSE,1.0
3140,PED003140,2026-06-27 06:16:57,CLI02119,Bogotá D.C.,Tienda física,BOG-01,Electrodomésticos,Sanduchera,1,129900.00,0.00,129900.00,0.00,129900.00,PSE,3.0
3141,PED003141,2026-02-13 22:59:52,CLI02153,Medellín,Tienda física,MDE-02,Deportes,Mancuernas ajustables,1,407900.00,10.00,407900.00,40790.00,367110.00,Efectivo,
3142,PED003142,2026-05-14 07:17:15,CLI00928,Bogotá D.C.,Página web,,Deportes,Bicicleta estática,3,1574900.00,5.00,4724700.00,236235.00,4488465.00,Tarjeta crédito,
3143,PED003143,2026-03-20 22:01:39,CLI02257,Cali,Página web,,Oficina,Archivador metálico,1,482900.00,10.00,482900.00,48290.00,434610.00,PSE,
3144,PED003144,2026-06-08 03:20:49,CLI00388,Bogotá D.C.,Página web,,Deportes,Bicicleta estática,2,1499900.00,5.00,2999800.00,149990.00,2849810.00,Transferencia,5.0
3145,PED003145,2026-03-29 10:24:11,CLI01762,Cali,Página web,,Deportes,Mancuernas ajustables,1,399900.00,0.00,399900.00,0.00,399900.00,Tarjeta crédito,
3146,PED003146,2026-06-16 12:53:28,CLI00989,Bucaramanga,Página web,,Electrodomésticos,Horno microondas,2,579900.00,0.00,1159800.00,0.00,1159800.00,Tarjeta crédito,4.0
3147,PED003147,2026-06-16 23:35:02,CLI01684,Bogotá D.C.,Página web,,Oficina,Silla ergonómica,1,749900.00,5.00,749900.00,37495.00,712405.00,Transferencia,3.0
3148,PED003148,2026-06-30 18:55:52,CLI01886,Medellín,Página web,,Electrodomésticos,Licuadora,3,239900.00,0.00,719700.00,0.00,719700.00,Tarjeta crédito,5.0
3149,PED003149,2026-04-20 01:59:22,CLI01532,Medellín,Página web,,Tecnología,Monitor 24 pulgadas,1,699900.00,10.00,699900.00,69990.00,629910.00,Tarjeta crédito,4.0
3150,PED003150,2026-04-07 08:58:02,CLI02315,Cali,Aplicación móvil,,Deportes,Banda caminadora,3,2309900.00,0.00,6929700.00,0.00,6929700.00,Tarjeta débito,4.0
3151,PED003151,2026-03-07 07:18:15,CLI01270,Medellín,Página web,,Oficina,Silla ergonómica,1,764900.00,0.00,764900.00,0.00,764900.00,Tarjeta crédito,5.0
3152,PED003152,2026-04-23 22:15:05,CLI02204,Bogotá D.C.,Tienda física,BOG-02,Hogar,Purificador de aire,3,799900.00,0.00,2399700.00,0.00,2399700.00,Tarjeta crédito,3.0
3153,PED003153,2026-05-16 22:52:17,CLI01649,Bogotá D.C.,Página web,,Electrodomésticos,Horno microondas,1,591500.00,15.00,591500.00,88725.00,502775.00,PSE,4.0
3154,PED003154,2026-03-13 21:08:45,CLI00858,Barranquilla,Página web,,Tecnología,Monitor 24 pulgadas,1,713900.00,0.00,713900.00,0.00,713900.00,PSE,1.0
3155,PED003155,2026-04-04 02:50:26,CLI02310,Pereira,Página web,,Oficina,Silla ergonómica,1,749900.00,10.00,749900.00,74990.00,674910.00,Tarjeta crédito,
3156,PED003156,2026-04-29 16:21:51,CLI00432,Cali,Aplicación móvil,,Hogar,Lámpara de mesa,1,127300.00,0.00,127300.00,0.00,127300.00,PSE,
3157,PED003157,2026-05-28 06:22:43,CLI02375,Bucaramanga,Página web,,Tecnología,Monitor 24 pulgadas,1,699900.00,10.00,699900.00,69990.00,629910.00,Transferencia,
3158,PED003158,2026-06-03 07:24:58,CLI00534,Bogotá D.C.,Página web,,Oficina,Archivador metálico,1,459900.00,0.00,459900.00,0.00,459900.00,PSE,
3159,PED003159,2026-05-19 06:14:14,CLI01347,Cali,Tienda física,CLO-01,Tecnología,Mouse inalámbrico,1,88100.00,0.00,88100.00,0.00,88100.00,Tarjeta débito,4.0
3160,PED003160,2026-02-24 13:20:09,CLI00532,Pereira,Tienda física,PEI-01,Electrodomésticos,Freidora de aire,1,440900.00,0.00,440900.00,0.00,440900.00,Tarjeta débito,
3161,PED003161,2026-01-23 04:45:11,CLI02069,Cali,Aplicación móvil,,Hogar,Ventilador de torre,1,349900.00,20.00,349900.00,69980.00,279920.00,Billetera digital,4.0
3162,PED003162,2026-05-06 12:17:11,CLI02533,Bogotá D.C.,Página web,,Tecnología,Mouse inalámbrico,3,89900.00,0.00,269700.00,0.00,269700.00,Tarjeta crédito,5.0
3163,PED003163,2026-04-26 13:19:12,CLI02001,Bogotá D.C.,Aplicación móvil,,Electrodomésticos,Freidora de aire,1,440900.00,0.00,440900.00,0.00,440900.00,Tarjeta crédito,5.0
3164,PED003164,2026-05-23 03:29:45,CLI01931,Bogotá D.C.,Tienda física,BOG-01,Deportes,Mancuernas ajustables,2,379900.00,0.00,759800.00,0.00,759800.00,Efectivo,4.0
3165,PED003165,2026-02-05 20:53:59,CLI00984,Bogotá D.C.,Tienda física,BOG-02,Tecnología,Monitor 24 pulgadas,1,699900.00,0.00,699900.00,0.00,699900.00,PSE,3.0
3166,PED003166,2026-06-02 01:56:56,CLI01252,Medellín,Tienda física,MDE-02,Tecnología,Audífonos Bluetooth,1,146900.00,15.00,146900.00,22035.00,124865.00,Tarjeta crédito,4.0
3167,PED003167,2026-02-20 02:01:08,CLI01070,Medellín,Página web,,Oficina,Base para portátil,1,115400.00,0.00,115400.00,0.00,115400.00,Tarjeta débito,
3168,PED003168,2026-03-20 19:37:03,CLI00170,Medellín,Tienda física,MDE-02,Hogar,Lámpara de mesa,1,123400.00,10.00,123400.00,12340.00,111060.00,Efectivo,5.0
3169,PED003169,2026-02-20 20:09:16,CLI00466,Pereira,Aplicación móvil,,Oficina,Impresora multifuncional,1,807400.00,10.00,807400.00,80740.00,726660.00,Tarjeta débito,4.0
3170,PED003170,2026-04-16 09:33:49,CLI01970,Bogotá D.C.,Página web,,Deportes,Banda caminadora,1,2199900.00,5.00,2199900.00,109995.00,2089905.00,Tarjeta crédito,
3171,PED003171,2026-04-18 08:01:44,CLI01660,Pereira,Aplicación móvil,,Electrodomésticos,Licuadora,1,239900.00,0.00,239900.00,0.00,239900.00,Tarjeta crédito,
3172,PED003172,2026-05-21 18:14:42,CLI01492,Bogotá D.C.,Aplicación móvil,,Oficina,Impresora multifuncional,1,807400.00,5.00,807400.00,40370.00,767030.00,Tarjeta crédito,
3173,PED003173,2026-04-15 01:01:08,CLI01234,Pereira,Aplicación móvil,,Tecnología,Tablet 10 pulgadas,1,899900.00,10.00,899900.00,89990.00,809910.00,Tarjeta crédito,
3174,PED003174,2026-06-10 00:51:50,CLI01667,Barranquilla,Página web,,Tecnología,Audífonos Bluetooth,1,149900.00,0.00,149900.00,0.00,149900.00,Tarjeta crédito,
3175,PED003175,2026-03-15 23:01:37,CLI00124,Medellín,Página web,,Oficina,Base para portátil,1,112100.00,10.00,112100.00,11210.00,100890.00,Tarjeta crédito,3.0
3176,PED003176,2026-03-07 01:41:00,CLI00741,Cali,Tienda física,CLO-01,Tecnología,Monitor 24 pulgadas,1,713900.00,0.00,713900.00,0.00,713900.00,Tarjeta débito,
3177,PED003177,2026-05-23 03:40:52,CLI00619,Medellín,Página web,,Oficina,Base para portátil,1,107700.00,5.00,107700.00,5385.00,102315.00,PSE,
3178,PED003178,2026-04-04 05:38:22,CLI02430,Bucaramanga,Aplicación móvil,,Deportes,Kit bandas elásticas,2,75900.00,10.00,151800.00,15180.00,136620.00,Billetera digital,5.0
3179,PED003179,2026-04-12 17:13:44,CLI00283,Bogotá D.C.,Aplicación móvil,,Oficina,Escritorio ajustable,2,1199900.00,0.00,2399800.00,0.00,2399800.00,PSE,5.0
3180,PED003180,2026-06-15 02:15:07,CLI01024,Medellín,Página web,,Hogar,Lámpara de mesa,2,127300.00,5.00,254600.00,12730.00,241870.00,PSE,
3181,PED003181,2026-06-12 08:58:37,CLI02391,Cali,Página web,,Electrodomésticos,Licuadora,2,251900.00,10.00,503800.00,50380.00,453420.00,Tarjeta débito,5.0
3182,PED003182,2026-05-21 13:55:59,CLI00940,Bogotá D.C.,Página web,,Deportes,Mancuernas ajustables,3,391900.00,0.00,1175700.00,0.00,1175700.00,Tarjeta crédito,5.0
3183,PED003183,2026-04-22 08:23:02,CLI01195,Cali,Página web,,Oficina,Archivador metálico,1,469100.00,15.00,469100.00,70365.00,398735.00,PSE,3.0
3184,PED003184,2026-06-27 12:27:22,CLI01760,Medellín,Tienda física,MDE-02,Hogar,Organizador modular,1,119900.00,20.00,119900.00,23980.00,95920.00,Tarjeta crédito,
3185,PED003185,2026-04-16 04:59:23,CLI01898,Cali,Página web,,Oficina,Base para portátil,1,107700.00,0.00,107700.00,0.00,107700.00,Tarjeta crédito,5.0
3186,PED003186,2026-02-26 19:31:39,CLI00686,Bogotá D.C.,Aplicación móvil,,Oficina,Escritorio ajustable,1,1223900.00,10.00,1223900.00,122390.00,1101510.00,Tarjeta débito,
3187,PED003187,2026-06-20 00:18:48,CLI01723,Bucaramanga,Página web,,Hogar,Aspiradora vertical,3,489900.00,0.00,1469700.00,0.00,1469700.00,PSE,
3188,PED003188,2026-03-20 13:20:34,CLI01510,Bogotá D.C.,Aplicación móvil,,Tecnología,Audífonos Bluetooth,1,146900.00,0.00,146900.00,0.00,146900.00,PSE,5.0
3189,PED003189,2026-03-25 13:08:25,CLI02004,Medellín,Página web,,Electrodomésticos,Horno microondas,1,579900.00,15.00,579900.00,86985.00,492915.00,Tarjeta débito,5.0
3190,PED003190,2026-05-03 12:03:38,CLI02019,Medellín,Tienda física,MDE-01,Hogar,Juego de ollas,1,295700.00,0.00,295700.00,0.00,295700.00,Tarjeta débito,
3191,PED003191,2026-02-01 19:14:56,CLI01540,Barranquilla,Página web,,Deportes,Kit bandas elásticas,4,83900.00,0.00,335600.00,0.00,335600.00,PSE,
3192,PED003192,2026-04-20 10:31:30,CLI01678,Barranquilla,Tienda física,BAQ-01,Tecnología,Teclado mecánico,1,225300.00,0.00,225300.00,0.00,225300.00,Tarjeta débito,
3193,PED003193,2026-05-25 07:58:06,CLI02450,Cali,Tienda física,CLO-01,Deportes,Balón fútbol,1,113900.00,5.00,113900.00,5695.00,108205.00,Tarjeta crédito,
3194,PED003194,2026-01-10 16:33:57,CLI02559,Bucaramanga,Página web,,Hogar,Aspiradora vertical,1,499900.00,10.00,499900.00,49990.00,449910.00,Tarjeta débito,2.0
3195,PED003195,2026-03-16 00:29:03,CLI01546,Medellín,Tienda física,MDE-01,Oficina,Escritorio ajustable,1,1199900.00,0.00,1199900.00,0.00,1199900.00,Efectivo,
3196,PED003196,2026-01-02 22:30:26,CLI02409,Bogotá D.C.,Aplicación móvil,,Electrodomésticos,Cafetera eléctrica,1,180400.00,0.00,180400.00,0.00,180400.00,Billetera digital,4.0
3197,PED003197,2026-01-10 19:16:33,CLI01479,Bogotá D.C.,Página web,,Hogar,Juego de ollas,1,284100.00,0.00,284100.00,0.00,284100.00,PSE,5.0
3198,PED003198,2026-02-11 14:19:42,CLI02258,Barranquilla,Tienda física,BAQ-01,Oficina,Base para portátil,3,104400.00,0.00,313200.00,0.00,313200.00,Tarjeta crédito,3.0
3199,PED003199,2026-06-01 06:27:44,CLI00546,Bogotá D.C.,Página web,,Tecnología,Mouse inalámbrico,1,88100.00,5.00,88100.00,4405.00,83695.00,PSE,4.0
3200,PED003200,2026-06-17 06:34:06,CLI02182,Cali,Página web,,Electrodomésticos,Cafetera eléctrica,1,180400.00,10.00,180400.00,18040.00,162360.00,Transferencia,
3201,PED003201,2026-06-18 10:24:24,CLI00236,Bucaramanga,Tienda física,BGA-01,Deportes,Bicicleta estática,3,1529900.00,0.00,4589700.00,0.00,4589700.00,Efectivo,3.0
3202,PED003202,2026-04-15 15:06:39,CLI01681,Bucaramanga,Página web,,Deportes,Bicicleta estática,1,1499900.00,15.00,1499900.00,224985.00,1274915.00,Tarjeta débito,
3203,PED003203,2026-04-02 07:23:48,CLI00987,Bogotá D.C.,Página web,,Oficina,Archivador metálico,1,459900.00,0.00,459900.00,0.00,459900.00,Tarjeta débito,5.0
3204,PED003204,2026-06-01 19:49:25,CLI00960,Barranquilla,Aplicación móvil,,Hogar,Aspiradora vertical,3,499900.00,0.00,1499700.00,0.00,1499700.00,PSE,1.0
3205,PED003205,2026-04-02 18:35:15,CLI00421,Bucaramanga,Tienda física,BGA-01,Electrodomésticos,Horno microondas,1,579900.00,5.00,579900.00,28995.00,550905.00,Tarjeta crédito,
3206,PED003206,2026-03-11 15:33:28,CLI01382,Bucaramanga,Página web,,Electrodomésticos,Cafetera eléctrica,1,189900.00,0.00,189900.00,0.00,189900.00,Tarjeta crédito,2.0
3207,PED003207,2026-05-30 22:58:50,CLI02240,Bogotá D.C.,Aplicación móvil,,Oficina,Archivador metálico,1,469100.00,0.00,469100.00,0.00,469100.00,PSE,
3208,PED003208,2026-04-29 17:57:27,CLI01596,Pereira,Aplicación móvil,,Hogar,Aspiradora vertical,2,499900.00,0.00,999800.00,0.00,999800.00,PSE,4.0
3209,PED003209,2026-06-24 18:44:21,CLI01475,Cali,Aplicación móvil,,Electrodomésticos,Licuadora,2,235100.00,0.00,470200.00,0.00,470200.00,Tarjeta débito,
3210,PED003210,2026-01-10 14:07:35,CLI02665,Cali,Tienda física,CLO-02,Deportes,Mancuernas ajustables,1,379900.00,0.00,379900.00,0.00,379900.00,Efectivo,4.0
3211,PED003211,2026-03-29 09:44:47,CLI00308,Bucaramanga,Página web,,Deportes,Bicicleta estática,1,1499900.00,0.00,1499900.00,0.00,1499900.00,Tarjeta crédito,2.0
3212,PED003212,2026-04-26 15:00:40,CLI02543,Barranquilla,Tienda física,BAQ-01,Oficina,Archivador metálico,1,459900.00,0.00,459900.00,0.00,459900.00,Efectivo,5.0
3213,PED003213,2026-03-12 00:23:54,CLI02470,Pereira,Tienda física,PEI-01,Hogar,Juego de ollas,1,275400.00,0.00,275400.00,0.00,275400.00,Efectivo,5.0
3214,PED003214,2026-01-16 14:40:10,CLI00834,Bucaramanga,Tienda física,BGA-01,Hogar,Ventilador de torre,2,356900.00,5.00,713800.00,35690.00,678110.00,Tarjeta débito,3.0
3215,PED003215,2026-05-03 13:42:34,CLI01941,Cali,Página web,,Oficina,Silla ergonómica,1,749900.00,0.00,749900.00,0.00,749900.00,Tarjeta débito,
3216,PED003216,2026-02-04 13:40:23,CLI01870,Bogotá D.C.,Tienda física,BOG-02,Oficina,Impresora multifuncional,1,849900.00,20.00,849900.00,169980.00,679920.00,Efectivo,5.0
3217,PED003217,2026-02-14 16:52:22,CLI01751,Medellín,Aplicación móvil,,Electrodomésticos,Horno microondas,2,550900.00,10.00,1101800.00,110180.00,991620.00,PSE,5.0
3218,PED003218,2026-01-14 05:09:25,CLI00101,Cali,Aplicación móvil,,Deportes,Balón fútbol,4,119900.00,0.00,479600.00,0.00,479600.00,Tarjeta crédito,
3219,PED003219,2026-02-01 23:59:05,CLI01652,Barranquilla,Página web,,Hogar,Juego de ollas,1,275400.00,0.00,275400.00,0.00,275400.00,Tarjeta crédito,5.0
3220,PED003220,2026-06-10 09:25:10,CLI00381,Pereira,Tienda física,PEI-01,Oficina,Escritorio ajustable,1,1199900.00,10.00,1199900.00,119990.00,1079910.00,Tarjeta crédito,4.0
3221,PED003221,2026-05-24 01:25:49,CLI00868,Pereira,Página web,,Tecnología,Audífonos Bluetooth,2,149900.00,0.00,299800.00,0.00,299800.00,Tarjeta crédito,2.0
3222,PED003222,2026-02-05 23:05:17,CLI01233,Barranquilla,Página web,,Electrodomésticos,Horno microondas,1,579900.00,10.00,579900.00,57990.00,521910.00,PSE,4.0
3223,PED003223,2026-06-20 18:57:33,CLI02467,Barranquilla,Página web,,Hogar,Ventilador de torre,1,332400.00,15.00,332400.00,49860.00,282540.00,Tarjeta crédito,
3224,PED003224,2026-06-02 04:56:52,CLI02130,Bogotá D.C.,Tienda física,BOG-03,Electrodomésticos,Sanduchera,1,123400.00,5.00,123400.00,6170.00,117230.00,Tarjeta débito,5.0
3225,PED003225,2026-02-19 05:36:07,CLI00369,Bogotá D.C.,Página web,,Oficina,Impresora multifuncional,4,849900.00,0.00,3399600.00,0.00,3399600.00,PSE,
3226,PED003226,2026-01-22 23:12:23,CLI01542,Barranquilla,Página web,,Tecnología,Tablet 10 pulgadas,1,899900.00,10.00,899900.00,89990.00,809910.00,Transferencia,4.0
3227,PED003227,2026-01-26 18:34:46,CLI01273,Bogotá D.C.,Tienda física,BOG-01,Oficina,Base para portátil,3,104400.00,0.00,313200.00,0.00,313200.00,Tarjeta crédito,
3228,PED003228,2026-03-01 23:58:04,CLI01380,Cali,Página web,,Oficina,Archivador metálico,1,459900.00,0.00,459900.00,0.00,459900.00,PSE,5.0
3229,PED003229,2026-06-18 10:57:38,CLI00289,Medellín,Página web,,Oficina,Escritorio ajustable,1,1199900.00,0.00,1199900.00,0.00,1199900.00,PSE,5.0
3230,PED003230,2026-03-19 08:22:05,CLI01773,Medellín,Página web,,Oficina,Escritorio ajustable,2,1223900.00,0.00,2447800.00,0.00,2447800.00,PSE,5.0
3231,PED003231,2026-06-13 19:58:16,CLI02565,Medellín,Página web,,Tecnología,Monitor 24 pulgadas,1,699900.00,0.00,699900.00,0.00,699900.00,PSE,
3232,PED003232,2026-04-01 10:58:38,CLI00495,Cali,Tienda física,CLO-02,Electrodomésticos,Freidora de aire,2,449900.00,0.00,899800.00,0.00,899800.00,Efectivo,
3233,PED003233,2026-03-08 15:57:43,CLI02426,Bogotá D.C.,Aplicación móvil,,Electrodomésticos,Sanduchera,2,123400.00,0.00,246800.00,0.00,246800.00,Tarjeta crédito,4.0
3234,PED003234,2026-03-17 22:08:27,CLI01352,Cali,Aplicación móvil,,Deportes,Balón fútbol,1,119900.00,10.00,119900.00,11990.00,107910.00,Tarjeta débito,
3235,PED003235,2026-03-03 21:58:32,CLI01634,Bogotá D.C.,Tienda física,BOG-03,Hogar,Organizador modular,2,119900.00,10.00,239800.00,23980.00,215820.00,Tarjeta débito,3.0
3236,PED003236,2026-06-02 18:35:10,CLI01955,Medellín,Aplicación móvil,,Deportes,Bicicleta estática,1,1529900.00,5.00,1529900.00,76495.00,1453405.00,PSE,5.0
3237,PED003237,2026-04-10 11:04:06,CLI00477,Bogotá D.C.,Página web,,Hogar,Aspiradora vertical,1,509900.00,0.00,509900.00,0.00,509900.00,Tarjeta débito,5.0
3238,PED003238,2026-03-16 23:06:56,CLI00151,Bogotá D.C.,Tienda física,BOG-01,Deportes,Colchoneta yoga,1,94400.00,10.00,94400.00,9440.00,84960.00,Tarjeta débito,
3239,PED003239,2026-03-21 19:13:07,CLI00249,Cali,Tienda física,CLO-01,Tecnología,Mouse inalámbrico,1,89900.00,0.00,89900.00,0.00,89900.00,Efectivo,3.0
3240,PED003240,2026-05-05 20:04:09,CLI00944,Barranquilla,Aplicación móvil,,Electrodomésticos,Arrocera,1,166500.00,0.00,166500.00,0.00,166500.00,Tarjeta crédito,4.0
3241,PED003241,2026-05-28 21:46:28,CLI01291,Bogotá D.C.,Aplicación móvil,,Tecnología,Tablet 10 pulgadas,2,854900.00,0.00,1709800.00,0.00,1709800.00,Tarjeta débito,5.0
3242,PED003242,2026-03-19 22:26:18,CLI01622,Bogotá D.C.,Aplicación móvil,,Deportes,Colchoneta yoga,1,91700.00,0.00,91700.00,0.00,91700.00,PSE,
3243,PED003243,2026-05-02 14:00:38,CLI01564,Barranquilla,Página web,,Tecnología,Smartwatch,1,346400.00,0.00,346400.00,0.00,346400.00,PSE,
3244,PED003244,2026-03-04 00:17:35,CLI00442,Bogotá D.C.,Página web,,Tecnología,Monitor 24 pulgadas,1,664900.00,10.00,664900.00,66490.00,598410.00,Tarjeta crédito,5.0
3245,PED003245,2026-02-25 14:32:05,CLI01803,Cali,Aplicación móvil,,Deportes,Balón fútbol,1,117500.00,10.00,117500.00,11750.00,105750.00,Tarjeta crédito,
3246,PED003246,2026-05-06 22:01:38,CLI01813,Cali,Aplicación móvil,,Electrodomésticos,Licuadora,1,235100.00,0.00,235100.00,0.00,235100.00,Tarjeta débito,5.0
3247,PED003247,2026-04-22 21:45:21,CLI02570,Bogotá D.C.,Tienda física,BOG-02,Tecnología,Tablet 10 pulgadas,1,899900.00,5.00,899900.00,44995.00,854905.00,Tarjeta débito,4.0
3248,PED003248,2026-03-22 17:23:02,CLI02446,Bucaramanga,Tienda física,BGA-01,Hogar,Aspiradora vertical,1,499900.00,0.00,499900.00,0.00,499900.00,Efectivo,3.0
3249,PED003249,2026-06-16 23:47:06,CLI00886,Bogotá D.C.,Página web,,Electrodomésticos,Licuadora,2,239900.00,0.00,479800.00,0.00,479800.00,PSE,4.0
3250,PED003250,2026-05-19 02:17:29,CLI00445,Bogotá D.C.,Página web,,Hogar,Aspiradora vertical,1,499900.00,10.00,499900.00,49990.00,449910.00,PSE,5.0
3251,PED003251,2026-06-25 17:10:48,CLI02146,Bucaramanga,Página web,,Tecnología,Tablet 10 pulgadas,1,881900.00,5.00,881900.00,44095.00,837805.00,Tarjeta débito,
3252,PED003252,2026-06-26 06:53:54,CLI00571,Medellín,Tienda física,MDE-01,Oficina,Archivador metálico,1,459900.00,5.00,459900.00,22995.00,436905.00,Tarjeta débito,
3253,PED003253,2026-03-18 21:14:41,CLI01189,Bogotá D.C.,Página web,,Hogar,Aspiradora vertical,1,509900.00,0.00,509900.00,0.00,509900.00,Tarjeta débito,
3254,PED003254,2026-05-21 06:15:00,CLI01888,Bogotá D.C.,Tienda física,BOG-03,Deportes,Mancuernas ajustables,1,399900.00,10.00,399900.00,39990.00,359910.00,Efectivo,5.0
3255,PED003255,2026-05-20 16:27:48,CLI01927,Bogotá D.C.,Tienda física,BOG-01,Tecnología,Tablet 10 pulgadas,1,899900.00,10.00,899900.00,89990.00,809910.00,Tarjeta crédito,
3256,PED003256,2026-05-26 08:17:41,CLI01987,Barranquilla,Tienda física,BAQ-01,Hogar,Purificador de aire,2,759900.00,10.00,1519800.00,151980.00,1367820.00,Efectivo,
3257,PED003257,2026-06-05 12:30:35,CLI01150,Bogotá D.C.,Tienda física,BOG-02,Deportes,Balón fútbol,4,122300.00,0.00,489200.00,0.00,489200.00,Tarjeta crédito,
3258,PED003258,2026-06-26 12:21:23,CLI02452,Cali,Aplicación móvil,,Oficina,Archivador metálico,1,459900.00,0.00,459900.00,0.00,459900.00,PSE,5.0
3259,PED003259,2026-03-08 09:27:45,CLI01646,Barranquilla,Aplicación móvil,,Tecnología,Smartwatch,1,329900.00,10.00,329900.00,32990.00,296910.00,Tarjeta crédito,5.0
3260,PED003260,2026-05-17 12:36:11,CLI01585,Bogotá D.C.,Tienda física,BOG-03,Electrodomésticos,Licuadora,3,244700.00,10.00,734100.00,73410.00,660690.00,Tarjeta crédito,4.0
3261,PED003261,2026-02-10 23:33:23,CLI00813,Bogotá D.C.,Tienda física,BOG-01,Tecnología,Smartwatch,3,329900.00,0.00,989700.00,0.00,989700.00,Tarjeta crédito,3.0
3262,PED003262,2026-03-15 12:30:42,CLI00031,Medellín,Aplicación móvil,,Hogar,Purificador de aire,2,783900.00,5.00,1567800.00,78390.00,1489410.00,Tarjeta crédito,
3263,PED003263,2026-04-16 02:00:11,CLI00963,Pereira,Aplicación móvil,,Oficina,Silla ergonómica,1,787400.00,10.00,787400.00,78740.00,708660.00,Billetera digital,4.0
3264,PED003264,2026-02-01 20:23:45,CLI00813,Pereira,Página web,,Oficina,Webcam Full HD,1,195900.00,0.00,195900.00,0.00,195900.00,PSE,4.0
3265,PED003265,2026-04-17 09:19:47,CLI00744,Cali,Aplicación móvil,,Hogar,Lámpara de mesa,3,129900.00,10.00,389700.00,38970.00,350730.00,Tarjeta débito,4.0
3266,PED003266,2026-02-08 17:59:20,CLI00990,Barranquilla,Página web,,Tecnología,Monitor 24 pulgadas,1,685900.00,0.00,685900.00,0.00,685900.00,Tarjeta débito,
3267,PED003267,2026-04-08 15:18:02,CLI02540,Cali,Página web,,Deportes,Banda caminadora,2,2309900.00,15.00,4619800.00,692970.00,3926830.00,Transferencia,3.0
3268,PED003268,2026-01-06 20:43:49,CLI01155,Barranquilla,Página web,,Oficina,Impresora multifuncional,3,892400.00,10.00,2677200.00,267720.00,2409480.00,Tarjeta débito,4.0
3269,PED003269,2026-03-18 15:12:02,CLI01100,Barranquilla,Tienda física,BAQ-01,Hogar,Aspiradora vertical,1,499900.00,15.00,499900.00,74985.00,424915.00,PSE,4.0
3270,PED003270,2026-06-08 13:36:23,CLI02382,Bogotá D.C.,Página web,,Deportes,Kit bandas elásticas,1,79900.00,0.00,79900.00,0.00,79900.00,Transferencia,
3271,PED003271,2026-03-31 06:17:03,CLI00911,Bogotá D.C.,Página web,,Tecnología,Monitor 24 pulgadas,2,699900.00,0.00,1399800.00,0.00,1399800.00,Tarjeta débito,4.0
3272,PED003272,2026-04-26 08:50:26,CLI00045,Pereira,Página web,,Tecnología,Monitor 24 pulgadas,1,685900.00,20.00,685900.00,137180.00,548720.00,Tarjeta crédito,
3273,PED003273,2026-04-24 21:18:52,CLI00743,Pereira,Aplicación móvil,,Tecnología,Audífonos Bluetooth,1,157400.00,15.00,157400.00,23610.00,133790.00,PSE,4.0
3274,PED003274,2026-02-20 16:45:34,CLI01018,Cali,Aplicación móvil,,Deportes,Colchoneta yoga,2,85400.00,15.00,170800.00,25620.00,145180.00,PSE,4.0
3275,PED003275,2026-03-16 18:20:54,CLI01798,Cali,Página web,,Oficina,Silla ergonómica,1,712400.00,0.00,712400.00,0.00,712400.00,Tarjeta crédito,5.0
3276,PED003276,2026-02-19 14:11:06,CLI00920,Cali,Aplicación móvil,,Electrodomésticos,Arrocera,1,169900.00,10.00,169900.00,16990.00,152910.00,PSE,
3277,PED003277,2026-04-18 11:51:10,CLI00775,Cali,Aplicación móvil,,Deportes,Kit bandas elásticas,1,79900.00,0.00,79900.00,0.00,79900.00,Tarjeta crédito,4.0
3278,PED003278,2026-04-10 14:16:27,CLI02522,Medellín,Tienda física,MDE-01,Electrodomésticos,Horno microondas,2,579900.00,0.00,1159800.00,0.00,1159800.00,Tarjeta débito,
3279,PED003279,2026-01-14 18:50:08,CLI01520,Pereira,Página web,,Tecnología,Tablet 10 pulgadas,2,899900.00,10.00,1799800.00,179980.00,1619820.00,Tarjeta crédito,
3280,PED003280,2026-01-13 00:39:37,CLI00900,Bogotá D.C.,Página web,,Tecnología,Monitor 24 pulgadas,3,685900.00,10.00,2057700.00,205770.00,1851930.00,PSE,5.0
3281,PED003281,2026-02-05 06:45:53,CLI02566,Medellín,Página web,,Electrodomésticos,Arrocera,2,161400.00,10.00,322800.00,32280.00,290520.00,PSE,5.0
3282,PED003282,2026-03-12 21:52:12,CLI01873,Bogotá D.C.,Página web,,Oficina,Silla ergonómica,2,712400.00,0.00,1424800.00,0.00,1424800.00,PSE,5.0
3283,PED003283,2026-05-23 20:58:43,CLI01391,Barranquilla,Tienda física,BAQ-01,Electrodomésticos,Horno microondas,1,591500.00,0.00,591500.00,0.00,591500.00,Tarjeta crédito,
3284,PED003284,2026-05-24 17:47:36,CLI02138,Bucaramanga,Página web,,Oficina,Archivador metálico,1,482900.00,5.00,482900.00,24145.00,458755.00,Tarjeta débito,
3285,PED003285,2026-02-10 03:02:15,CLI00423,Bogotá D.C.,Aplicación móvil,,Tecnología,Teclado mecánico,1,229900.00,0.00,229900.00,0.00,229900.00,Tarjeta crédito,5.0
3286,PED003286,2026-05-28 15:06:24,CLI01928,Medellín,Página web,,Oficina,Silla ergonómica,2,749900.00,0.00,1499800.00,0.00,1499800.00,Tarjeta débito,4.0
3287,PED003287,2026-03-02 19:59:27,CLI02231,Cali,Página web,,Tecnología,Tablet 10 pulgadas,2,917900.00,5.00,1835800.00,91790.00,1744010.00,Tarjeta débito,4.0
3288,PED003288,2026-04-21 12:57:53,CLI00903,Pereira,Aplicación móvil,,Hogar,Lámpara de mesa,1,127300.00,10.00,127300.00,12730.00,114570.00,PSE,5.0
3289,PED003289,2026-04-11 10:44:26,CLI00576,Medellín,Página web,,Hogar,Aspiradora vertical,1,489900.00,0.00,489900.00,0.00,489900.00,Tarjeta crédito,
3290,PED003290,2026-03-05 17:41:46,CLI02179,Cali,Página web,,Deportes,Balón fútbol,1,119900.00,10.00,119900.00,11990.00,107910.00,PSE,
3291,PED003291,2026-02-04 10:13:32,CLI01752,Bogotá D.C.,Página web,,Tecnología,Smartwatch,1,329900.00,5.00,329900.00,16495.00,313405.00,PSE,
3292,PED003292,2026-05-30 21:24:43,CLI00608,Medellín,Aplicación móvil,,Hogar,Organizador modular,1,119900.00,0.00,119900.00,0.00,119900.00,PSE,4.0
3293,PED003293,2026-03-24 17:42:35,CLI01797,Cali,Aplicación móvil,,Hogar,Organizador modular,1,122300.00,0.00,122300.00,0.00,122300.00,Billetera digital,
3294,PED003294,2026-06-28 21:12:07,CLI02264,Bogotá D.C.,Página web,,Tecnología,Audífonos Bluetooth,1,146900.00,0.00,146900.00,0.00,146900.00,Tarjeta débito,
3295,PED003295,2026-05-01 01:15:56,CLI00739,Medellín,Aplicación móvil,,Electrodomésticos,Arrocera,1,169900.00,0.00,169900.00,0.00,169900.00,Billetera digital,4.0
3296,PED003296,2026-04-26 03:00:02,CLI02270,Bogotá D.C.,Tienda física,BOG-03,Tecnología,Smartwatch,2,336500.00,0.00,673000.00,0.00,673000.00,Tarjeta crédito,3.0
3297,PED003297,2026-02-25 11:15:23,CLI00360,Cali,Aplicación móvil,,Tecnología,Tablet 10 pulgadas,1,899900.00,10.00,899900.00,89990.00,809910.00,Tarjeta crédito,5.0
3298,PED003298,2026-02-13 21:17:29,CLI00252,Cali,Página web,,Hogar,Juego de ollas,2,295700.00,0.00,591400.00,0.00,591400.00,Tarjeta débito,
3299,PED003299,2026-03-25 10:42:01,CLI02657,Barranquilla,Tienda física,BAQ-01,Hogar,Purificador de aire,2,783900.00,10.00,1567800.00,156780.00,1411020.00,Tarjeta débito,3.0
3300,PED003300,2026-06-20 18:02:01,CLI01920,Barranquilla,Página web,,Hogar,Juego de ollas,1,289900.00,0.00,289900.00,0.00,289900.00,Transferencia,
3301,PED003301,2026-03-04 08:18:06,CLI01467,Medellín,Página web,,Tecnología,Tablet 10 pulgadas,2,899900.00,15.00,1799800.00,269970.00,1529830.00,Tarjeta débito,5.0
3302,PED003302,2026-01-09 03:14:23,CLI01684,Cali,Aplicación móvil,,Tecnología,Monitor 24 pulgadas,1,699900.00,0.00,699900.00,0.00,699900.00,Tarjeta crédito,2.0
3303,PED003303,2026-02-15 04:46:25,CLI00846,Medellín,Página web,,Oficina,Impresora multifuncional,1,849900.00,5.00,849900.00,42495.00,807405.00,PSE,
3304,PED003304,2026-06-18 19:52:52,CLI02678,Pereira,Aplicación móvil,,Electrodomésticos,Freidora de aire,2,472400.00,0.00,944800.00,0.00,944800.00,PSE,
3305,PED003305,2026-01-08 04:55:30,CLI01414,Bogotá D.C.,Página web,,Tecnología,Smartwatch,3,346400.00,0.00,1039200.00,0.00,1039200.00,Transferencia,
3306,PED003306,2026-04-23 06:55:16,CLI01424,Medellín,Tienda física,MDE-01,Tecnología,Smartwatch,2,329900.00,0.00,659800.00,0.00,659800.00,Efectivo,
3307,PED003307,2026-06-27 06:24:41,CLI00762,Medellín,Página web,,Hogar,Lámpara de mesa,1,129900.00,0.00,129900.00,0.00,129900.00,PSE,3.0
3308,PED003308,2026-03-09 08:44:46,CLI00678,Bogotá D.C.,Aplicación móvil,,Tecnología,Audífonos Bluetooth,1,146900.00,0.00,146900.00,0.00,146900.00,Tarjeta crédito,4.0
3309,PED003309,2026-06-29 14:47:34,CLI01245,Bogotá D.C.,Página web,,Hogar,Organizador modular,1,119900.00,10.00,119900.00,11990.00,107910.00,Tarjeta crédito,
3310,PED003310,2026-03-17 14:43:43,CLI01699,Cali,Aplicación móvil,,Electrodomésticos,Licuadora,1,251900.00,0.00,251900.00,0.00,251900.00,Billetera digital,
3311,PED003311,2026-02-28 12:32:36,CLI01159,Bogotá D.C.,Tienda física,BOG-03,Electrodomésticos,Cafetera eléctrica,2,186100.00,5.00,372200.00,18610.00,353590.00,Efectivo,5.0
3312,PED003312,2026-01-27 05:27:58,CLI00227,Bogotá D.C.,Tienda física,BOG-01,Tecnología,Audífonos Bluetooth,3,149900.00,5.00,449700.00,22485.00,427215.00,Efectivo,
3313,PED003313,2026-05-04 14:13:13,CLI00178,Barranquilla,Página web,,Tecnología,Teclado mecánico,1,234500.00,0.00,234500.00,0.00,234500.00,Tarjeta débito,
3314,PED003314,2026-03-31 18:02:37,CLI01505,Cali,Aplicación móvil,,Deportes,Mancuernas ajustables,1,419900.00,0.00,419900.00,0.00,419900.00,Tarjeta crédito,
3315,PED003315,2026-06-06 22:49:57,CLI02392,Bucaramanga,Tienda física,BGA-01,Tecnología,Audífonos Bluetooth,2,149900.00,0.00,299800.00,0.00,299800.00,Tarjeta débito,2.0
3316,PED003316,2026-03-06 22:37:44,CLI02415,Medellín,Aplicación móvil,,Electrodomésticos,Arrocera,1,166500.00,15.00,166500.00,24975.00,141525.00,Billetera digital,3.0
3317,PED003317,2026-01-29 04:59:18,CLI02190,Medellín,Página web,,Tecnología,Audífonos Bluetooth,1,142400.00,20.00,142400.00,28480.00,113920.00,Tarjeta crédito,
3318,PED003318,2026-01-11 03:06:43,CLI00513,Bogotá D.C.,Página web,,Deportes,Kit bandas elásticas,1,79900.00,5.00,79900.00,3995.00,75905.00,Tarjeta débito,
3319,PED003319,2026-02-03 04:47:44,CLI01236,Bogotá D.C.,Página web,,Deportes,Balón fútbol,1,117500.00,0.00,117500.00,0.00,117500.00,PSE,4.0
3320,PED003320,2026-06-14 03:32:19,CLI01335,Bogotá D.C.,Página web,,Tecnología,Mouse inalámbrico,2,94400.00,5.00,188800.00,9440.00,179360.00,Tarjeta crédito,4.0
3321,PED003321,2026-01-05 07:47:40,CLI01813,Pereira,Aplicación móvil,,Deportes,Mancuernas ajustables,1,399900.00,0.00,399900.00,0.00,399900.00,Tarjeta crédito,
3322,PED003322,2026-01-31 19:14:36,CLI01433,Cali,Página web,,Electrodomésticos,Cafetera eléctrica,1,186100.00,0.00,186100.00,0.00,186100.00,PSE,
3323,PED003323,2026-06-23 21:55:12,CLI01808,Bogotá D.C.,Tienda física,BOG-02,Electrodomésticos,Cafetera eléctrica,1,180400.00,10.00,180400.00,18040.00,162360.00,Tarjeta crédito,4.0
3324,PED003324,2026-03-18 22:48:54,CLI01703,Bucaramanga,Tienda física,BGA-01,Electrodomésticos,Sanduchera,1,129900.00,15.00,129900.00,19485.00,110415.00,Tarjeta crédito,
3325,PED003325,2026-01-18 10:48:28,CLI00073,Bogotá D.C.,Aplicación móvil,,Deportes,Banda caminadora,2,2199900.00,10.00,4399800.00,439980.00,3959820.00,Tarjeta débito,2.0
3326,PED003326,2026-05-20 14:05:00,CLI02627,Bogotá D.C.,Tienda física,BOG-01,Hogar,Lámpara de mesa,3,127300.00,5.00,381900.00,19095.00,362805.00,Tarjeta crédito,4.0
3327,PED003327,2026-02-25 15:09:37,CLI02092,Bogotá D.C.,Página web,,Hogar,Aspiradora vertical,1,509900.00,5.00,509900.00,25495.00,484405.00,PSE,
3328,PED003328,2026-04-04 10:53:48,CLI00066,Bucaramanga,Tienda física,BGA-01,Tecnología,Smartwatch,1,346400.00,15.00,346400.00,51960.00,294440.00,Tarjeta débito,5.0
3329,PED003329,2026-04-17 17:41:17,CLI01031,Bucaramanga,Tienda física,BGA-01,Hogar,Lámpara de mesa,2,132500.00,0.00,265000.00,0.00,265000.00,Efectivo,5.0
3330,PED003330,2026-04-15 06:40:06,CLI01235,Bogotá D.C.,Aplicación móvil,,Tecnología,Smartwatch,1,329900.00,0.00,329900.00,0.00,329900.00,Tarjeta débito,
3331,PED003331,2026-03-13 04:21:36,CLI01966,Cali,Tienda física,CLO-02,Deportes,Kit bandas elásticas,1,79900.00,15.00,79900.00,11985.00,67915.00,Tarjeta débito,3.0
3332,PED003332,2026-02-11 01:52:45,CLI00192,Bogotá D.C.,Tienda física,BOG-01,Tecnología,Teclado mecánico,1,229900.00,20.00,229900.00,45980.00,183920.00,PSE,5.0
3333,PED003333,2026-03-16 23:27:13,CLI01054,Medellín,Tienda física,MDE-01,Electrodomésticos,Horno microondas,1,591500.00,0.00,591500.00,0.00,591500.00,Tarjeta crédito,5.0
3334,PED003334,2026-01-27 05:28:24,CLI00598,Cali,Página web,,Electrodomésticos,Arrocera,1,169900.00,0.00,169900.00,0.00,169900.00,Tarjeta crédito,
3335,PED003335,2026-06-16 21:44:59,CLI01266,Cali,Tienda física,CLO-01,Electrodomésticos,Sanduchera,1,129900.00,5.00,129900.00,6495.00,123405.00,Tarjeta débito,5.0
3336,PED003336,2026-03-19 08:58:06,CLI01145,Barranquilla,Página web,,Oficina,Base para portátil,2,107700.00,0.00,215400.00,0.00,215400.00,Tarjeta crédito,
3337,PED003337,2026-05-25 09:21:26,CLI01167,Cali,Aplicación móvil,,Electrodomésticos,Cafetera eléctrica,2,199400.00,0.00,398800.00,0.00,398800.00,Billetera digital,
3338,PED003338,2026-02-11 03:44:35,CLI00888,Bucaramanga,Tienda física,BGA-01,Tecnología,Tablet 10 pulgadas,2,944900.00,0.00,1889800.00,0.00,1889800.00,Tarjeta crédito,
3339,PED003339,2026-03-07 00:58:27,CLI01848,Cali,Tienda física,CLO-01,Electrodomésticos,Sanduchera,1,136400.00,5.00,136400.00,6820.00,129580.00,Tarjeta crédito,4.0
3340,PED003340,2026-06-24 14:05:10,CLI02314,Medellín,Aplicación móvil,,Electrodomésticos,Freidora de aire,2,449900.00,15.00,899800.00,134970.00,764830.00,Tarjeta débito,4.0
3341,PED003341,2026-06-22 22:47:10,CLI02449,Bucaramanga,Tienda física,BGA-01,Oficina,Base para portátil,1,112100.00,10.00,112100.00,11210.00,100890.00,Tarjeta crédito,5.0
3342,PED003342,2026-05-23 04:42:29,CLI01607,Cali,Página web,,Tecnología,Monitor 24 pulgadas,1,734900.00,0.00,734900.00,0.00,734900.00,PSE,4.0
3343,PED003343,2026-03-25 08:13:58,CLI01361,Barranquilla,Página web,,Hogar,Lámpara de mesa,1,129900.00,0.00,129900.00,0.00,129900.00,Transferencia,4.0
3344,PED003344,2026-03-26 04:54:25,CLI02674,Bogotá D.C.,Tienda física,BOG-02,Deportes,Bicicleta estática,4,1469900.00,10.00,5879600.00,587960.00,5291640.00,Tarjeta débito,5.0
3345,PED003345,2026-05-30 17:09:20,CLI01037,Cali,Tienda física,CLO-02,Hogar,Lámpara de mesa,1,123400.00,0.00,123400.00,0.00,123400.00,PSE,
3346,PED003346,2026-02-07 07:31:42,CLI02664,Bogotá D.C.,Página web,,Tecnología,Teclado mecánico,1,229900.00,10.00,229900.00,22990.00,206910.00,Tarjeta crédito,
3347,PED003347,2026-05-21 01:14:06,CLI00348,Bogotá D.C.,Aplicación móvil,,Hogar,Organizador modular,1,119900.00,20.00,119900.00,23980.00,95920.00,PSE,3.0
3348,PED003348,2026-03-09 19:48:34,CLI00276,Bogotá D.C.,Página web,,Tecnología,Audífonos Bluetooth,1,152900.00,5.00,152900.00,7645.00,145255.00,PSE,5.0
3349,PED003349,2026-02-15 17:44:52,CLI02001,Medellín,Aplicación móvil,,Oficina,Silla ergonómica,1,787400.00,0.00,787400.00,0.00,787400.00,Tarjeta débito,
3350,PED003350,2026-02-02 13:50:43,CLI00802,Bogotá D.C.,Aplicación móvil,,Oficina,Silla ergonómica,1,734900.00,0.00,734900.00,0.00,734900.00,Tarjeta débito,3.0
3351,PED003351,2026-02-28 00:55:42,CLI02156,Bogotá D.C.,Página web,,Tecnología,Monitor 24 pulgadas,1,699900.00,15.00,699900.00,104985.00,594915.00,Tarjeta crédito,1.0
3352,PED003352,2026-05-14 22:09:15,CLI01544,Cali,Página web,,Tecnología,Smartwatch,2,323300.00,0.00,646600.00,0.00,646600.00,Tarjeta crédito,4.0
3353,PED003353,2026-03-27 16:40:31,CLI02635,Cali,Tienda física,CLO-01,Deportes,Banda caminadora,1,2199900.00,0.00,2199900.00,0.00,2199900.00,Efectivo,2.0
3354,PED003354,2026-05-07 06:05:43,CLI00678,Bucaramanga,Aplicación móvil,,Deportes,Mancuernas ajustables,1,379900.00,0.00,379900.00,0.00,379900.00,Tarjeta crédito,
3355,PED003355,2026-05-02 05:54:36,CLI02514,Bogotá D.C.,Página web,,Deportes,Banda caminadora,1,2309900.00,0.00,2309900.00,0.00,2309900.00,PSE,4.0
3356,PED003356,2026-04-04 07:08:22,CLI02276,Pereira,Tienda física,PEI-01,Electrodomésticos,Freidora de aire,1,472400.00,10.00,472400.00,47240.00,425160.00,Efectivo,3.0
3357,PED003357,2026-01-03 17:11:29,CLI02331,Bogotá D.C.,Página web,,Tecnología,Mouse inalámbrico,1,94400.00,5.00,94400.00,4720.00,89680.00,Tarjeta crédito,5.0
3358,PED003358,2026-01-06 04:14:56,CLI01580,Bucaramanga,Aplicación móvil,,Electrodomésticos,Horno microondas,4,608900.00,0.00,2435600.00,0.00,2435600.00,Tarjeta débito,4.0
3359,PED003359,2026-04-11 11:39:30,CLI01837,Bogotá D.C.,Aplicación móvil,,Electrodomésticos,Licuadora,1,235100.00,10.00,235100.00,23510.00,211590.00,Billetera digital,4.0
3360,PED003360,2026-06-01 10:17:50,CLI00363,Medellín,Página web,,Electrodomésticos,Arrocera,1,169900.00,15.00,169900.00,25485.00,144415.00,PSE,
3361,PED003361,2026-04-05 04:14:41,CLI02341,Medellín,Aplicación móvil,,Oficina,Base para portátil,2,107700.00,10.00,215400.00,21540.00,193860.00,Billetera digital,
3362,PED003362,2026-01-21 00:38:13,CLI02334,Bogotá D.C.,Página web,,Deportes,Colchoneta yoga,1,91700.00,5.00,91700.00,4585.00,87115.00,Tarjeta crédito,5.0
3363,PED003363,2026-04-29 13:45:31,CLI00907,Pereira,Aplicación móvil,,Electrodomésticos,Freidora de aire,1,472400.00,10.00,472400.00,47240.00,425160.00,Tarjeta crédito,3.0
3364,PED003364,2026-03-29 12:44:57,CLI01522,Bogotá D.C.,Aplicación móvil,,Deportes,Mancuernas ajustables,2,407900.00,0.00,815800.00,0.00,815800.00,PSE,4.0
3365,PED003365,2026-01-18 12:39:33,CLI01747,Bogotá D.C.,Página web,,Electrodomésticos,Licuadora,3,244700.00,10.00,734100.00,73410.00,660690.00,Tarjeta crédito,
3366,PED003366,2026-04-20 00:19:57,CLI02383,Bogotá D.C.,Página web,,Tecnología,Mouse inalámbrico,2,89900.00,15.00,179800.00,26970.00,152830.00,PSE,4.0
3367,PED003367,2026-03-14 15:28:52,CLI02671,Bucaramanga,Aplicación móvil,,Oficina,Archivador metálico,2,482900.00,0.00,965800.00,0.00,965800.00,Tarjeta crédito,
3368,PED003368,2026-05-29 11:22:48,CLI01551,Bogotá D.C.,Página web,,Tecnología,Smartwatch,1,329900.00,0.00,329900.00,0.00,329900.00,Tarjeta débito,4.0
3369,PED003369,2026-05-20 03:37:50,CLI02284,Cali,Tienda física,CLO-02,Electrodomésticos,Freidora de aire,1,427400.00,0.00,427400.00,0.00,427400.00,Efectivo,
3370,PED003370,2026-03-02 00:51:47,CLI00514,Pereira,Tienda física,PEI-01,Hogar,Organizador modular,1,125900.00,10.00,125900.00,12590.00,113310.00,Efectivo,
3371,PED003371,2026-04-15 21:12:49,CLI00999,Bogotá D.C.,Aplicación móvil,,Tecnología,Teclado mecánico,1,229900.00,0.00,229900.00,0.00,229900.00,Tarjeta crédito,5.0
3372,PED003372,2026-05-05 09:05:16,CLI02243,Bucaramanga,Página web,,Electrodomésticos,Horno microondas,1,579900.00,0.00,579900.00,0.00,579900.00,Tarjeta débito,5.0
3373,PED003373,2026-01-22 19:31:49,CLI02046,Bogotá D.C.,Tienda física,BOG-02,Tecnología,Teclado mecánico,1,229900.00,10.00,229900.00,22990.00,206910.00,Tarjeta débito,5.0
3374,PED003374,2026-03-06 07:07:44,CLI01585,Barranquilla,Tienda física,BAQ-01,Deportes,Kit bandas elásticas,3,79900.00,0.00,239700.00,0.00,239700.00,Efectivo,4.0
3375,PED003375,2026-05-02 23:29:09,CLI00972,Bogotá D.C.,Aplicación móvil,,Deportes,Bicicleta estática,2,1499900.00,5.00,2999800.00,149990.00,2849810.00,Billetera digital,5.0
3376,PED003376,2026-06-29 21:07:14,CLI01644,Bucaramanga,Aplicación móvil,,Hogar,Organizador modular,1,125900.00,10.00,125900.00,12590.00,113310.00,PSE,
3377,PED003377,2026-03-03 03:44:28,CLI00859,Bucaramanga,Página web,,Tecnología,Smartwatch,2,346400.00,10.00,692800.00,69280.00,623520.00,PSE,
3378,PED003378,2026-04-29 23:00:27,CLI02603,Cali,Página web,,Deportes,Colchoneta yoga,1,85400.00,15.00,85400.00,12810.00,72590.00,Tarjeta débito,
3379,PED003379,2026-04-13 17:40:05,CLI01329,Cali,Página web,,Hogar,Organizador modular,3,125900.00,0.00,377700.00,0.00,377700.00,Tarjeta débito,5.0
3380,PED003380,2026-06-28 18:50:00,CLI00076,Bucaramanga,Página web,,Oficina,Silla ergonómica,2,764900.00,0.00,1529800.00,0.00,1529800.00,Tarjeta crédito,4.0
3381,PED003381,2026-04-19 04:58:52,CLI01809,Bogotá D.C.,Tienda física,BOG-02,Hogar,Lámpara de mesa,2,129900.00,5.00,259800.00,12990.00,246810.00,Efectivo,
3382,PED003382,2026-01-29 23:42:23,CLI02344,Bogotá D.C.,Página web,,Oficina,Archivador metálico,1,436900.00,0.00,436900.00,0.00,436900.00,Tarjeta débito,3.0
3383,PED003383,2026-06-25 16:10:30,CLI01136,Bucaramanga,Página web,,Hogar,Lámpara de mesa,1,129900.00,10.00,129900.00,12990.00,116910.00,Tarjeta débito,5.0
3384,PED003384,2026-02-26 06:38:12,CLI01280,Bucaramanga,Página web,,Oficina,Archivador metálico,1,450700.00,10.00,450700.00,45070.00,405630.00,PSE,4.0
3385,PED003385,2026-06-12 08:35:25,CLI01088,Medellín,Aplicación móvil,,Electrodomésticos,Freidora de aire,1,472400.00,5.00,472400.00,23620.00,448780.00,PSE,
3386,PED003386,2026-06-21 14:44:54,CLI02645,Medellín,Aplicación móvil,,Tecnología,Smartwatch,1,329900.00,15.00,329900.00,49485.00,280415.00,Billetera digital,
3387,PED003387,2026-06-19 01:25:32,CLI01334,Cali,Aplicación móvil,,Oficina,Silla ergonómica,1,749900.00,10.00,749900.00,74990.00,674910.00,PSE,
3388,PED003388,2026-03-07 20:53:30,CLI01990,Bogotá D.C.,Página web,,Electrodomésticos,Licuadora,3,244700.00,10.00,734100.00,73410.00,660690.00,Tarjeta crédito,4.0
3389,PED003389,2026-03-14 14:43:46,CLI01153,Medellín,Tienda física,MDE-01,Oficina,Impresora multifuncional,1,807400.00,10.00,807400.00,80740.00,726660.00,Efectivo,2.0
3390,PED003390,2026-05-04 16:14:05,CLI00731,Cali,Página web,,Hogar,Juego de ollas,3,289900.00,0.00,869700.00,0.00,869700.00,PSE,
3391,PED003391,2026-04-15 18:24:08,CLI01407,Cali,Página web,,Oficina,Silla ergonómica,1,749900.00,15.00,749900.00,112485.00,637415.00,Tarjeta débito,5.0
3392,PED003392,2026-02-04 12:17:32,CLI00557,Bogotá D.C.,Página web,,Deportes,Balón fútbol,3,125900.00,0.00,377700.00,0.00,377700.00,PSE,4.0
3393,PED003393,2026-05-10 06:25:50,CLI00945,Cali,Página web,,Deportes,Colchoneta yoga,1,89900.00,0.00,89900.00,0.00,89900.00,PSE,
3394,PED003394,2026-02-21 10:25:28,CLI01536,Bogotá D.C.,Tienda física,BOG-03,Tecnología,Teclado mecánico,1,229900.00,0.00,229900.00,0.00,229900.00,Tarjeta crédito,
3395,PED003395,2026-04-19 02:42:46,CLI00483,Bogotá D.C.,Página web,,Deportes,Mancuernas ajustables,2,399900.00,0.00,799800.00,0.00,799800.00,PSE,5.0
3396,PED003396,2026-03-08 14:27:28,CLI02617,Bogotá D.C.,Tienda física,BOG-01,Electrodomésticos,Arrocera,1,169900.00,0.00,169900.00,0.00,169900.00,Tarjeta débito,3.0
3397,PED003397,2026-03-19 10:28:06,CLI00631,Barranquilla,Aplicación móvil,,Tecnología,Tablet 10 pulgadas,1,917900.00,10.00,917900.00,91790.00,826110.00,PSE,4.0
3398,PED003398,2026-04-28 16:30:22,CLI00081,Bogotá D.C.,Aplicación móvil,,Hogar,Organizador modular,1,119900.00,0.00,119900.00,0.00,119900.00,PSE,4.0
3399,PED003399,2026-03-09 07:14:08,CLI01106,Cali,Aplicación móvil,,Oficina,Archivador metálico,1,469100.00,0.00,469100.00,0.00,469100.00,PSE,3.0
3400,PED003400,2026-05-19 16:10:55,CLI02250,Bucaramanga,Página web,,Tecnología,Monitor 24 pulgadas,1,699900.00,5.00,699900.00,34995.00,664905.00,Tarjeta crédito,5.0
3401,PED003401,2026-05-12 03:45:17,CLI01236,Bogotá D.C.,Tienda física,BOG-02,Tecnología,Audífonos Bluetooth,3,149900.00,0.00,449700.00,0.00,449700.00,Tarjeta crédito,
3402,PED003402,2026-02-04 07:43:46,CLI00247,Bogotá D.C.,Tienda física,BOG-02,Tecnología,Mouse inalámbrico,2,89900.00,10.00,179800.00,17980.00,161820.00,PSE,
3403,PED003403,2026-06-18 04:19:35,CLI01270,Bucaramanga,Tienda física,BGA-01,Tecnología,Monitor 24 pulgadas,3,664900.00,0.00,1994700.00,0.00,1994700.00,Efectivo,5.0
3404,PED003404,2026-04-14 09:54:48,CLI02173,Medellín,Página web,,Hogar,Organizador modular,1,117500.00,0.00,117500.00,0.00,117500.00,Tarjeta débito,5.0
3405,PED003405,2026-01-14 09:52:33,CLI01315,Medellín,Aplicación móvil,,Deportes,Mancuernas ajustables,4,419900.00,0.00,1679600.00,0.00,1679600.00,Tarjeta crédito,
3406,PED003406,2026-02-14 10:02:45,CLI00382,Bogotá D.C.,Página web,,Oficina,Base para portátil,2,109900.00,5.00,219800.00,10990.00,208810.00,PSE,4.0
3407,PED003407,2026-01-21 00:38:12,CLI02455,Cali,Tienda física,CLO-02,Electrodomésticos,Arrocera,1,169900.00,15.00,169900.00,25485.00,144415.00,Tarjeta crédito,
3408,PED003408,2026-05-20 20:31:19,CLI00821,Pereira,Aplicación móvil,,Oficina,Archivador metálico,2,459900.00,0.00,919800.00,0.00,919800.00,PSE,
3409,PED003409,2026-02-28 11:41:00,CLI02536,Cali,Aplicación móvil,,Hogar,Juego de ollas,1,275400.00,0.00,275400.00,0.00,275400.00,PSE,5.0
3410,PED003410,2026-03-17 07:07:10,CLI01326,Barranquilla,Tienda física,BAQ-01,Deportes,Kit bandas elásticas,1,83900.00,0.00,83900.00,0.00,83900.00,Tarjeta crédito,
3411,PED003411,2026-02-08 13:30:02,CLI01199,Bogotá D.C.,Tienda física,BOG-01,Electrodomésticos,Horno microondas,1,579900.00,10.00,579900.00,57990.00,521910.00,Efectivo,5.0
3412,PED003412,2026-05-23 06:16:07,CLI00722,Bucaramanga,Página web,,Oficina,Webcam Full HD,1,199900.00,10.00,199900.00,19990.00,179910.00,Tarjeta crédito,5.0
3413,PED003413,2026-03-30 11:30:52,CLI01156,Bucaramanga,Tienda física,BGA-01,Hogar,Juego de ollas,1,275400.00,0.00,275400.00,0.00,275400.00,Efectivo,
3414,PED003414,2026-03-29 21:58:17,CLI00627,Bogotá D.C.,Página web,,Deportes,Mancuernas ajustables,1,399900.00,10.00,399900.00,39990.00,359910.00,PSE,
3415,PED003415,2026-03-04 09:15:07,CLI02480,Bogotá D.C.,Aplicación móvil,,Tecnología,Smartwatch,2,329900.00,0.00,659800.00,0.00,659800.00,PSE,
3416,PED003416,2026-04-12 06:07:24,CLI02399,Bogotá D.C.,Aplicación móvil,,Tecnología,Tablet 10 pulgadas,1,899900.00,0.00,899900.00,0.00,899900.00,Billetera digital,5.0
3417,PED003417,2026-04-10 03:57:57,CLI01133,Medellín,Página web,,Deportes,Mancuernas ajustables,1,407900.00,0.00,407900.00,0.00,407900.00,Tarjeta crédito,5.0
3418,PED003418,2026-04-10 14:25:31,CLI01605,Medellín,Tienda física,MDE-02,Hogar,Organizador modular,1,122300.00,20.00,122300.00,24460.00,97840.00,Tarjeta crédito,4.0
3419,PED003419,2026-01-25 19:41:35,CLI01148,Bogotá D.C.,Tienda física,BOG-01,Deportes,Balón fútbol,1,119900.00,0.00,119900.00,0.00,119900.00,Efectivo,5.0
3420,PED003420,2026-03-25 12:09:05,CLI01043,Bogotá D.C.,Tienda física,BOG-02,Oficina,Impresora multifuncional,1,892400.00,0.00,892400.00,0.00,892400.00,Efectivo,5.0
3421,PED003421,2026-03-24 09:04:44,CLI00135,Medellín,Página web,,Hogar,Juego de ollas,1,284100.00,10.00,284100.00,28410.00,255690.00,Tarjeta crédito,
3422,PED003422,2026-04-06 10:33:57,CLI00098,Bogotá D.C.,Aplicación móvil,,Tecnología,Mouse inalámbrico,1,89900.00,0.00,89900.00,0.00,89900.00,Billetera digital,3.0
3423,PED003423,2026-02-22 10:15:24,CLI01126,Bucaramanga,Tienda física,BGA-01,Deportes,Balón fútbol,2,119900.00,15.00,239800.00,35970.00,203830.00,Tarjeta crédito,2.0
3424,PED003424,2026-03-19 02:24:52,CLI00909,Pereira,Página web,,Hogar,Purificador de aire,1,799900.00,0.00,799900.00,0.00,799900.00,PSE,4.0
3425,PED003425,2026-04-02 21:58:18,CLI01493,Barranquilla,Aplicación móvil,,Tecnología,Tablet 10 pulgadas,1,899900.00,0.00,899900.00,0.00,899900.00,Tarjeta crédito,1.0
3426,PED003426,2026-06-14 05:27:54,CLI01130,Cali,Tienda física,CLO-02,Electrodomésticos,Licuadora,1,227900.00,0.00,227900.00,0.00,227900.00,Efectivo,4.0
3427,PED003427,2026-04-25 00:39:09,CLI00064,Cali,Tienda física,CLO-01,Tecnología,Monitor 24 pulgadas,1,734900.00,10.00,734900.00,73490.00,661410.00,Efectivo,
3428,PED003428,2026-06-16 17:35:34,CLI00782,Medellín,Aplicación móvil,,Deportes,Kit bandas elásticas,1,75900.00,10.00,75900.00,7590.00,68310.00,Tarjeta débito,4.0
3429,PED003429,2026-05-22 07:30:14,CLI00085,Medellín,Página web,,Electrodomésticos,Freidora de aire,1,458900.00,10.00,458900.00,45890.00,413010.00,Tarjeta crédito,5.0
3430,PED003430,2026-03-11 09:04:59,CLI00388,Bogotá D.C.,Página web,,Electrodomésticos,Cafetera eléctrica,1,186100.00,0.00,186100.00,0.00,186100.00,Tarjeta débito,4.0
3431,PED003431,2026-01-16 03:20:29,CLI02001,Medellín,Aplicación móvil,,Hogar,Ventilador de torre,2,349900.00,10.00,699800.00,69980.00,629820.00,Tarjeta débito,4.0
3432,PED003432,2026-01-13 13:46:18,CLI01101,Pereira,Página web,,Electrodomésticos,Arrocera,1,169900.00,5.00,169900.00,8495.00,161405.00,PSE,
3433,PED003433,2026-05-02 23:13:34,CLI00809,Cali,Página web,,Electrodomésticos,Freidora de aire,1,472400.00,0.00,472400.00,0.00,472400.00,Tarjeta crédito,
3434,PED003434,2026-03-01 09:16:25,CLI02426,Bogotá D.C.,Página web,,Oficina,Base para portátil,1,109900.00,0.00,109900.00,0.00,109900.00,Tarjeta débito,
3435,PED003435,2026-04-02 14:12:07,CLI02280,Pereira,Página web,,Tecnología,Tablet 10 pulgadas,2,917900.00,0.00,1835800.00,0.00,1835800.00,PSE,5.0
3436,PED003436,2026-01-26 12:46:34,CLI01738,Medellín,Aplicación móvil,,Tecnología,Mouse inalámbrico,1,85400.00,5.00,85400.00,4270.00,81130.00,Tarjeta débito,
3437,PED003437,2026-06-29 08:31:28,CLI01312,Bucaramanga,Página web,,Deportes,Banda caminadora,1,2199900.00,0.00,2199900.00,0.00,2199900.00,Tarjeta débito,5.0
3438,PED003438,2026-02-24 15:25:56,CLI01460,Bucaramanga,Página web,,Oficina,Silla ergonómica,3,787400.00,5.00,2362200.00,118110.00,2244090.00,PSE,
3439,PED003439,2026-04-07 09:39:14,CLI02307,Pereira,Tienda física,PEI-01,Electrodomésticos,Sanduchera,1,129900.00,0.00,129900.00,0.00,129900.00,Tarjeta crédito,
3440,PED003440,2026-06-26 15:34:25,CLI01291,Bogotá D.C.,Página web,,Hogar,Purificador de aire,3,783900.00,0.00,2351700.00,0.00,2351700.00,PSE,4.0
3441,PED003441,2026-01-02 22:46:31,CLI01370,Bogotá D.C.,Aplicación móvil,,Electrodomésticos,Cafetera eléctrica,1,180400.00,0.00,180400.00,0.00,180400.00,Tarjeta crédito,5.0
3442,PED003442,2026-05-09 09:11:29,CLI02475,Cali,Aplicación móvil,,Oficina,Escritorio ajustable,2,1199900.00,5.00,2399800.00,119990.00,2279810.00,Tarjeta crédito,
3443,PED003443,2026-04-07 11:26:16,CLI02192,Bucaramanga,Aplicación móvil,,Electrodomésticos,Sanduchera,2,129900.00,0.00,259800.00,0.00,259800.00,Tarjeta crédito,
3444,PED003444,2026-04-04 18:18:10,CLI01587,Barranquilla,Aplicación móvil,,Electrodomésticos,Arrocera,2,161400.00,0.00,322800.00,0.00,322800.00,Tarjeta crédito,4.0
3445,PED003445,2026-02-01 22:46:48,CLI02219,Medellín,Tienda física,MDE-01,Electrodomésticos,Sanduchera,1,136400.00,20.00,136400.00,27280.00,109120.00,Efectivo,
3446,PED003446,2026-04-19 07:22:03,CLI02592,Cali,Tienda física,CLO-02,Oficina,Silla ergonómica,1,749900.00,15.00,749900.00,112485.00,637415.00,Efectivo,
3447,PED003447,2026-02-19 05:43:11,CLI00973,Medellín,Página web,,Oficina,Base para portátil,1,109900.00,0.00,109900.00,0.00,109900.00,Tarjeta débito,3.0
3448,PED003448,2026-04-05 03:40:18,CLI00162,Bogotá D.C.,Aplicación móvil,,Tecnología,Smartwatch,1,329900.00,0.00,329900.00,0.00,329900.00,PSE,
3449,PED003449,2026-03-02 23:59:31,CLI00917,Cali,Página web,,Hogar,Purificador de aire,1,799900.00,0.00,799900.00,0.00,799900.00,PSE,5.0
3450,PED003450,2026-03-06 06:52:17,CLI00621,Medellín,Página web,,Hogar,Aspiradora vertical,1,524900.00,5.00,524900.00,26245.00,498655.00,PSE,5.0
3451,PED003451,2026-04-23 02:42:18,CLI01527,Barranquilla,Página web,,Tecnología,Monitor 24 pulgadas,1,685900.00,0.00,685900.00,0.00,685900.00,PSE,4.0
3452,PED003452,2026-06-01 16:54:22,CLI00371,Barranquilla,Página web,,Oficina,Escritorio ajustable,1,1223900.00,10.00,1223900.00,122390.00,1101510.00,Transferencia,4.0
3453,PED003453,2026-06-28 15:04:36,CLI00916,Bucaramanga,Tienda física,BGA-01,Deportes,Mancuernas ajustables,1,419900.00,0.00,419900.00,0.00,419900.00,Tarjeta crédito,5.0
3454,PED003454,2026-04-22 08:13:11,CLI01914,Bogotá D.C.,Tienda física,BOG-03,Hogar,Purificador de aire,2,759900.00,5.00,1519800.00,75990.00,1443810.00,Tarjeta débito,
3455,PED003455,2026-01-20 07:58:07,CLI01070,Bogotá D.C.,Página web,,Deportes,Bicicleta estática,1,1499900.00,20.00,1499900.00,299980.00,1199920.00,PSE,3.0
3456,PED003456,2026-06-18 13:42:32,CLI01093,Bogotá D.C.,Página web,,Tecnología,Tablet 10 pulgadas,4,899900.00,10.00,3599600.00,359960.00,3239640.00,Tarjeta crédito,
3457,PED003457,2026-05-29 07:03:42,CLI02514,Medellín,Tienda física,MDE-02,Tecnología,Tablet 10 pulgadas,2,917900.00,15.00,1835800.00,275370.00,1560430.00,Efectivo,4.0
3458,PED003458,2026-06-02 06:49:18,CLI00995,Cali,Aplicación móvil,,Tecnología,Audífonos Bluetooth,3,149900.00,15.00,449700.00,67455.00,382245.00,PSE,
3459,PED003459,2026-03-14 03:45:05,CLI01786,Medellín,Página web,,Tecnología,Audífonos Bluetooth,2,149900.00,0.00,299800.00,0.00,299800.00,PSE,4.0
3460,PED003460,2026-03-14 08:36:47,CLI00700,Bucaramanga,Página web,,Electrodomésticos,Horno microondas,1,579900.00,0.00,579900.00,0.00,579900.00,PSE,
3461,PED003461,2026-06-19 07:53:10,CLI01203,Pereira,Página web,,Oficina,Webcam Full HD,1,199900.00,0.00,199900.00,0.00,199900.00,Tarjeta débito,5.0
3462,PED003462,2026-03-26 03:31:23,CLI00474,Bogotá D.C.,Tienda física,BOG-02,Deportes,Mancuernas ajustables,1,379900.00,0.00,379900.00,0.00,379900.00,Tarjeta débito,5.0
3463,PED003463,2026-01-26 03:16:16,CLI00082,Bogotá D.C.,Aplicación móvil,,Oficina,Silla ergonómica,1,787400.00,0.00,787400.00,0.00,787400.00,PSE,
3464,PED003464,2026-05-15 11:04:25,CLI00614,Medellín,Aplicación móvil,,Deportes,Kit bandas elásticas,1,79900.00,5.00,79900.00,3995.00,75905.00,PSE,4.0
3465,PED003465,2026-06-18 03:55:58,CLI02617,Cali,Página web,,Electrodomésticos,Horno microondas,1,608900.00,5.00,608900.00,30445.00,578455.00,PSE,5.0
3466,PED003466,2026-05-09 09:56:47,CLI02019,Medellín,Página web,,Electrodomésticos,Licuadora,3,227900.00,15.00,683700.00,102555.00,581145.00,PSE,3.0
3467,PED003467,2026-01-14 14:09:47,CLI02559,Cali,Página web,,Hogar,Organizador modular,1,125900.00,15.00,125900.00,18885.00,107015.00,PSE,5.0
3468,PED003468,2026-02-25 00:56:53,CLI01479,Cali,Página web,,Electrodomésticos,Freidora de aire,1,427400.00,15.00,427400.00,64110.00,363290.00,PSE,
3469,PED003469,2026-03-05 07:06:08,CLI02056,Medellín,Aplicación móvil,,Electrodomésticos,Freidora de aire,1,449900.00,0.00,449900.00,0.00,449900.00,Tarjeta crédito,5.0
3470,PED003470,2026-01-05 14:08:25,CLI00786,Barranquilla,Aplicación móvil,,Hogar,Ventilador de torre,1,349900.00,5.00,349900.00,17495.00,332405.00,Tarjeta débito,3.0
3471,PED003471,2026-05-03 23:35:36,CLI00825,Cali,Página web,,Deportes,Mancuernas ajustables,1,399900.00,0.00,399900.00,0.00,399900.00,PSE,
3472,PED003472,2026-02-20 18:41:11,CLI00925,Barranquilla,Tienda física,BAQ-01,Deportes,Colchoneta yoga,1,89900.00,10.00,89900.00,8990.00,80910.00,Efectivo,
3473,PED003473,2026-03-04 10:27:01,CLI00365,Barranquilla,Tienda física,BAQ-01,Hogar,Organizador modular,2,125900.00,10.00,251800.00,25180.00,226620.00,Tarjeta crédito,3.0
3474,PED003474,2026-01-10 05:22:41,CLI02361,Barranquilla,Página web,,Oficina,Silla ergonómica,1,749900.00,0.00,749900.00,0.00,749900.00,PSE,4.0
3475,PED003475,2026-05-17 05:10:50,CLI00169,Bogotá D.C.,Aplicación móvil,,Electrodomésticos,Freidora de aire,1,427400.00,0.00,427400.00,0.00,427400.00,PSE,4.0
3476,PED003476,2026-01-02 16:11:10,CLI00566,Bucaramanga,Página web,,Deportes,Banda caminadora,2,2309900.00,0.00,4619800.00,0.00,4619800.00,Tarjeta crédito,
3477,PED003477,2026-01-16 04:44:00,CLI00326,Medellín,Aplicación móvil,,Electrodomésticos,Horno microondas,3,579900.00,0.00,1739700.00,0.00,1739700.00,Tarjeta débito,5.0
3478,PED003478,2026-06-27 00:15:54,CLI01342,Bogotá D.C.,Página web,,Tecnología,Tablet 10 pulgadas,1,944900.00,0.00,944900.00,0.00,944900.00,Tarjeta crédito,
3479,PED003479,2026-02-13 18:11:53,CLI01708,Bogotá D.C.,Página web,,Oficina,Archivador metálico,1,450700.00,5.00,450700.00,22535.00,428165.00,PSE,4.0
3480,PED003480,2026-05-26 12:47:12,CLI01403,Bogotá D.C.,Tienda física,BOG-03,Deportes,Kit bandas elásticas,1,83900.00,0.00,83900.00,0.00,83900.00,Tarjeta débito,4.0
3481,PED003481,2026-01-18 20:10:13,CLI01289,Barranquilla,Tienda física,BAQ-01,Hogar,Lámpara de mesa,1,129900.00,0.00,129900.00,0.00,129900.00,Tarjeta débito,1.0
3482,PED003482,2026-03-31 07:01:51,CLI00697,Cali,Página web,,Tecnología,Smartwatch,1,329900.00,0.00,329900.00,0.00,329900.00,Tarjeta crédito,2.0
3483,PED003483,2026-04-29 16:51:14,CLI01803,Bogotá D.C.,Página web,,Oficina,Webcam Full HD,1,195900.00,5.00,195900.00,9795.00,186105.00,Tarjeta crédito,
3484,PED003484,2026-04-22 23:26:50,CLI02684,Pereira,Aplicación móvil,,Deportes,Colchoneta yoga,3,89900.00,15.00,269700.00,40455.00,229245.00,PSE,5.0
3485,PED003485,2026-06-29 09:47:25,CLI01243,Bogotá D.C.,Tienda física,BOG-01,Electrodomésticos,Arrocera,1,169900.00,0.00,169900.00,0.00,169900.00,Efectivo,
3486,PED003486,2026-06-27 23:51:11,CLI01869,Pereira,Página web,,Deportes,Balón fútbol,2,119900.00,0.00,239800.00,0.00,239800.00,Transferencia,
3487,PED003487,2026-06-13 21:21:03,CLI01298,Bucaramanga,Página web,,Tecnología,Monitor 24 pulgadas,1,685900.00,0.00,685900.00,0.00,685900.00,Tarjeta débito,
3488,PED003488,2026-01-21 09:56:45,CLI00795,Medellín,Tienda física,MDE-02,Hogar,Aspiradora vertical,2,474900.00,0.00,949800.00,0.00,949800.00,Tarjeta débito,5.0
3489,PED003489,2026-02-03 09:12:45,CLI00923,Cali,Página web,,Electrodomésticos,Licuadora,1,235100.00,0.00,235100.00,0.00,235100.00,Tarjeta débito,5.0
3490,PED003490,2026-01-29 11:54:49,CLI01180,Pereira,Aplicación móvil,,Electrodomésticos,Sanduchera,1,129900.00,0.00,129900.00,0.00,129900.00,PSE,
3491,PED003491,2026-05-16 06:53:02,CLI00480,Medellín,Tienda física,MDE-01,Tecnología,Audífonos Bluetooth,3,152900.00,0.00,458700.00,0.00,458700.00,Tarjeta crédito,
3492,PED003492,2026-06-13 00:55:32,CLI01555,Bucaramanga,Página web,,Hogar,Juego de ollas,1,289900.00,15.00,289900.00,43485.00,246415.00,Tarjeta crédito,
3493,PED003493,2026-01-13 06:51:15,CLI02491,Cali,Página web,,Electrodomésticos,Sanduchera,1,123400.00,10.00,123400.00,12340.00,111060.00,PSE,
3494,PED003494,2026-03-31 07:07:37,CLI00436,Medellín,Página web,,Electrodomésticos,Sanduchera,1,132500.00,5.00,132500.00,6625.00,125875.00,Transferencia,4.0
3495,PED003495,2026-06-06 19:32:42,CLI01257,Bogotá D.C.,Página web,,Deportes,Banda caminadora,1,2243900.00,0.00,2243900.00,0.00,2243900.00,PSE,3.0
3496,PED003496,2026-06-06 21:31:42,CLI01502,Cali,Tienda física,CLO-02,Oficina,Impresora multifuncional,2,866900.00,5.00,1733800.00,86690.00,1647110.00,Efectivo,4.0
3497,PED003497,2026-01-05 21:23:39,CLI01206,Barranquilla,Tienda física,BAQ-01,Oficina,Base para portátil,4,112100.00,5.00,448400.00,22420.00,425980.00,Tarjeta débito,4.0
3498,PED003498,2026-04-13 23:39:02,CLI02552,Barranquilla,Tienda física,BAQ-01,Hogar,Aspiradora vertical,1,489900.00,10.00,489900.00,48990.00,440910.00,Tarjeta débito,5.0
3499,PED003499,2026-03-28 21:04:41,CLI00002,Bogotá D.C.,Tienda física,BOG-03,Deportes,Colchoneta yoga,1,89900.00,0.00,89900.00,0.00,89900.00,PSE,3.0
3500,PED003500,2026-03-20 22:58:00,CLI02658,Pereira,Tienda física,PEI-01,Electrodomésticos,Horno microondas,1,579900.00,5.00,579900.00,28995.00,550905.00,Tarjeta crédito,5.0
3501,PED003501,2026-05-17 08:39:12,CLI02700,Medellín,Tienda física,MDE-02,Oficina,Silla ergonómica,1,734900.00,0.00,734900.00,0.00,734900.00,Tarjeta crédito,3.0
3502,PED003502,2026-05-23 07:11:40,CLI01898,Cali,Tienda física,CLO-02,Tecnología,Teclado mecánico,2,229900.00,10.00,459800.00,45980.00,413820.00,Tarjeta crédito,5.0
3503,PED003503,2026-02-28 20:00:09,CLI01948,Pereira,Página web,,Oficina,Silla ergonómica,2,787400.00,20.00,1574800.00,314960.00,1259840.00,Tarjeta crédito,
3504,PED003504,2026-05-05 06:19:45,CLI01316,Pereira,Página web,,Electrodomésticos,Cafetera eléctrica,1,186100.00,0.00,186100.00,0.00,186100.00,Tarjeta crédito,4.0
3505,PED003505,2026-01-31 00:28:07,CLI02471,Pereira,Página web,,Electrodomésticos,Horno microondas,1,591500.00,15.00,591500.00,88725.00,502775.00,PSE,4.0
3506,PED003506,2026-03-14 22:18:15,CLI00479,Bogotá D.C.,Aplicación móvil,,Tecnología,Tablet 10 pulgadas,2,944900.00,0.00,1889800.00,0.00,1889800.00,Tarjeta crédito,5.0
3507,PED003507,2026-02-28 23:08:59,CLI00727,Medellín,Aplicación móvil,,Tecnología,Tablet 10 pulgadas,2,881900.00,0.00,1763800.00,0.00,1763800.00,PSE,
3508,PED003508,2026-06-25 15:38:38,CLI01297,Bogotá D.C.,Página web,,Oficina,Archivador metálico,1,482900.00,5.00,482900.00,24145.00,458755.00,Transferencia,
3509,PED003509,2026-04-08 06:11:52,CLI01889,Cali,Página web,,Tecnología,Audífonos Bluetooth,1,149900.00,0.00,149900.00,0.00,149900.00,PSE,
3510,PED003510,2026-01-15 01:47:37,CLI00998,Barranquilla,Página web,,Electrodomésticos,Freidora de aire,1,440900.00,0.00,440900.00,0.00,440900.00,PSE,5.0
3511,PED003511,2026-06-08 17:47:54,CLI00084,Cali,Tienda física,CLO-02,Hogar,Purificador de aire,1,815900.00,10.00,815900.00,81590.00,734310.00,Tarjeta débito,2.0
3512,PED003512,2026-04-08 16:41:16,CLI01853,Bogotá D.C.,Página web,,Electrodomésticos,Horno microondas,2,608900.00,5.00,1217800.00,60890.00,1156910.00,Tarjeta crédito,
3513,PED003513,2026-06-06 11:55:54,CLI02270,Barranquilla,Tienda física,BAQ-01,Hogar,Lámpara de mesa,2,136400.00,15.00,272800.00,40920.00,231880.00,Tarjeta débito,
3514,PED003514,2026-06-24 12:37:34,CLI00822,Cali,Tienda física,CLO-01,Hogar,Ventilador de torre,1,349900.00,5.00,349900.00,17495.00,332405.00,Tarjeta débito,
3515,PED003515,2026-06-22 16:32:44,CLI02362,Cali,Página web,,Deportes,Balón fútbol,1,119900.00,5.00,119900.00,5995.00,113905.00,Tarjeta débito,
3516,PED003516,2026-05-20 07:45:24,CLI00896,Bogotá D.C.,Aplicación móvil,,Oficina,Base para portátil,1,109900.00,10.00,109900.00,10990.00,98910.00,PSE,2.0
3517,PED003517,2026-06-09 09:06:59,CLI02194,Bogotá D.C.,Página web,,Electrodomésticos,Horno microondas,4,579900.00,10.00,2319600.00,231960.00,2087640.00,PSE,4.0
3518,PED003518,2026-01-24 21:45:01,CLI00742,Bogotá D.C.,Página web,,Deportes,Banda caminadora,1,2243900.00,0.00,2243900.00,0.00,2243900.00,Tarjeta crédito,
3519,PED003519,2026-05-12 02:18:01,CLI00146,Medellín,Página web,,Electrodomésticos,Cafetera eléctrica,1,193700.00,0.00,193700.00,0.00,193700.00,Tarjeta crédito,
3520,PED003520,2026-03-11 02:37:17,CLI02684,Barranquilla,Página web,,Electrodomésticos,Arrocera,2,161400.00,5.00,322800.00,16140.00,306660.00,PSE,
3521,PED003521,2026-06-02 12:31:46,CLI00739,Cali,Página web,,Deportes,Banda caminadora,1,2199900.00,0.00,2199900.00,0.00,2199900.00,Tarjeta crédito,5.0
3522,PED003522,2026-03-02 14:25:58,CLI00575,Medellín,Tienda física,MDE-02,Electrodomésticos,Arrocera,3,169900.00,10.00,509700.00,50970.00,458730.00,Tarjeta débito,5.0
3523,PED003523,2026-04-09 07:04:40,CLI00304,Bucaramanga,Aplicación móvil,,Hogar,Purificador de aire,4,783900.00,0.00,3135600.00,0.00,3135600.00,Billetera digital,4.0
3524,PED003524,2026-06-25 17:52:20,CLI00955,Bogotá D.C.,Página web,,Tecnología,Mouse inalámbrico,1,89900.00,15.00,89900.00,13485.00,76415.00,Tarjeta débito,
3525,PED003525,2026-02-21 07:45:29,CLI02660,Bucaramanga,Tienda física,BGA-01,Deportes,Banda caminadora,2,2199900.00,15.00,4399800.00,659970.00,3739830.00,Tarjeta débito,
3526,PED003526,2026-06-18 11:13:26,CLI01676,Barranquilla,Aplicación móvil,,Deportes,Banda caminadora,1,2089900.00,0.00,2089900.00,0.00,2089900.00,PSE,
3527,PED003527,2026-02-06 13:00:45,CLI02064,Bogotá D.C.,Aplicación móvil,,Electrodomésticos,Cafetera eléctrica,1,186100.00,15.00,186100.00,27915.00,158185.00,PSE,
3528,PED003528,2026-06-12 01:07:54,CLI00123,Bogotá D.C.,Tienda física,BOG-01,Electrodomésticos,Licuadora,1,244700.00,0.00,244700.00,0.00,244700.00,Tarjeta débito,4.0
3529,PED003529,2026-02-18 15:04:51,CLI01585,Pereira,Página web,,Tecnología,Smartwatch,1,323300.00,20.00,323300.00,64660.00,258640.00,Tarjeta débito,5.0
3530,PED003530,2026-05-21 18:37:07,CLI01892,Cali,Tienda física,CLO-01,Electrodomésticos,Sanduchera,1,129900.00,10.00,129900.00,12990.00,116910.00,Efectivo,4.0
3531,PED003531,2026-02-24 05:03:12,CLI02185,Barranquilla,Tienda física,BAQ-01,Electrodomésticos,Arrocera,1,169900.00,5.00,169900.00,8495.00,161405.00,Tarjeta crédito,
3532,PED003532,2026-04-27 03:36:43,CLI00183,Bogotá D.C.,Página web,,Tecnología,Teclado mecánico,3,229900.00,15.00,689700.00,103455.00,586245.00,Tarjeta débito,
3533,PED003533,2026-05-19 19:21:13,CLI00157,Cali,Página web,,Tecnología,Mouse inalámbrico,1,91700.00,0.00,91700.00,0.00,91700.00,Tarjeta débito,2.0
3534,PED003534,2026-01-16 13:54:23,CLI01279,Bogotá D.C.,Aplicación móvil,,Tecnología,Smartwatch,1,329900.00,0.00,329900.00,0.00,329900.00,Billetera digital,
3535,PED003535,2026-01-02 15:55:32,CLI02485,Medellín,Página web,,Tecnología,Smartwatch,1,329900.00,0.00,329900.00,0.00,329900.00,Tarjeta crédito,4.0
3536,PED003536,2026-01-10 12:05:16,CLI00134,Bogotá D.C.,Tienda física,BOG-03,Deportes,Banda caminadora,1,2243900.00,10.00,2243900.00,224390.00,2019510.00,Tarjeta crédito,
3537,PED003537,2026-04-10 11:09:47,CLI01556,Bucaramanga,Aplicación móvil,,Electrodomésticos,Freidora de aire,4,449900.00,0.00,1799600.00,0.00,1799600.00,Billetera digital,3.0
3538,PED003538,2026-01-28 20:58:11,CLI00032,Barranquilla,Página web,,Electrodomésticos,Licuadora,2,239900.00,0.00,479800.00,0.00,479800.00,Tarjeta crédito,
3539,PED003539,2026-05-21 13:48:39,CLI01442,Medellín,Tienda física,MDE-01,Deportes,Balón fútbol,1,119900.00,0.00,119900.00,0.00,119900.00,Tarjeta débito,5.0
3540,PED003540,2026-06-10 17:57:58,CLI02693,Cali,Tienda física,CLO-01,Hogar,Juego de ollas,1,275400.00,5.00,275400.00,13770.00,261630.00,PSE,5.0
3541,PED003541,2026-04-01 06:25:07,CLI00301,Bogotá D.C.,Página web,,Deportes,Kit bandas elásticas,2,75900.00,0.00,151800.00,0.00,151800.00,Tarjeta crédito,5.0
3542,PED003542,2026-06-24 04:16:41,CLI00658,Medellín,Página web,,Tecnología,Monitor 24 pulgadas,1,699900.00,5.00,699900.00,34995.00,664905.00,PSE,
3543,PED003543,2026-03-04 02:42:24,CLI00836,Bogotá D.C.,Aplicación móvil,,Tecnología,Smartwatch,1,313400.00,5.00,313400.00,15670.00,297730.00,PSE,2.0
3544,PED003544,2026-02-09 22:57:07,CLI02632,Medellín,Página web,,Tecnología,Smartwatch,2,323300.00,0.00,646600.00,0.00,646600.00,PSE,
3545,PED003545,2026-01-17 07:42:04,CLI02266,Bucaramanga,Página web,,Hogar,Aspiradora vertical,1,489900.00,20.00,489900.00,97980.00,391920.00,Tarjeta crédito,5.0
3546,PED003546,2026-05-16 22:51:57,CLI02227,Pereira,Tienda física,PEI-01,Tecnología,Monitor 24 pulgadas,1,713900.00,0.00,713900.00,0.00,713900.00,Efectivo,
3547,PED003547,2026-02-13 10:38:44,CLI01954,Barranquilla,Página web,,Electrodomésticos,Cafetera eléctrica,2,189900.00,5.00,379800.00,18990.00,360810.00,Tarjeta débito,
3548,PED003548,2026-04-27 23:37:07,CLI01756,Barranquilla,Tienda física,BAQ-01,Tecnología,Tablet 10 pulgadas,1,899900.00,0.00,899900.00,0.00,899900.00,Tarjeta débito,
3549,PED003549,2026-03-06 14:38:51,CLI00786,Medellín,Tienda física,MDE-02,Electrodomésticos,Arrocera,1,178400.00,0.00,178400.00,0.00,178400.00,Tarjeta débito,
3550,PED003550,2026-01-14 19:25:19,CLI01049,Bogotá D.C.,Página web,,Hogar,Organizador modular,1,122300.00,0.00,122300.00,0.00,122300.00,Tarjeta débito,
3551,PED003551,2026-03-09 04:07:33,CLI01797,Pereira,Tienda física,PEI-01,Deportes,Colchoneta yoga,1,85400.00,10.00,85400.00,8540.00,76860.00,Tarjeta débito,4.0
3552,PED003552,2026-03-04 00:09:56,CLI02074,Barranquilla,Aplicación móvil,,Tecnología,Smartwatch,2,329900.00,5.00,659800.00,32990.00,626810.00,Billetera digital,5.0
3553,PED003553,2026-04-15 03:39:09,CLI02651,Bogotá D.C.,Tienda física,BOG-03,Electrodomésticos,Horno microondas,4,550900.00,0.00,2203600.00,0.00,2203600.00,Tarjeta crédito,
3554,PED003554,2026-02-24 12:20:58,CLI01767,Cali,Tienda física,CLO-02,Oficina,Escritorio ajustable,2,1199900.00,10.00,2399800.00,239980.00,2159820.00,Tarjeta débito,
3555,PED003555,2026-02-08 13:48:36,CLI00025,Medellín,Página web,,Deportes,Mancuernas ajustables,1,399900.00,0.00,399900.00,0.00,399900.00,PSE,
3556,PED003556,2026-02-19 10:44:08,CLI02175,Bogotá D.C.,Página web,,Tecnología,Audífonos Bluetooth,1,142400.00,5.00,142400.00,7120.00,135280.00,Tarjeta crédito,
3557,PED003557,2026-01-25 12:12:48,CLI01032,Barranquilla,Tienda física,BAQ-01,Oficina,Impresora multifuncional,1,866900.00,0.00,866900.00,0.00,866900.00,Tarjeta débito,4.0
3558,PED003558,2026-05-06 09:49:39,CLI01323,Pereira,Página web,,Electrodomésticos,Horno microondas,1,568300.00,15.00,568300.00,85245.00,483055.00,PSE,
3559,PED003559,2026-01-05 07:45:52,CLI01883,Barranquilla,Tienda física,BAQ-01,Deportes,Kit bandas elásticas,1,81500.00,15.00,81500.00,12225.00,69275.00,Tarjeta crédito,5.0
3560,PED003560,2026-05-04 09:13:10,CLI02343,Bucaramanga,Aplicación móvil,,Hogar,Aspiradora vertical,1,499900.00,0.00,499900.00,0.00,499900.00,PSE,
3561,PED003561,2026-06-30 09:35:25,CLI00687,Bogotá D.C.,Página web,,Deportes,Kit bandas elásticas,1,83900.00,15.00,83900.00,12585.00,71315.00,PSE,3.0
3562,PED003562,2026-06-01 08:52:17,CLI01299,Medellín,Aplicación móvil,,Hogar,Lámpara de mesa,2,129900.00,0.00,259800.00,0.00,259800.00,Tarjeta crédito,
3563,PED003563,2026-01-28 10:18:33,CLI00301,Pereira,Tienda física,PEI-01,Hogar,Ventilador de torre,1,367400.00,0.00,367400.00,0.00,367400.00,Tarjeta débito,4.0
3564,PED003564,2026-06-29 17:16:42,CLI00231,Bogotá D.C.,Tienda física,BOG-03,Electrodomésticos,Horno microondas,1,579900.00,0.00,579900.00,0.00,579900.00,Tarjeta débito,
3565,PED003565,2026-01-06 19:55:58,CLI02026,Medellín,Página web,,Electrodomésticos,Sanduchera,2,129900.00,0.00,259800.00,0.00,259800.00,Transferencia,4.0
3566,PED003566,2026-02-04 21:09:05,CLI02605,Cali,Página web,,Hogar,Purificador de aire,1,759900.00,5.00,759900.00,37995.00,721905.00,PSE,
3567,PED003567,2026-01-30 19:05:52,CLI02121,Bucaramanga,Página web,,Deportes,Bicicleta estática,2,1499900.00,0.00,2999800.00,0.00,2999800.00,Tarjeta débito,
3568,PED003568,2026-06-04 03:55:51,CLI02059,Bucaramanga,Aplicación móvil,,Deportes,Banda caminadora,1,2199900.00,10.00,2199900.00,219990.00,1979910.00,Tarjeta débito,4.0
3569,PED003569,2026-01-25 19:28:50,CLI01390,Barranquilla,Página web,,Deportes,Colchoneta yoga,2,85400.00,0.00,170800.00,0.00,170800.00,Tarjeta débito,
3570,PED003570,2026-06-02 19:22:22,CLI02339,Bogotá D.C.,Aplicación móvil,,Tecnología,Audífonos Bluetooth,1,149900.00,0.00,149900.00,0.00,149900.00,Tarjeta crédito,
3571,PED003571,2026-03-15 21:42:33,CLI02604,Bogotá D.C.,Tienda física,BOG-03,Deportes,Banda caminadora,2,2089900.00,20.00,4179800.00,835960.00,3343840.00,Tarjeta débito,
3572,PED003572,2026-06-29 19:54:18,CLI01731,Cali,Aplicación móvil,,Tecnología,Monitor 24 pulgadas,2,699900.00,0.00,1399800.00,0.00,1399800.00,Tarjeta crédito,5.0
3573,PED003573,2026-05-01 21:24:57,CLI01007,Cali,Página web,,Tecnología,Teclado mecánico,2,225300.00,0.00,450600.00,0.00,450600.00,Tarjeta crédito,5.0
3574,PED003574,2026-04-09 18:38:58,CLI02035,Medellín,Aplicación móvil,,Tecnología,Mouse inalámbrico,3,89900.00,10.00,269700.00,26970.00,242730.00,Tarjeta crédito,4.0
3575,PED003575,2026-06-19 08:38:59,CLI00725,Medellín,Página web,,Deportes,Banda caminadora,1,2199900.00,0.00,2199900.00,0.00,2199900.00,Tarjeta débito,
3576,PED003576,2026-03-31 01:52:15,CLI01541,Barranquilla,Tienda física,BAQ-01,Tecnología,Tablet 10 pulgadas,2,881900.00,5.00,1763800.00,88190.00,1675610.00,Efectivo,5.0
3577,PED003577,2026-04-01 23:49:51,CLI00434,Bogotá D.C.,Página web,,Hogar,Aspiradora vertical,1,499900.00,15.00,499900.00,74985.00,424915.00,Tarjeta crédito,5.0
3578,PED003578,2026-05-14 23:29:19,CLI02666,Cali,Tienda física,CLO-02,Deportes,Balón fútbol,1,117500.00,5.00,117500.00,5875.00,111625.00,Efectivo,2.0
3579,PED003579,2026-01-23 11:18:30,CLI00575,Pereira,Página web,,Hogar,Aspiradora vertical,1,489900.00,15.00,489900.00,73485.00,416415.00,Tarjeta crédito,
3580,PED003580,2026-02-05 09:05:52,CLI01966,Bogotá D.C.,Página web,,Deportes,Colchoneta yoga,1,89900.00,0.00,89900.00,0.00,89900.00,Tarjeta crédito,3.0
3581,PED003581,2026-03-13 21:46:39,CLI02117,Bogotá D.C.,Tienda física,BOG-02,Deportes,Banda caminadora,1,2155900.00,10.00,2155900.00,215590.00,1940310.00,Tarjeta crédito,4.0
3582,PED003582,2026-06-26 21:13:52,CLI02193,Medellín,Aplicación móvil,,Deportes,Bicicleta estática,1,1574900.00,0.00,1574900.00,0.00,1574900.00,PSE,5.0
3583,PED003583,2026-03-22 21:19:46,CLI00988,Bucaramanga,Tienda física,BGA-01,Tecnología,Audífonos Bluetooth,1,149900.00,0.00,149900.00,0.00,149900.00,Tarjeta débito,5.0
3584,PED003584,2026-03-13 03:51:31,CLI01091,Cali,Tienda física,CLO-01,Hogar,Aspiradora vertical,3,489900.00,10.00,1469700.00,146970.00,1322730.00,PSE,
3585,PED003585,2026-04-21 06:02:16,CLI00173,Medellín,Página web,,Tecnología,Audífonos Bluetooth,2,149900.00,0.00,299800.00,0.00,299800.00,PSE,
3586,PED003586,2026-02-09 02:44:24,CLI02163,Medellín,Tienda física,MDE-02,Oficina,Archivador metálico,2,459900.00,10.00,919800.00,91980.00,827820.00,PSE,
3587,PED003587,2026-02-08 02:00:23,CLI01204,Bogotá D.C.,Página web,,Electrodomésticos,Licuadora,1,227900.00,15.00,227900.00,34185.00,193715.00,PSE,4.0
3588,PED003588,2026-04-25 14:29:03,CLI00265,Cali,Tienda física,CLO-02,Electrodomésticos,Licuadora,3,251900.00,0.00,755700.00,0.00,755700.00,PSE,
3589,PED003589,2026-04-18 13:24:35,CLI00567,Barranquilla,Página web,,Oficina,Escritorio ajustable,1,1223900.00,0.00,1223900.00,0.00,1223900.00,Tarjeta débito,
3590,PED003590,2026-01-23 01:45:48,CLI02066,Medellín,Aplicación móvil,,Tecnología,Tablet 10 pulgadas,1,854900.00,10.00,854900.00,85490.00,769410.00,PSE,
3591,PED003591,2026-05-31 14:19:01,CLI00460,Cali,Aplicación móvil,,Tecnología,Audífonos Bluetooth,3,149900.00,15.00,449700.00,67455.00,382245.00,PSE,5.0
3592,PED003592,2026-06-14 13:51:47,CLI00453,Bogotá D.C.,Tienda física,BOG-01,Tecnología,Monitor 24 pulgadas,1,713900.00,20.00,713900.00,142780.00,571120.00,Tarjeta crédito,
3593,PED003593,2026-01-02 02:57:18,CLI01202,Bogotá D.C.,Aplicación móvil,,Hogar,Purificador de aire,1,799900.00,0.00,799900.00,0.00,799900.00,Tarjeta crédito,
3594,PED003594,2026-05-20 15:04:42,CLI02071,Medellín,Aplicación móvil,,Oficina,Impresora multifuncional,1,807400.00,0.00,807400.00,0.00,807400.00,Tarjeta crédito,5.0
3595,PED003595,2026-01-06 21:44:10,CLI01932,Pereira,Tienda física,PEI-01,Electrodomésticos,Horno microondas,2,568300.00,10.00,1136600.00,113660.00,1022940.00,Efectivo,4.0
3596,PED003596,2026-01-06 13:45:26,CLI00259,Medellín,Página web,,Tecnología,Smartwatch,2,329900.00,0.00,659800.00,0.00,659800.00,Tarjeta crédito,
3597,PED003597,2026-01-09 02:33:13,CLI00139,Bucaramanga,Aplicación móvil,,Deportes,Banda caminadora,1,2089900.00,0.00,2089900.00,0.00,2089900.00,Tarjeta crédito,4.0
3598,PED003598,2026-03-31 18:02:58,CLI00866,Bucaramanga,Aplicación móvil,,Oficina,Base para portátil,1,109900.00,10.00,109900.00,10990.00,98910.00,Tarjeta crédito,4.0
3599,PED003599,2026-06-11 09:12:45,CLI01434,Pereira,Aplicación móvil,,Tecnología,Teclado mecánico,1,218400.00,5.00,218400.00,10920.00,207480.00,PSE,4.0
3600,PED003600,2026-03-31 11:02:35,CLI02357,Pereira,Tienda física,PEI-01,Deportes,Balón fútbol,1,119900.00,5.00,119900.00,5995.00,113905.00,Tarjeta débito,
3601,PED003601,2026-03-01 16:33:44,CLI02408,Bucaramanga,Página web,,Oficina,Impresora multifuncional,2,832900.00,10.00,1665800.00,166580.00,1499220.00,Tarjeta débito,5.0
3602,PED003602,2026-04-01 13:47:12,CLI00138,Bogotá D.C.,Página web,,Electrodomésticos,Licuadora,1,244700.00,0.00,244700.00,0.00,244700.00,Tarjeta crédito,
3603,PED003603,2026-04-02 01:07:51,CLI00518,Bogotá D.C.,Página web,,Electrodomésticos,Horno microondas,2,579900.00,0.00,1159800.00,0.00,1159800.00,Tarjeta crédito,4.0
3604,PED003604,2026-01-23 10:09:53,CLI00360,Bogotá D.C.,Página web,,Oficina,Impresora multifuncional,1,807400.00,0.00,807400.00,0.00,807400.00,Tarjeta crédito,
3605,PED003605,2026-02-06 10:07:49,CLI02197,Medellín,Página web,,Hogar,Ventilador de torre,2,342900.00,10.00,685800.00,68580.00,617220.00,Tarjeta crédito,4.0
3606,PED003606,2026-03-10 07:34:56,CLI00898,Bucaramanga,Aplicación móvil,,Tecnología,Tablet 10 pulgadas,1,881900.00,10.00,881900.00,88190.00,793710.00,PSE,4.0
3607,PED003607,2026-05-27 10:20:29,CLI02512,Bogotá D.C.,Aplicación móvil,,Deportes,Colchoneta yoga,1,94400.00,5.00,94400.00,4720.00,89680.00,Tarjeta crédito,5.0
3608,PED003608,2026-06-28 19:07:26,CLI01923,Medellín,Tienda física,MDE-02,Electrodomésticos,Cafetera eléctrica,2,189900.00,15.00,379800.00,56970.00,322830.00,Tarjeta crédito,4.0
3609,PED003609,2026-04-13 06:45:12,CLI00239,Medellín,Página web,,Oficina,Base para portátil,1,107700.00,0.00,107700.00,0.00,107700.00,PSE,4.0
3610,PED003610,2026-06-29 08:25:37,CLI01578,Bogotá D.C.,Página web,,Hogar,Juego de ollas,1,289900.00,0.00,289900.00,0.00,289900.00,Tarjeta crédito,3.0
3611,PED003611,2026-06-29 23:03:35,CLI00196,Medellín,Página web,,Oficina,Base para portátil,1,104400.00,20.00,104400.00,20880.00,83520.00,PSE,2.0
3612,PED003612,2026-05-24 13:03:31,CLI02574,Medellín,Aplicación móvil,,Hogar,Juego de ollas,1,289900.00,5.00,289900.00,14495.00,275405.00,Billetera digital,2.0
3613,PED003613,2026-04-18 13:24:54,CLI00555,Bogotá D.C.,Tienda física,BOG-03,Oficina,Archivador metálico,1,436900.00,0.00,436900.00,0.00,436900.00,Efectivo,3.0
3614,PED003614,2026-06-14 09:51:37,CLI00236,Pereira,Página web,,Electrodomésticos,Licuadora,2,239900.00,0.00,479800.00,0.00,479800.00,Tarjeta crédito,
3615,PED003615,2026-02-04 12:35:58,CLI00145,Barranquilla,Tienda física,BAQ-01,Oficina,Webcam Full HD,1,199900.00,10.00,199900.00,19990.00,179910.00,Tarjeta crédito,4.0
3616,PED003616,2026-05-01 13:24:00,CLI00293,Bogotá D.C.,Aplicación móvil,,Hogar,Purificador de aire,2,799900.00,0.00,1599800.00,0.00,1599800.00,Billetera digital,4.0
3617,PED003617,2026-04-10 13:07:21,CLI02391,Cali,Página web,,Oficina,Webcam Full HD,1,195900.00,0.00,195900.00,0.00,195900.00,Transferencia,
3618,PED003618,2026-04-13 09:32:37,CLI00324,Bogotá D.C.,Tienda física,BOG-01,Hogar,Ventilador de torre,2,356900.00,15.00,713800.00,107070.00,606730.00,Efectivo,
3619,PED003619,2026-04-29 21:14:40,CLI01319,Pereira,Página web,,Hogar,Lámpara de mesa,2,129900.00,15.00,259800.00,38970.00,220830.00,Tarjeta crédito,
3620,PED003620,2026-04-06 00:08:49,CLI02457,Cali,Página web,,Electrodomésticos,Freidora de aire,1,449900.00,10.00,449900.00,44990.00,404910.00,Tarjeta crédito,4.0
3621,PED003621,2026-06-27 08:19:45,CLI01601,Pereira,Aplicación móvil,,Deportes,Mancuernas ajustables,1,399900.00,5.00,399900.00,19995.00,379905.00,Tarjeta crédito,5.0
3622,PED003622,2026-01-09 01:12:29,CLI02594,Bogotá D.C.,Tienda física,BOG-01,Tecnología,Tablet 10 pulgadas,2,944900.00,20.00,1889800.00,377960.00,1511840.00,Tarjeta crédito,1.0
3623,PED003623,2026-01-23 02:07:29,CLI01959,Bucaramanga,Página web,,Tecnología,Monitor 24 pulgadas,1,713900.00,0.00,713900.00,0.00,713900.00,PSE,4.0
3624,PED003624,2026-05-23 14:38:13,CLI01486,Barranquilla,Aplicación móvil,,Electrodomésticos,Horno microondas,1,608900.00,0.00,608900.00,0.00,608900.00,Tarjeta débito,3.0
3625,PED003625,2026-04-21 06:19:35,CLI02536,Medellín,Tienda física,MDE-02,Tecnología,Audífonos Bluetooth,2,142400.00,10.00,284800.00,28480.00,256320.00,Efectivo,
3626,PED003626,2026-01-29 08:13:42,CLI02006,Barranquilla,Página web,,Tecnología,Mouse inalámbrico,1,85400.00,0.00,85400.00,0.00,85400.00,Tarjeta crédito,
3627,PED003627,2026-01-26 23:44:41,CLI02601,Cali,Aplicación móvil,,Hogar,Aspiradora vertical,1,474900.00,10.00,474900.00,47490.00,427410.00,PSE,5.0
3628,PED003628,2026-03-21 20:25:16,CLI01459,Medellín,Tienda física,MDE-01,Tecnología,Teclado mecánico,1,241400.00,10.00,241400.00,24140.00,217260.00,Tarjeta débito,
3629,PED003629,2026-06-04 09:03:15,CLI00622,Barranquilla,Aplicación móvil,,Tecnología,Teclado mecánico,1,241400.00,5.00,241400.00,12070.00,229330.00,Tarjeta crédito,5.0
3630,PED003630,2026-06-28 01:44:20,CLI00818,Medellín,Aplicación móvil,,Tecnología,Tablet 10 pulgadas,1,917900.00,0.00,917900.00,0.00,917900.00,Tarjeta crédito,
3631,PED003631,2026-03-07 19:47:01,CLI00779,Medellín,Tienda física,MDE-02,Tecnología,Tablet 10 pulgadas,1,899900.00,10.00,899900.00,89990.00,809910.00,Efectivo,
3632,PED003632,2026-05-23 08:31:06,CLI01746,Cali,Aplicación móvil,,Deportes,Kit bandas elásticas,1,83900.00,0.00,83900.00,0.00,83900.00,PSE,4.0
3633,PED003633,2026-03-23 10:13:53,CLI01685,Bogotá D.C.,Aplicación móvil,,Deportes,Banda caminadora,1,2089900.00,0.00,2089900.00,0.00,2089900.00,PSE,4.0
3634,PED003634,2026-05-13 17:15:02,CLI00051,Pereira,Página web,,Tecnología,Smartwatch,1,346400.00,0.00,346400.00,0.00,346400.00,PSE,3.0
3635,PED003635,2026-01-01 18:36:23,CLI01646,Medellín,Página web,,Tecnología,Smartwatch,1,336500.00,20.00,336500.00,67300.00,269200.00,Tarjeta débito,
3636,PED003636,2026-01-17 21:34:15,CLI00976,Cali,Tienda física,CLO-01,Electrodomésticos,Arrocera,2,166500.00,5.00,333000.00,16650.00,316350.00,PSE,5.0
3637,PED003637,2026-06-03 03:34:06,CLI00006,Medellín,Aplicación móvil,,Hogar,Purificador de aire,2,839900.00,0.00,1679800.00,0.00,1679800.00,Tarjeta crédito,
3638,PED003638,2026-02-12 16:06:58,CLI02302,Cali,Aplicación móvil,,Hogar,Organizador modular,1,125900.00,15.00,125900.00,18885.00,107015.00,Tarjeta débito,5.0
3639,PED003639,2026-02-04 08:29:47,CLI01720,Cali,Página web,,Tecnología,Teclado mecánico,1,229900.00,0.00,229900.00,0.00,229900.00,Tarjeta débito,4.0
3640,PED003640,2026-04-21 17:09:52,CLI01477,Bogotá D.C.,Página web,,Tecnología,Mouse inalámbrico,2,88100.00,10.00,176200.00,17620.00,158580.00,PSE,5.0
3641,PED003641,2026-05-18 16:55:07,CLI00725,Barranquilla,Página web,,Tecnología,Smartwatch,1,346400.00,10.00,346400.00,34640.00,311760.00,Tarjeta crédito,5.0
3642,PED003642,2026-02-08 16:20:50,CLI00804,Cali,Aplicación móvil,,Oficina,Webcam Full HD,1,199900.00,0.00,199900.00,0.00,199900.00,PSE,
3643,PED003643,2026-04-08 12:55:13,CLI02325,Barranquilla,Aplicación móvil,,Electrodomésticos,Freidora de aire,1,449900.00,20.00,449900.00,89980.00,359920.00,PSE,4.0
3644,PED003644,2026-03-10 04:49:56,CLI01975,Bogotá D.C.,Aplicación móvil,,Tecnología,Mouse inalámbrico,1,89900.00,20.00,89900.00,17980.00,71920.00,PSE,4.0
3645,PED003645,2026-02-05 22:14:07,CLI01855,Bucaramanga,Tienda física,BGA-01,Electrodomésticos,Cafetera eléctrica,1,189900.00,10.00,189900.00,18990.00,170910.00,Tarjeta crédito,
3646,PED003646,2026-01-19 00:13:09,CLI01117,Medellín,Tienda física,MDE-01,Tecnología,Tablet 10 pulgadas,1,899900.00,5.00,899900.00,44995.00,854905.00,Tarjeta débito,4.0
3647,PED003647,2026-03-28 14:15:48,CLI02388,Medellín,Página web,,Tecnología,Monitor 24 pulgadas,1,734900.00,10.00,734900.00,73490.00,661410.00,Tarjeta débito,5.0
3648,PED003648,2026-04-05 16:39:18,CLI01095,Cali,Página web,,Deportes,Mancuernas ajustables,3,399900.00,0.00,1199700.00,0.00,1199700.00,Tarjeta débito,4.0
3649,PED003649,2026-02-25 19:50:34,CLI00209,Bogotá D.C.,Página web,,Tecnología,Smartwatch,1,313400.00,0.00,313400.00,0.00,313400.00,Tarjeta crédito,
3650,PED003650,2026-02-01 11:24:22,CLI01593,Medellín,Página web,,Deportes,Banda caminadora,2,2199900.00,5.00,4399800.00,219990.00,4179810.00,Tarjeta crédito,
3651,PED003651,2026-01-13 08:25:00,CLI00964,Bogotá D.C.,Aplicación móvil,,Hogar,Lámpara de mesa,1,132500.00,0.00,132500.00,0.00,132500.00,Tarjeta débito,
3652,PED003652,2026-05-01 01:17:38,CLI00046,Barranquilla,Página web,,Electrodomésticos,Arrocera,1,161400.00,10.00,161400.00,16140.00,145260.00,Tarjeta débito,
3653,PED003653,2026-01-31 09:07:09,CLI00385,Barranquilla,Página web,,Tecnología,Teclado mecánico,1,229900.00,10.00,229900.00,22990.00,206910.00,Tarjeta crédito,
3654,PED003654,2026-03-20 09:24:54,CLI01364,Bucaramanga,Tienda física,BGA-01,Tecnología,Monitor 24 pulgadas,1,734900.00,15.00,734900.00,110235.00,624665.00,Tarjeta débito,
3655,PED003655,2026-02-17 08:23:35,CLI00052,Bogotá D.C.,Página web,,Tecnología,Monitor 24 pulgadas,1,699900.00,0.00,699900.00,0.00,699900.00,Tarjeta crédito,4.0
3656,PED003656,2026-06-02 03:13:51,CLI01476,Medellín,Tienda física,MDE-01,Hogar,Ventilador de torre,1,356900.00,0.00,356900.00,0.00,356900.00,Efectivo,
3657,PED003657,2026-06-07 21:04:50,CLI00706,Cali,Tienda física,CLO-02,Deportes,Bicicleta estática,2,1469900.00,10.00,2939800.00,293980.00,2645820.00,Efectivo,4.0
3658,PED003658,2026-05-13 12:17:53,CLI00920,Bogotá D.C.,Página web,,Deportes,Mancuernas ajustables,1,399900.00,5.00,399900.00,19995.00,379905.00,Tarjeta crédito,3.0
3659,PED003659,2026-01-26 07:52:59,CLI00265,Bogotá D.C.,Aplicación móvil,,Deportes,Balón fútbol,4,117500.00,5.00,470000.00,23500.00,446500.00,Tarjeta crédito,5.0
3660,PED003660,2026-01-30 08:17:31,CLI02188,Bogotá D.C.,Tienda física,BOG-01,Tecnología,Monitor 24 pulgadas,2,699900.00,10.00,1399800.00,139980.00,1259820.00,Tarjeta débito,3.0
3661,PED003661,2026-06-13 01:33:56,CLI00453,Cali,Página web,,Electrodomésticos,Cafetera eléctrica,2,180400.00,0.00,360800.00,0.00,360800.00,Tarjeta crédito,5.0
3662,PED003662,2026-04-04 14:52:21,CLI01845,Cali,Página web,,Hogar,Purificador de aire,2,759900.00,0.00,1519800.00,0.00,1519800.00,Tarjeta crédito,
3663,PED003663,2026-02-11 20:44:26,CLI00133,Cali,Aplicación móvil,,Tecnología,Monitor 24 pulgadas,2,713900.00,10.00,1427800.00,142780.00,1285020.00,Tarjeta crédito,5.0
3664,PED003664,2026-06-29 05:13:49,CLI00985,Pereira,Tienda física,PEI-01,Electrodomésticos,Cafetera eléctrica,4,189900.00,0.00,759600.00,0.00,759600.00,Tarjeta débito,4.0
3665,PED003665,2026-05-13 03:36:14,CLI02058,Barranquilla,Tienda física,BAQ-01,Deportes,Banda caminadora,1,2199900.00,15.00,2199900.00,329985.00,1869915.00,Tarjeta crédito,4.0
3666,PED003666,2026-04-15 14:51:48,CLI02680,Bogotá D.C.,Tienda física,BOG-03,Tecnología,Mouse inalámbrico,1,88100.00,15.00,88100.00,13215.00,74885.00,Tarjeta crédito,5.0
3667,PED003667,2026-02-14 01:06:12,CLI02576,Cali,Página web,,Oficina,Archivador metálico,1,469100.00,0.00,469100.00,0.00,469100.00,Tarjeta crédito,5.0
3668,PED003668,2026-01-09 10:37:49,CLI00425,Barranquilla,Aplicación móvil,,Deportes,Colchoneta yoga,3,85400.00,10.00,256200.00,25620.00,230580.00,Tarjeta crédito,
3669,PED003669,2026-05-25 22:33:45,CLI01956,Bucaramanga,Página web,,Oficina,Impresora multifuncional,2,892400.00,0.00,1784800.00,0.00,1784800.00,Transferencia,
3670,PED003670,2026-02-07 10:51:27,CLI00141,Medellín,Tienda física,MDE-01,Electrodomésticos,Sanduchera,3,129900.00,0.00,389700.00,0.00,389700.00,PSE,
3671,PED003671,2026-02-04 16:14:54,CLI02652,Cali,Aplicación móvil,,Electrodomésticos,Freidora de aire,1,427400.00,0.00,427400.00,0.00,427400.00,Tarjeta crédito,4.0
3672,PED003672,2026-05-30 00:28:03,CLI01753,Cali,Página web,,Tecnología,Mouse inalámbrico,1,89900.00,0.00,89900.00,0.00,89900.00,Tarjeta débito,
3673,PED003673,2026-05-07 05:36:04,CLI02418,Cali,Página web,,Hogar,Organizador modular,1,119900.00,5.00,119900.00,5995.00,113905.00,Tarjeta crédito,3.0
3674,PED003674,2026-03-18 20:42:32,CLI00599,Medellín,Aplicación móvil,,Electrodomésticos,Freidora de aire,1,472400.00,0.00,472400.00,0.00,472400.00,Billetera digital,
3675,PED003675,2026-03-08 17:08:39,CLI01852,Bogotá D.C.,Página web,,Tecnología,Monitor 24 pulgadas,1,664900.00,15.00,664900.00,99735.00,565165.00,Tarjeta crédito,4.0
3676,PED003676,2026-04-18 00:00:02,CLI00888,Pereira,Aplicación móvil,,Electrodomésticos,Cafetera eléctrica,2,189900.00,20.00,379800.00,75960.00,303840.00,Tarjeta crédito,3.0
3677,PED003677,2026-05-13 08:00:37,CLI02105,Medellín,Aplicación móvil,,Hogar,Lámpara de mesa,2,132500.00,10.00,265000.00,26500.00,238500.00,Billetera digital,
3678,PED003678,2026-03-09 07:43:54,CLI00348,Pereira,Página web,,Hogar,Aspiradora vertical,2,489900.00,0.00,979800.00,0.00,979800.00,Tarjeta crédito,4.0
3679,PED003679,2026-03-01 21:26:01,CLI01482,Medellín,Tienda física,MDE-01,Oficina,Silla ergonómica,2,787400.00,0.00,1574800.00,0.00,1574800.00,Efectivo,
3680,PED003680,2026-03-28 05:09:01,CLI00946,Cali,Aplicación móvil,,Electrodomésticos,Horno microondas,1,579900.00,0.00,579900.00,0.00,579900.00,PSE,
3681,PED003681,2026-01-05 13:31:04,CLI01142,Bogotá D.C.,Página web,,Deportes,Mancuernas ajustables,1,407900.00,5.00,407900.00,20395.00,387505.00,PSE,2.0
3682,PED003682,2026-01-30 15:35:06,CLI02608,Medellín,Aplicación móvil,,Tecnología,Smartwatch,1,329900.00,5.00,329900.00,16495.00,313405.00,Tarjeta crédito,5.0
3683,PED003683,2026-02-22 20:25:58,CLI00586,Medellín,Página web,,Oficina,Archivador metálico,1,469100.00,0.00,469100.00,0.00,469100.00,PSE,5.0
3684,PED003684,2026-06-02 07:53:03,CLI01437,Bogotá D.C.,Aplicación móvil,,Deportes,Balón fútbol,2,113900.00,10.00,227800.00,22780.00,205020.00,PSE,
3685,PED003685,2026-01-22 11:37:18,CLI00037,Cali,Aplicación móvil,,Hogar,Lámpara de mesa,2,129900.00,5.00,259800.00,12990.00,246810.00,PSE,
3686,PED003686,2026-05-01 02:38:07,CLI01872,Bucaramanga,Página web,,Tecnología,Monitor 24 pulgadas,2,699900.00,0.00,1399800.00,0.00,1399800.00,Tarjeta débito,5.0
3687,PED003687,2026-04-09 19:36:03,CLI01573,Bogotá D.C.,Aplicación móvil,,Oficina,Base para portátil,2,104400.00,0.00,208800.00,0.00,208800.00,Tarjeta débito,5.0
3688,PED003688,2026-01-03 09:17:58,CLI00845,Bogotá D.C.,Aplicación móvil,,Hogar,Organizador modular,1,117500.00,0.00,117500.00,0.00,117500.00,Tarjeta crédito,4.0
3689,PED003689,2026-03-31 18:33:21,CLI00766,Medellín,Aplicación móvil,,Tecnología,Monitor 24 pulgadas,2,685900.00,10.00,1371800.00,137180.00,1234620.00,Tarjeta débito,
3690,PED003690,2026-02-25 12:33:08,CLI00086,Bogotá D.C.,Aplicación móvil,,Tecnología,Mouse inalámbrico,1,88100.00,0.00,88100.00,0.00,88100.00,Tarjeta crédito,
3691,PED003691,2026-03-05 05:13:57,CLI02478,Cali,Página web,,Electrodomésticos,Licuadora,3,235100.00,0.00,705300.00,0.00,705300.00,PSE,
3692,PED003692,2026-04-16 16:10:37,CLI02241,Bucaramanga,Aplicación móvil,,Tecnología,Audífonos Bluetooth,3,149900.00,10.00,449700.00,44970.00,404730.00,Tarjeta crédito,
3693,PED003693,2026-02-16 02:06:10,CLI00595,Barranquilla,Aplicación móvil,,Electrodomésticos,Arrocera,2,169900.00,10.00,339800.00,33980.00,305820.00,Tarjeta crédito,
3694,PED003694,2026-03-02 09:44:36,CLI00325,Barranquilla,Aplicación móvil,,Oficina,Archivador metálico,1,459900.00,0.00,459900.00,0.00,459900.00,Tarjeta débito,5.0
3695,PED003695,2026-05-21 12:30:56,CLI01948,Cali,Página web,,Tecnología,Mouse inalámbrico,2,91700.00,5.00,183400.00,9170.00,174230.00,Tarjeta crédito,5.0
3696,PED003696,2026-03-10 12:51:38,CLI01389,Barranquilla,Aplicación móvil,,Oficina,Archivador metálico,1,469100.00,0.00,469100.00,0.00,469100.00,Tarjeta crédito,5.0
3697,PED003697,2026-05-17 16:48:07,CLI02476,Barranquilla,Página web,,Oficina,Escritorio ajustable,1,1199900.00,0.00,1199900.00,0.00,1199900.00,PSE,
3698,PED003698,2026-02-15 09:53:36,CLI01728,Pereira,Aplicación móvil,,Electrodomésticos,Horno microondas,1,550900.00,15.00,550900.00,82635.00,468265.00,Tarjeta crédito,5.0
3699,PED003699,2026-06-05 11:45:19,CLI00784,Bucaramanga,Tienda física,BGA-01,Tecnología,Monitor 24 pulgadas,1,699900.00,0.00,699900.00,0.00,699900.00,Tarjeta crédito,4.0
3700,PED003700,2026-06-10 03:02:35,CLI02074,Bucaramanga,Tienda física,BGA-01,Tecnología,Teclado mecánico,1,229900.00,0.00,229900.00,0.00,229900.00,Tarjeta crédito,5.0
3701,PED003701,2026-02-17 03:05:11,CLI01662,Bogotá D.C.,Tienda física,BOG-01,Oficina,Archivador metálico,1,459900.00,10.00,459900.00,45990.00,413910.00,Efectivo,
3702,PED003702,2026-05-11 02:48:34,CLI02649,Bogotá D.C.,Aplicación móvil,,Tecnología,Tablet 10 pulgadas,1,899900.00,15.00,899900.00,134985.00,764915.00,PSE,
3703,PED003703,2026-06-15 02:00:51,CLI02614,Bogotá D.C.,Página web,,Hogar,Ventilador de torre,1,349900.00,5.00,349900.00,17495.00,332405.00,Transferencia,4.0
3704,PED003704,2026-06-23 07:41:15,CLI00256,Cali,Tienda física,CLO-01,Electrodomésticos,Freidora de aire,1,472400.00,0.00,472400.00,0.00,472400.00,Tarjeta crédito,3.0
3705,PED003705,2026-04-11 09:16:38,CLI01542,Cali,Página web,,Tecnología,Mouse inalámbrico,1,91700.00,0.00,91700.00,0.00,91700.00,PSE,2.0
3706,PED003706,2026-06-11 01:43:46,CLI00674,Barranquilla,Tienda física,BAQ-01,Electrodomésticos,Horno microondas,1,608900.00,0.00,608900.00,0.00,608900.00,PSE,5.0
3707,PED003707,2026-02-28 23:25:08,CLI01638,Medellín,Página web,,Tecnología,Mouse inalámbrico,1,88100.00,0.00,88100.00,0.00,88100.00,Tarjeta crédito,
3708,PED003708,2026-05-01 13:38:33,CLI00635,Bogotá D.C.,Página web,,Oficina,Silla ergonómica,2,749900.00,0.00,1499800.00,0.00,1499800.00,Tarjeta crédito,3.0
3709,PED003709,2026-05-08 13:54:15,CLI00024,Pereira,Aplicación móvil,,Hogar,Juego de ollas,1,289900.00,10.00,289900.00,28990.00,260910.00,Tarjeta débito,
3710,PED003710,2026-01-06 18:28:34,CLI02649,Medellín,Página web,,Electrodomésticos,Horno microondas,2,591500.00,10.00,1183000.00,118300.00,1064700.00,Tarjeta débito,5.0
3711,PED003711,2026-03-22 13:23:51,CLI01259,Cali,Página web,,Electrodomésticos,Arrocera,1,173300.00,0.00,173300.00,0.00,173300.00,Tarjeta crédito,4.0
3712,PED003712,2026-05-01 01:33:29,CLI01926,Bogotá D.C.,Aplicación móvil,,Tecnología,Smartwatch,1,329900.00,5.00,329900.00,16495.00,313405.00,Tarjeta crédito,4.0
3713,PED003713,2026-03-15 04:17:06,CLI00461,Cali,Página web,,Electrodomésticos,Sanduchera,1,123400.00,0.00,123400.00,0.00,123400.00,Tarjeta débito,3.0
3714,PED003714,2026-02-21 08:06:04,CLI00952,Cali,Aplicación móvil,,Tecnología,Teclado mecánico,3,241400.00,0.00,724200.00,0.00,724200.00,Tarjeta crédito,5.0
3715,PED003715,2026-05-28 10:11:17,CLI00426,Bogotá D.C.,Tienda física,BOG-02,Oficina,Archivador metálico,1,482900.00,5.00,482900.00,24145.00,458755.00,Tarjeta crédito,5.0
3716,PED003716,2026-03-18 14:10:29,CLI00603,Cali,Página web,,Electrodomésticos,Arrocera,3,178400.00,0.00,535200.00,0.00,535200.00,Tarjeta débito,4.0
3717,PED003717,2026-03-01 03:07:17,CLI01227,Barranquilla,Aplicación móvil,,Tecnología,Tablet 10 pulgadas,3,881900.00,5.00,2645700.00,132285.00,2513415.00,Tarjeta crédito,3.0
3718,PED003718,2026-06-16 15:46:55,CLI02627,Medellín,Página web,,Deportes,Banda caminadora,2,2243900.00,0.00,4487800.00,0.00,4487800.00,PSE,
3719,PED003719,2026-01-21 06:54:03,CLI00876,Bogotá D.C.,Página web,,Hogar,Aspiradora vertical,2,474900.00,0.00,949800.00,0.00,949800.00,PSE,5.0
3720,PED003720,2026-06-20 02:45:28,CLI00900,Medellín,Tienda física,MDE-02,Electrodomésticos,Sanduchera,1,129900.00,0.00,129900.00,0.00,129900.00,Tarjeta crédito,5.0
3721,PED003721,2026-01-15 05:11:05,CLI02249,Medellín,Aplicación móvil,,Deportes,Bicicleta estática,1,1424900.00,0.00,1424900.00,0.00,1424900.00,PSE,
3722,PED003722,2026-06-29 17:58:15,CLI00799,Bogotá D.C.,Página web,,Tecnología,Smartwatch,1,329900.00,0.00,329900.00,0.00,329900.00,Transferencia,4.0
3723,PED003723,2026-03-11 01:11:09,CLI01459,Bogotá D.C.,Aplicación móvil,,Hogar,Purificador de aire,1,783900.00,10.00,783900.00,78390.00,705510.00,Tarjeta crédito,5.0
3724,PED003724,2026-05-30 05:19:36,CLI02679,Bogotá D.C.,Tienda física,BOG-03,Oficina,Silla ergonómica,2,749900.00,5.00,1499800.00,74990.00,1424810.00,PSE,
3725,PED003725,2026-06-23 03:40:58,CLI01556,Bogotá D.C.,Aplicación móvil,,Hogar,Organizador modular,3,122300.00,10.00,366900.00,36690.00,330210.00,Tarjeta débito,
3726,PED003726,2026-06-03 21:50:42,CLI02444,Pereira,Tienda física,PEI-01,Tecnología,Smartwatch,1,336500.00,10.00,336500.00,33650.00,302850.00,PSE,
3727,PED003727,2026-03-10 04:46:58,CLI01856,Bogotá D.C.,Página web,,Tecnología,Tablet 10 pulgadas,1,899900.00,0.00,899900.00,0.00,899900.00,Tarjeta crédito,
3728,PED003728,2026-04-07 02:29:50,CLI02074,Medellín,Aplicación móvil,,Electrodomésticos,Freidora de aire,2,449900.00,10.00,899800.00,89980.00,809820.00,Tarjeta débito,4.0
3729,PED003729,2026-05-22 23:32:10,CLI02569,Cali,Página web,,Deportes,Colchoneta yoga,2,91700.00,20.00,183400.00,36680.00,146720.00,Tarjeta crédito,4.0
3730,PED003730,2026-06-16 01:40:37,CLI02356,Bogotá D.C.,Página web,,Electrodomésticos,Sanduchera,1,129900.00,5.00,129900.00,6495.00,123405.00,Transferencia,
3731,PED003731,2026-06-23 08:07:04,CLI01007,Bucaramanga,Página web,,Electrodomésticos,Freidora de aire,1,449900.00,10.00,449900.00,44990.00,404910.00,PSE,4.0
3732,PED003732,2026-01-04 11:11:58,CLI02453,Bogotá D.C.,Aplicación móvil,,Tecnología,Teclado mecánico,1,225300.00,0.00,225300.00,0.00,225300.00,PSE,
3733,PED003733,2026-02-22 19:38:05,CLI01277,Barranquilla,Página web,,Deportes,Kit bandas elásticas,1,81500.00,0.00,81500.00,0.00,81500.00,Tarjeta crédito,5.0
3734,PED003734,2026-01-14 06:53:29,CLI00927,Cali,Tienda física,CLO-01,Deportes,Bicicleta estática,1,1529900.00,5.00,1529900.00,76495.00,1453405.00,Tarjeta débito,
3735,PED003735,2026-02-07 05:49:26,CLI01844,Bogotá D.C.,Página web,,Deportes,Balón fútbol,3,113900.00,0.00,341700.00,0.00,341700.00,PSE,
3736,PED003736,2026-04-07 14:51:21,CLI00959,Bogotá D.C.,Página web,,Electrodomésticos,Freidora de aire,1,449900.00,5.00,449900.00,22495.00,427405.00,Tarjeta crédito,
3737,PED003737,2026-04-20 09:14:11,CLI01448,Cali,Página web,,Oficina,Base para portátil,1,109900.00,10.00,109900.00,10990.00,98910.00,Tarjeta débito,
3738,PED003738,2026-06-14 17:30:05,CLI01021,Cali,Tienda física,CLO-01,Tecnología,Monitor 24 pulgadas,1,699900.00,10.00,699900.00,69990.00,629910.00,Tarjeta débito,4.0
3739,PED003739,2026-02-26 20:07:11,CLI02677,Pereira,Página web,,Deportes,Balón fútbol,2,119900.00,0.00,239800.00,0.00,239800.00,Tarjeta crédito,
3740,PED003740,2026-02-21 19:31:16,CLI00593,Medellín,Página web,,Electrodomésticos,Horno microondas,3,579900.00,0.00,1739700.00,0.00,1739700.00,Tarjeta débito,5.0
3741,PED003741,2026-03-29 19:06:19,CLI01017,Cali,Tienda física,CLO-01,Tecnología,Smartwatch,2,329900.00,5.00,659800.00,32990.00,626810.00,Tarjeta crédito,4.0
3742,PED003742,2026-05-30 15:39:46,CLI01376,Bogotá D.C.,Página web,,Hogar,Lámpara de mesa,1,129900.00,0.00,129900.00,0.00,129900.00,Tarjeta débito,
3743,PED003743,2026-01-14 21:31:48,CLI02192,Bogotá D.C.,Página web,,Hogar,Organizador modular,1,113900.00,5.00,113900.00,5695.00,108205.00,Tarjeta crédito,4.0
3744,PED003744,2026-04-01 02:15:13,CLI02440,Cali,Tienda física,CLO-02,Electrodomésticos,Freidora de aire,1,472400.00,10.00,472400.00,47240.00,425160.00,Tarjeta crédito,
3745,PED003745,2026-02-26 07:58:35,CLI00098,Cali,Página web,,Electrodomésticos,Horno microondas,1,608900.00,5.00,608900.00,30445.00,578455.00,Tarjeta crédito,
3746,PED003746,2026-03-08 01:35:04,CLI00087,Cali,Página web,,Tecnología,Mouse inalámbrico,1,85400.00,0.00,85400.00,0.00,85400.00,Tarjeta débito,
3747,PED003747,2026-05-22 06:49:48,CLI01595,Cali,Página web,,Electrodomésticos,Horno microondas,3,568300.00,0.00,1704900.00,0.00,1704900.00,Tarjeta crédito,5.0
3748,PED003748,2026-03-08 17:23:08,CLI02232,Barranquilla,Página web,,Tecnología,Tablet 10 pulgadas,2,944900.00,5.00,1889800.00,94490.00,1795310.00,Tarjeta crédito,
3749,PED003749,2026-03-11 09:42:58,CLI01664,Bogotá D.C.,Página web,,Tecnología,Teclado mecánico,1,229900.00,15.00,229900.00,34485.00,195415.00,PSE,
3750,PED003750,2026-04-19 03:54:53,CLI01808,Bogotá D.C.,Tienda física,BOG-01,Oficina,Impresora multifuncional,2,832900.00,0.00,1665800.00,0.00,1665800.00,Efectivo,5.0
3751,PED003751,2026-03-20 07:02:57,CLI02159,Cali,Tienda física,CLO-01,Electrodomésticos,Cafetera eléctrica,2,189900.00,5.00,379800.00,18990.00,360810.00,Tarjeta crédito,4.0
3752,PED003752,2026-04-03 22:43:54,CLI01068,Medellín,Página web,,Electrodomésticos,Arrocera,1,169900.00,0.00,169900.00,0.00,169900.00,PSE,
3753,PED003753,2026-03-01 21:53:20,CLI02633,Bogotá D.C.,Página web,,Oficina,Impresora multifuncional,1,849900.00,0.00,849900.00,0.00,849900.00,PSE,3.0
3754,PED003754,2026-02-05 13:51:48,CLI00927,Bucaramanga,Aplicación móvil,,Tecnología,Audífonos Bluetooth,1,152900.00,0.00,152900.00,0.00,152900.00,PSE,4.0
3755,PED003755,2026-01-28 16:22:15,CLI01027,Bogotá D.C.,Aplicación móvil,,Oficina,Impresora multifuncional,1,807400.00,0.00,807400.00,0.00,807400.00,PSE,1.0
3756,PED003756,2026-05-05 23:31:00,CLI01017,Bogotá D.C.,Aplicación móvil,,Electrodomésticos,Licuadora,1,251900.00,10.00,251900.00,25190.00,226710.00,Billetera digital,
3757,PED003757,2026-03-04 13:35:56,CLI00600,Bogotá D.C.,Página web,,Hogar,Aspiradora vertical,1,499900.00,0.00,499900.00,0.00,499900.00,Tarjeta crédito,5.0
3758,PED003758,2026-03-21 01:51:04,CLI00053,Cali,Aplicación móvil,,Tecnología,Tablet 10 pulgadas,2,881900.00,0.00,1763800.00,0.00,1763800.00,Tarjeta crédito,5.0
3759,PED003759,2026-04-14 01:12:30,CLI01269,Barranquilla,Aplicación móvil,,Electrodomésticos,Sanduchera,4,136400.00,20.00,545600.00,109120.00,436480.00,Tarjeta débito,
3760,PED003760,2026-03-08 03:49:53,CLI00031,Barranquilla,Página web,,Hogar,Organizador modular,1,119900.00,0.00,119900.00,0.00,119900.00,Tarjeta crédito,2.0
3761,PED003761,2026-04-09 18:48:01,CLI00133,Cali,Página web,,Tecnología,Monitor 24 pulgadas,1,699900.00,0.00,699900.00,0.00,699900.00,Tarjeta crédito,4.0
3762,PED003762,2026-02-12 21:20:36,CLI01132,Bucaramanga,Tienda física,BGA-01,Oficina,Escritorio ajustable,3,1175900.00,0.00,3527700.00,0.00,3527700.00,Tarjeta débito,4.0
3763,PED003763,2026-06-16 02:35:56,CLI01192,Medellín,Aplicación móvil,,Deportes,Colchoneta yoga,1,94400.00,0.00,94400.00,0.00,94400.00,Billetera digital,
3764,PED003764,2026-05-11 08:04:01,CLI01849,Barranquilla,Página web,,Tecnología,Mouse inalámbrico,1,85400.00,0.00,85400.00,0.00,85400.00,PSE,
3765,PED003765,2026-06-01 20:53:36,CLI01292,Cali,Página web,,Hogar,Juego de ollas,1,304400.00,10.00,304400.00,30440.00,273960.00,Tarjeta crédito,5.0
3766,PED003766,2026-03-03 21:39:03,CLI01062,Cali,Aplicación móvil,,Electrodomésticos,Arrocera,1,169900.00,0.00,169900.00,0.00,169900.00,Tarjeta crédito,
3767,PED003767,2026-04-13 03:31:54,CLI01649,Pereira,Tienda física,PEI-01,Hogar,Aspiradora vertical,1,509900.00,0.00,509900.00,0.00,509900.00,PSE,4.0
3768,PED003768,2026-04-06 22:35:17,CLI00735,Bogotá D.C.,Aplicación móvil,,Tecnología,Mouse inalámbrico,1,91700.00,0.00,91700.00,0.00,91700.00,PSE,3.0
3769,PED003769,2026-04-08 09:53:53,CLI01773,Barranquilla,Aplicación móvil,,Deportes,Bicicleta estática,1,1424900.00,10.00,1424900.00,142490.00,1282410.00,Tarjeta débito,
3770,PED003770,2026-01-22 21:48:12,CLI01800,Cali,Aplicación móvil,,Hogar,Ventilador de torre,1,356900.00,5.00,356900.00,17845.00,339055.00,Tarjeta crédito,5.0
3771,PED003771,2026-05-07 05:56:47,CLI01868,Bogotá D.C.,Tienda física,BOG-01,Electrodomésticos,Cafetera eléctrica,1,186100.00,0.00,186100.00,0.00,186100.00,Tarjeta crédito,2.0
3772,PED003772,2026-03-30 01:19:54,CLI00784,Bogotá D.C.,Tienda física,BOG-01,Hogar,Purificador de aire,1,799900.00,15.00,799900.00,119985.00,679915.00,Tarjeta crédito,
3773,PED003773,2026-06-04 21:38:03,CLI00848,Cali,Página web,,Deportes,Kit bandas elásticas,1,83900.00,0.00,83900.00,0.00,83900.00,Transferencia,
3774,PED003774,2026-01-21 14:15:52,CLI01793,Bucaramanga,Aplicación móvil,,Deportes,Kit bandas elásticas,1,83900.00,15.00,83900.00,12585.00,71315.00,Tarjeta débito,3.0
3775,PED003775,2026-01-06 03:54:08,CLI00661,Bogotá D.C.,Tienda física,BOG-02,Oficina,Impresora multifuncional,1,849900.00,15.00,849900.00,127485.00,722415.00,Tarjeta débito,
3776,PED003776,2026-06-20 10:05:19,CLI02679,Bucaramanga,Tienda física,BGA-01,Hogar,Ventilador de torre,1,349900.00,0.00,349900.00,0.00,349900.00,Tarjeta débito,4.0
3777,PED003777,2026-05-17 10:07:02,CLI02391,Medellín,Tienda física,MDE-01,Oficina,Impresora multifuncional,1,832900.00,0.00,832900.00,0.00,832900.00,Efectivo,4.0
3778,PED003778,2026-06-30 18:38:06,CLI02531,Cali,Aplicación móvil,,Electrodomésticos,Licuadora,2,239900.00,0.00,479800.00,0.00,479800.00,PSE,
3779,PED003779,2026-02-10 10:01:52,CLI00494,Bogotá D.C.,Aplicación móvil,,Deportes,Colchoneta yoga,1,88100.00,0.00,88100.00,0.00,88100.00,PSE,4.0
3780,PED003780,2026-06-02 22:20:15,CLI01586,Bogotá D.C.,Página web,,Oficina,Webcam Full HD,1,199900.00,0.00,199900.00,0.00,199900.00,Tarjeta débito,
3781,PED003781,2026-04-17 06:27:55,CLI01903,Medellín,Aplicación móvil,,Oficina,Archivador metálico,2,459900.00,0.00,919800.00,0.00,919800.00,Billetera digital,4.0
3782,PED003782,2026-02-02 08:27:28,CLI00248,Bogotá D.C.,Tienda física,BOG-02,Tecnología,Mouse inalámbrico,3,88100.00,0.00,264300.00,0.00,264300.00,PSE,
3783,PED003783,2026-01-14 17:57:15,CLI00452,Barranquilla,Aplicación móvil,,Electrodomésticos,Cafetera eléctrica,1,189900.00,20.00,189900.00,37980.00,151920.00,Billetera digital,1.0
3784,PED003784,2026-03-21 05:17:57,CLI01154,Bogotá D.C.,Tienda física,BOG-01,Tecnología,Tablet 10 pulgadas,2,881900.00,0.00,1763800.00,0.00,1763800.00,Tarjeta crédito,
3785,PED003785,2026-05-18 01:16:35,CLI00876,Bogotá D.C.,Página web,,Hogar,Ventilador de torre,1,349900.00,0.00,349900.00,0.00,349900.00,Tarjeta débito,
3786,PED003786,2026-04-17 21:33:52,CLI01788,Cali,Aplicación móvil,,Hogar,Organizador modular,4,122300.00,10.00,489200.00,48920.00,440280.00,Tarjeta crédito,
3787,PED003787,2026-02-20 04:07:50,CLI00009,Bogotá D.C.,Página web,,Hogar,Ventilador de torre,1,349900.00,15.00,349900.00,52485.00,297415.00,Tarjeta crédito,1.0
3788,PED003788,2026-01-06 13:02:07,CLI02645,Barranquilla,Página web,,Hogar,Juego de ollas,1,289900.00,10.00,289900.00,28990.00,260910.00,Tarjeta crédito,5.0
3789,PED003789,2026-05-07 17:13:29,CLI01589,Cali,Página web,,Tecnología,Mouse inalámbrico,1,89900.00,0.00,89900.00,0.00,89900.00,Tarjeta crédito,2.0
3790,PED003790,2026-04-02 09:11:36,CLI01109,Barranquilla,Página web,,Deportes,Bicicleta estática,1,1499900.00,0.00,1499900.00,0.00,1499900.00,PSE,
3791,PED003791,2026-03-28 08:01:05,CLI01651,Pereira,Aplicación móvil,,Electrodomésticos,Sanduchera,1,127300.00,15.00,127300.00,19095.00,108205.00,Tarjeta crédito,5.0
3792,PED003792,2026-05-13 14:10:19,CLI01021,Bucaramanga,Aplicación móvil,,Deportes,Mancuernas ajustables,1,407900.00,10.00,407900.00,40790.00,367110.00,Tarjeta débito,
3793,PED003793,2026-03-17 04:54:17,CLI02452,Bogotá D.C.,Aplicación móvil,,Oficina,Webcam Full HD,1,199900.00,0.00,199900.00,0.00,199900.00,PSE,4.0
3794,PED003794,2026-03-06 14:49:54,CLI01744,Medellín,Página web,,Tecnología,Monitor 24 pulgadas,3,699900.00,0.00,2099700.00,0.00,2099700.00,PSE,5.0
3795,PED003795,2026-06-10 06:37:31,CLI00244,Medellín,Página web,,Hogar,Purificador de aire,2,783900.00,0.00,1567800.00,0.00,1567800.00,Tarjeta crédito,
3796,PED003796,2026-05-05 18:19:29,CLI00727,Bogotá D.C.,Página web,,Hogar,Purificador de aire,1,839900.00,15.00,839900.00,125985.00,713915.00,PSE,5.0
3797,PED003797,2026-03-25 07:56:56,CLI01541,Bogotá D.C.,Aplicación móvil,,Hogar,Juego de ollas,1,295700.00,0.00,295700.00,0.00,295700.00,PSE,4.0
3798,PED003798,2026-03-20 10:53:16,CLI01663,Cali,Página web,,Tecnología,Teclado mecánico,3,225300.00,20.00,675900.00,135180.00,540720.00,Tarjeta crédito,
3799,PED003799,2026-02-13 14:34:07,CLI00756,Barranquilla,Página web,,Electrodomésticos,Cafetera eléctrica,2,189900.00,0.00,379800.00,0.00,379800.00,Tarjeta débito,5.0
3800,PED003800,2026-03-15 16:42:37,CLI01895,Barranquilla,Página web,,Tecnología,Mouse inalámbrico,1,94400.00,0.00,94400.00,0.00,94400.00,Tarjeta crédito,
3801,PED003801,2026-04-29 06:17:45,CLI02064,Medellín,Tienda física,MDE-02,Electrodomésticos,Horno microondas,1,579900.00,0.00,579900.00,0.00,579900.00,Tarjeta débito,5.0
3802,PED003802,2026-05-05 06:31:35,CLI01943,Bogotá D.C.,Tienda física,BOG-03,Tecnología,Tablet 10 pulgadas,1,881900.00,5.00,881900.00,44095.00,837805.00,Tarjeta débito,5.0
3803,PED003803,2026-03-06 17:09:12,CLI01930,Barranquilla,Tienda física,BAQ-01,Electrodomésticos,Sanduchera,1,129900.00,0.00,129900.00,0.00,129900.00,Efectivo,
3804,PED003804,2026-02-09 18:05:44,CLI01350,Bogotá D.C.,Aplicación móvil,,Hogar,Purificador de aire,1,839900.00,0.00,839900.00,0.00,839900.00,Tarjeta débito,
3805,PED003805,2026-02-09 01:26:44,CLI01684,Bogotá D.C.,Aplicación móvil,,Electrodomésticos,Licuadora,1,235100.00,0.00,235100.00,0.00,235100.00,Tarjeta débito,1.0
3806,PED003806,2026-01-20 02:55:22,CLI00739,Pereira,Página web,,Oficina,Escritorio ajustable,1,1259900.00,0.00,1259900.00,0.00,1259900.00,PSE,5.0
3807,PED003807,2026-05-19 11:42:39,CLI00329,Barranquilla,Aplicación móvil,,Deportes,Mancuernas ajustables,1,399900.00,5.00,399900.00,19995.00,379905.00,Billetera digital,4.0
3808,PED003808,2026-06-11 05:00:13,CLI01676,Cali,Página web,,Tecnología,Tablet 10 pulgadas,1,917900.00,0.00,917900.00,0.00,917900.00,Tarjeta crédito,5.0
3809,PED003809,2026-05-18 18:22:32,CLI01978,Bogotá D.C.,Aplicación móvil,,Deportes,Mancuernas ajustables,1,399900.00,0.00,399900.00,0.00,399900.00,Tarjeta débito,
3810,PED003810,2026-05-22 14:45:44,CLI00882,Pereira,Tienda física,PEI-01,Oficina,Impresora multifuncional,3,849900.00,0.00,2549700.00,0.00,2549700.00,Tarjeta débito,
3811,PED003811,2026-06-27 20:45:07,CLI02052,Bucaramanga,Tienda física,BGA-01,Deportes,Banda caminadora,1,2199900.00,20.00,2199900.00,439980.00,1759920.00,Efectivo,4.0
3812,PED003812,2026-04-10 18:57:47,CLI00600,Cali,Tienda física,CLO-02,Tecnología,Mouse inalámbrico,1,89900.00,0.00,89900.00,0.00,89900.00,Tarjeta crédito,
3813,PED003813,2026-03-16 10:28:55,CLI00007,Pereira,Página web,,Tecnología,Teclado mecánico,1,218400.00,20.00,218400.00,43680.00,174720.00,Tarjeta débito,4.0
3814,PED003814,2026-01-03 02:07:12,CLI02122,Bogotá D.C.,Página web,,Deportes,Banda caminadora,1,2243900.00,20.00,2243900.00,448780.00,1795120.00,Tarjeta crédito,
3815,PED003815,2026-02-05 05:25:37,CLI01484,Bogotá D.C.,Página web,,Hogar,Ventilador de torre,2,349900.00,0.00,699800.00,0.00,699800.00,PSE,3.0
3816,PED003816,2026-03-03 09:35:14,CLI00329,Bogotá D.C.,Tienda física,BOG-02,Electrodomésticos,Sanduchera,3,127300.00,15.00,381900.00,57285.00,324615.00,Efectivo,
3817,PED003817,2026-01-08 01:45:46,CLI01422,Bogotá D.C.,Aplicación móvil,,Tecnología,Smartwatch,2,336500.00,0.00,673000.00,0.00,673000.00,Tarjeta crédito,4.0
3818,PED003818,2026-02-23 17:42:09,CLI00819,Cali,Página web,,Hogar,Juego de ollas,1,304400.00,5.00,304400.00,15220.00,289180.00,Tarjeta crédito,
3819,PED003819,2026-03-04 01:01:34,CLI01038,Cali,Tienda física,CLO-01,Deportes,Colchoneta yoga,1,89900.00,0.00,89900.00,0.00,89900.00,Tarjeta crédito,
3820,PED003820,2026-04-15 10:41:20,CLI02660,Barranquilla,Página web,,Deportes,Banda caminadora,1,2199900.00,10.00,2199900.00,219990.00,1979910.00,Tarjeta crédito,
3821,PED003821,2026-01-12 21:35:49,CLI00655,Medellín,Aplicación móvil,,Oficina,Archivador metálico,2,459900.00,10.00,919800.00,91980.00,827820.00,Billetera digital,2.0
3822,PED003822,2026-05-02 13:43:39,CLI01440,Bogotá D.C.,Tienda física,BOG-02,Deportes,Banda caminadora,1,2309900.00,0.00,2309900.00,0.00,2309900.00,Tarjeta débito,
3823,PED003823,2026-03-25 22:11:28,CLI00717,Bogotá D.C.,Página web,,Deportes,Colchoneta yoga,2,91700.00,0.00,183400.00,0.00,183400.00,Tarjeta crédito,
3824,PED003824,2026-03-10 03:34:06,CLI02383,Medellín,Página web,,Oficina,Impresora multifuncional,2,832900.00,10.00,1665800.00,166580.00,1499220.00,Tarjeta crédito,5.0
3825,PED003825,2026-05-12 07:19:28,CLI01121,Bucaramanga,Aplicación móvil,,Oficina,Archivador metálico,1,459900.00,0.00,459900.00,0.00,459900.00,Tarjeta débito,5.0
3826,PED003826,2026-01-04 02:06:15,CLI00585,Medellín,Tienda física,MDE-02,Deportes,Balón fútbol,1,113900.00,0.00,113900.00,0.00,113900.00,Tarjeta débito,
3827,PED003827,2026-05-03 20:24:04,CLI01488,Pereira,Página web,,Tecnología,Smartwatch,1,313400.00,0.00,313400.00,0.00,313400.00,Tarjeta débito,5.0
3828,PED003828,2026-01-01 11:24:24,CLI01511,Cali,Tienda física,CLO-02,Tecnología,Tablet 10 pulgadas,1,881900.00,0.00,881900.00,0.00,881900.00,Tarjeta crédito,
3829,PED003829,2026-03-18 22:26:01,CLI01817,Bogotá D.C.,Tienda física,BOG-03,Electrodomésticos,Licuadora,3,251900.00,0.00,755700.00,0.00,755700.00,Efectivo,
3830,PED003830,2026-01-03 02:36:33,CLI02125,Bogotá D.C.,Tienda física,BOG-02,Tecnología,Mouse inalámbrico,1,85400.00,0.00,85400.00,0.00,85400.00,Efectivo,
3831,PED003831,2026-03-05 20:23:29,CLI01110,Bogotá D.C.,Tienda física,BOG-03,Hogar,Lámpara de mesa,3,136400.00,0.00,409200.00,0.00,409200.00,Tarjeta débito,3.0
3832,PED003832,2026-03-04 04:24:37,CLI00551,Pereira,Página web,,Deportes,Bicicleta estática,2,1469900.00,0.00,2939800.00,0.00,2939800.00,Tarjeta crédito,
3833,PED003833,2026-06-20 19:13:09,CLI00963,Bucaramanga,Aplicación móvil,,Electrodomésticos,Freidora de aire,1,440900.00,15.00,440900.00,66135.00,374765.00,PSE,
3834,PED003834,2026-04-06 07:18:37,CLI00269,Cali,Aplicación móvil,,Hogar,Juego de ollas,2,275400.00,20.00,550800.00,110160.00,440640.00,Tarjeta crédito,4.0
3835,PED003835,2026-05-30 03:00:03,CLI00222,Medellín,Página web,,Tecnología,Teclado mecánico,3,229900.00,0.00,689700.00,0.00,689700.00,Tarjeta débito,2.0
3836,PED003836,2026-06-22 21:04:34,CLI01348,Medellín,Tienda física,MDE-02,Tecnología,Audífonos Bluetooth,2,146900.00,10.00,293800.00,29380.00,264420.00,Tarjeta débito,5.0
3837,PED003837,2026-06-26 19:46:17,CLI02102,Cali,Aplicación móvil,,Deportes,Kit bandas elásticas,2,79900.00,5.00,159800.00,7990.00,151810.00,PSE,
3838,PED003838,2026-03-26 03:51:43,CLI00465,Barranquilla,Tienda física,BAQ-01,Electrodomésticos,Licuadora,2,239900.00,20.00,479800.00,95960.00,383840.00,Tarjeta débito,5.0
3839,PED003839,2026-01-07 16:02:36,CLI00036,Barranquilla,Página web,,Electrodomésticos,Cafetera eléctrica,1,180400.00,0.00,180400.00,0.00,180400.00,Tarjeta crédito,4.0
3840,PED003840,2026-01-06 02:22:04,CLI01734,Bogotá D.C.,Aplicación móvil,,Electrodomésticos,Cafetera eléctrica,1,189900.00,0.00,189900.00,0.00,189900.00,Tarjeta crédito,4.0
3841,PED003841,2026-02-28 23:37:31,CLI01135,Cali,Tienda física,CLO-02,Tecnología,Teclado mecánico,3,229900.00,0.00,689700.00,0.00,689700.00,Tarjeta crédito,5.0
3842,PED003842,2026-03-24 19:45:22,CLI01311,Bucaramanga,Tienda física,BGA-01,Tecnología,Mouse inalámbrico,1,89900.00,15.00,89900.00,13485.00,76415.00,Tarjeta crédito,
3843,PED003843,2026-03-28 21:22:38,CLI00321,Cali,Página web,,Tecnología,Monitor 24 pulgadas,1,664900.00,5.00,664900.00,33245.00,631655.00,Tarjeta crédito,
3844,PED003844,2026-03-03 01:12:20,CLI02329,Cali,Página web,,Oficina,Escritorio ajustable,1,1199900.00,0.00,1199900.00,0.00,1199900.00,Tarjeta crédito,
3845,PED003845,2026-06-27 15:10:56,CLI00538,Medellín,Aplicación móvil,,Electrodomésticos,Cafetera eléctrica,1,189900.00,15.00,189900.00,28485.00,161415.00,PSE,
3846,PED003846,2026-01-04 00:07:18,CLI00936,Medellín,Página web,,Tecnología,Teclado mecánico,1,225300.00,15.00,225300.00,33795.00,191505.00,Tarjeta crédito,
3847,PED003847,2026-05-01 06:41:35,CLI02052,Barranquilla,Aplicación móvil,,Electrodomésticos,Horno microondas,1,568300.00,0.00,568300.00,0.00,568300.00,Billetera digital,
3848,PED003848,2026-03-09 10:30:17,CLI01555,Medellín,Página web,,Tecnología,Audífonos Bluetooth,1,149900.00,0.00,149900.00,0.00,149900.00,Transferencia,
3849,PED003849,2026-04-21 00:30:28,CLI01399,Cali,Aplicación móvil,,Hogar,Ventilador de torre,2,332400.00,10.00,664800.00,66480.00,598320.00,Tarjeta crédito,3.0
3850,PED003850,2026-06-20 07:48:58,CLI00918,Medellín,Tienda física,MDE-01,Tecnología,Tablet 10 pulgadas,1,881900.00,10.00,881900.00,88190.00,793710.00,PSE,4.0
3851,PED003851,2026-03-20 17:35:03,CLI02361,Medellín,Aplicación móvil,,Tecnología,Tablet 10 pulgadas,1,899900.00,0.00,899900.00,0.00,899900.00,PSE,5.0
3852,PED003852,2026-04-20 11:51:25,CLI01484,Bogotá D.C.,Tienda física,BOG-03,Electrodomésticos,Cafetera eléctrica,1,186100.00,5.00,186100.00,9305.00,176795.00,Tarjeta crédito,5.0
3853,PED003853,2026-03-17 04:42:08,CLI00509,Bogotá D.C.,Página web,,Tecnología,Smartwatch,1,323300.00,10.00,323300.00,32330.00,290970.00,PSE,
3854,PED003854,2026-02-22 05:21:56,CLI01579,Cali,Página web,,Deportes,Bicicleta estática,1,1574900.00,0.00,1574900.00,0.00,1574900.00,Tarjeta crédito,
3855,PED003855,2026-01-18 15:28:56,CLI02050,Bogotá D.C.,Aplicación móvil,,Deportes,Banda caminadora,1,2199900.00,15.00,2199900.00,329985.00,1869915.00,Tarjeta crédito,
3856,PED003856,2026-05-06 01:34:22,CLI00758,Medellín,Tienda física,MDE-01,Hogar,Lámpara de mesa,1,129900.00,0.00,129900.00,0.00,129900.00,Tarjeta crédito,4.0
3857,PED003857,2026-03-10 16:16:13,CLI02582,Bogotá D.C.,Tienda física,BOG-01,Tecnología,Teclado mecánico,1,229900.00,10.00,229900.00,22990.00,206910.00,Efectivo,4.0
3858,PED003858,2026-02-25 20:21:36,CLI00912,Barranquilla,Aplicación móvil,,Oficina,Webcam Full HD,1,195900.00,5.00,195900.00,9795.00,186105.00,Tarjeta débito,5.0
3859,PED003859,2026-06-09 05:16:42,CLI02629,Medellín,Aplicación móvil,,Oficina,Impresora multifuncional,1,849900.00,5.00,849900.00,42495.00,807405.00,Tarjeta crédito,
3860,PED003860,2026-05-03 12:33:29,CLI02666,Barranquilla,Página web,,Oficina,Impresora multifuncional,1,807400.00,15.00,807400.00,121110.00,686290.00,PSE,
3861,PED003861,2026-02-07 19:09:10,CLI02489,Bogotá D.C.,Aplicación móvil,,Electrodomésticos,Cafetera eléctrica,1,180400.00,20.00,180400.00,36080.00,144320.00,PSE,4.0
3862,PED003862,2026-01-04 09:16:01,CLI02529,Cali,Página web,,Hogar,Juego de ollas,1,289900.00,0.00,289900.00,0.00,289900.00,PSE,5.0
3863,PED003863,2026-04-26 14:21:30,CLI02264,Bogotá D.C.,Tienda física,BOG-01,Deportes,Kit bandas elásticas,1,79900.00,5.00,79900.00,3995.00,75905.00,Tarjeta débito,
3864,PED003864,2026-02-10 01:15:01,CLI00720,Barranquilla,Tienda física,BAQ-01,Oficina,Silla ergonómica,2,749900.00,0.00,1499800.00,0.00,1499800.00,Tarjeta crédito,5.0
3865,PED003865,2026-04-27 01:00:02,CLI02280,Medellín,Página web,,Deportes,Colchoneta yoga,1,94400.00,0.00,94400.00,0.00,94400.00,Tarjeta crédito,
3866,PED003866,2026-04-13 08:43:25,CLI01728,Bogotá D.C.,Aplicación móvil,,Deportes,Banda caminadora,1,2243900.00,0.00,2243900.00,0.00,2243900.00,PSE,
3867,PED003867,2026-06-22 09:13:58,CLI00104,Bogotá D.C.,Página web,,Tecnología,Tablet 10 pulgadas,1,854900.00,15.00,854900.00,128235.00,726665.00,Tarjeta crédito,5.0
3868,PED003868,2026-04-18 07:40:17,CLI01502,Bogotá D.C.,Tienda física,BOG-02,Electrodomésticos,Cafetera eléctrica,1,193700.00,10.00,193700.00,19370.00,174330.00,PSE,
3869,PED003869,2026-02-08 16:07:46,CLI02238,Medellín,Aplicación móvil,,Electrodomésticos,Horno microondas,1,579900.00,5.00,579900.00,28995.00,550905.00,PSE,4.0
3870,PED003870,2026-01-15 11:44:32,CLI00067,Pereira,Aplicación móvil,,Oficina,Archivador metálico,1,459900.00,15.00,459900.00,68985.00,390915.00,Tarjeta crédito,5.0
3871,PED003871,2026-01-21 20:37:36,CLI00571,Cali,Página web,,Electrodomésticos,Cafetera eléctrica,1,189900.00,15.00,189900.00,28485.00,161415.00,Tarjeta crédito,
3872,PED003872,2026-02-22 04:10:53,CLI02131,Cali,Aplicación móvil,,Hogar,Lámpara de mesa,1,129900.00,10.00,129900.00,12990.00,116910.00,PSE,5.0
3873,PED003873,2026-03-15 11:07:45,CLI02361,Bucaramanga,Aplicación móvil,,Tecnología,Mouse inalámbrico,1,91700.00,0.00,91700.00,0.00,91700.00,Tarjeta crédito,5.0
3874,PED003874,2026-03-03 05:41:20,CLI01980,Bogotá D.C.,Aplicación móvil,,Deportes,Bicicleta estática,1,1424900.00,5.00,1424900.00,71245.00,1353655.00,Tarjeta débito,3.0
3875,PED003875,2026-05-14 09:46:42,CLI02642,Bogotá D.C.,Tienda física,BOG-02,Deportes,Banda caminadora,2,2199900.00,5.00,4399800.00,219990.00,4179810.00,Tarjeta crédito,5.0
3876,PED003876,2026-05-21 08:59:06,CLI01529,Bogotá D.C.,Página web,,Tecnología,Smartwatch,2,346400.00,5.00,692800.00,34640.00,658160.00,PSE,
3877,PED003877,2026-06-21 11:01:51,CLI01569,Cali,Página web,,Deportes,Kit bandas elásticas,4,81500.00,5.00,326000.00,16300.00,309700.00,Transferencia,5.0
3878,PED003878,2026-04-14 11:13:38,CLI00894,Pereira,Aplicación móvil,,Tecnología,Teclado mecánico,1,229900.00,10.00,229900.00,22990.00,206910.00,Tarjeta crédito,4.0
3879,PED003879,2026-01-23 08:39:31,CLI01969,Bogotá D.C.,Página web,,Tecnología,Tablet 10 pulgadas,1,854900.00,5.00,854900.00,42745.00,812155.00,Tarjeta crédito,3.0
3880,PED003880,2026-02-27 14:59:41,CLI01228,Bogotá D.C.,Página web,,Deportes,Colchoneta yoga,3,89900.00,10.00,269700.00,26970.00,242730.00,PSE,
3881,PED003881,2026-01-20 01:42:56,CLI01808,Bogotá D.C.,Página web,,Hogar,Purificador de aire,1,783900.00,0.00,783900.00,0.00,783900.00,Tarjeta crédito,5.0
3882,PED003882,2026-06-07 22:58:22,CLI01201,Bogotá D.C.,Tienda física,BOG-03,Tecnología,Teclado mecánico,1,218400.00,15.00,218400.00,32760.00,185640.00,Tarjeta débito,1.0
3883,PED003883,2026-06-10 04:01:30,CLI01088,Cali,Aplicación móvil,,Oficina,Webcam Full HD,2,189900.00,0.00,379800.00,0.00,379800.00,Tarjeta crédito,
3884,PED003884,2026-02-23 20:54:36,CLI01952,Medellín,Página web,,Tecnología,Smartwatch,1,329900.00,10.00,329900.00,32990.00,296910.00,Tarjeta crédito,3.0
3885,PED003885,2026-01-29 17:05:22,CLI01685,Bogotá D.C.,Aplicación móvil,,Deportes,Mancuernas ajustables,1,399900.00,10.00,399900.00,39990.00,359910.00,Billetera digital,5.0
3886,PED003886,2026-04-15 05:22:12,CLI00483,Cali,Tienda física,CLO-02,Deportes,Bicicleta estática,2,1574900.00,0.00,3149800.00,0.00,3149800.00,Tarjeta débito,5.0
3887,PED003887,2026-06-20 07:27:00,CLI02604,Cali,Página web,,Electrodomésticos,Arrocera,1,169900.00,0.00,169900.00,0.00,169900.00,Tarjeta crédito,
3888,PED003888,2026-06-03 01:23:32,CLI02488,Bogotá D.C.,Página web,,Electrodomésticos,Sanduchera,1,129900.00,15.00,129900.00,19485.00,110415.00,Tarjeta crédito,
3889,PED003889,2026-02-22 09:40:18,CLI01359,Medellín,Aplicación móvil,,Tecnología,Teclado mecánico,1,229900.00,0.00,229900.00,0.00,229900.00,Tarjeta crédito,5.0
3890,PED003890,2026-01-16 21:50:44,CLI00794,Barranquilla,Página web,,Electrodomésticos,Horno microondas,1,550900.00,0.00,550900.00,0.00,550900.00,Tarjeta crédito,
3891,PED003891,2026-05-30 01:43:34,CLI00815,Bogotá D.C.,Aplicación móvil,,Tecnología,Mouse inalámbrico,1,91700.00,0.00,91700.00,0.00,91700.00,Tarjeta crédito,
3892,PED003892,2026-05-29 09:37:17,CLI02496,Bogotá D.C.,Tienda física,BOG-01,Hogar,Lámpara de mesa,1,132500.00,10.00,132500.00,13250.00,119250.00,Tarjeta débito,
3893,PED003893,2026-03-23 15:00:54,CLI00131,Pereira,Tienda física,PEI-01,Hogar,Ventilador de torre,2,349900.00,10.00,699800.00,69980.00,629820.00,Tarjeta crédito,
3894,PED003894,2026-04-03 18:55:22,CLI00545,Pereira,Tienda física,PEI-01,Tecnología,Audífonos Bluetooth,1,149900.00,0.00,149900.00,0.00,149900.00,Efectivo,
3895,PED003895,2026-05-16 01:23:02,CLI01275,Bucaramanga,Página web,,Electrodomésticos,Sanduchera,1,129900.00,0.00,129900.00,0.00,129900.00,Tarjeta crédito,
3896,PED003896,2026-02-23 16:15:02,CLI00665,Bogotá D.C.,Página web,,Electrodomésticos,Licuadora,1,239900.00,10.00,239900.00,23990.00,215910.00,PSE,3.0
3897,PED003897,2026-05-20 14:25:17,CLI02408,Bogotá D.C.,Tienda física,BOG-03,Oficina,Archivador metálico,1,469100.00,5.00,469100.00,23455.00,445645.00,Tarjeta crédito,
3898,PED003898,2026-04-04 12:51:50,CLI02291,Pereira,Página web,,Tecnología,Audífonos Bluetooth,3,149900.00,0.00,449700.00,0.00,449700.00,Tarjeta débito,5.0
3899,PED003899,2026-05-08 00:59:31,CLI02243,Bogotá D.C.,Página web,,Hogar,Organizador modular,2,117500.00,15.00,235000.00,35250.00,199750.00,Tarjeta crédito,
3900,PED003900,2026-06-22 23:00:50,CLI01166,Bogotá D.C.,Aplicación móvil,,Electrodomésticos,Freidora de aire,1,449900.00,0.00,449900.00,0.00,449900.00,PSE,4.0
3901,PED003901,2026-06-04 01:31:24,CLI01499,Pereira,Tienda física,PEI-01,Tecnología,Smartwatch,1,346400.00,0.00,346400.00,0.00,346400.00,Tarjeta crédito,3.0
3902,PED003902,2026-01-23 13:35:39,CLI01405,Cali,Tienda física,CLO-02,Electrodomésticos,Cafetera eléctrica,2,193700.00,0.00,387400.00,0.00,387400.00,Efectivo,5.0
3903,PED003903,2026-05-05 11:50:46,CLI01279,Barranquilla,Tienda física,BAQ-01,Hogar,Ventilador de torre,4,349900.00,10.00,1399600.00,139960.00,1259640.00,Tarjeta crédito,5.0
3904,PED003904,2026-03-15 19:38:03,CLI02618,Medellín,Página web,,Tecnología,Monitor 24 pulgadas,1,713900.00,0.00,713900.00,0.00,713900.00,Tarjeta crédito,
3905,PED003905,2026-04-28 16:27:28,CLI00107,Cali,Página web,,Tecnología,Monitor 24 pulgadas,1,713900.00,0.00,713900.00,0.00,713900.00,Tarjeta crédito,5.0
3906,PED003906,2026-01-24 14:10:39,CLI00980,Barranquilla,Página web,,Oficina,Base para portátil,1,112100.00,5.00,112100.00,5605.00,106495.00,Transferencia,1.0
3907,PED003907,2026-03-14 12:37:53,CLI02020,Bogotá D.C.,Página web,,Hogar,Aspiradora vertical,1,499900.00,5.00,499900.00,24995.00,474905.00,Tarjeta crédito,
3908,PED003908,2026-01-24 09:35:15,CLI02526,Cali,Aplicación móvil,,Oficina,Silla ergonómica,1,749900.00,0.00,749900.00,0.00,749900.00,Tarjeta crédito,3.0
3909,PED003909,2026-01-12 14:20:03,CLI01109,Bucaramanga,Página web,,Tecnología,Smartwatch,1,329900.00,20.00,329900.00,65980.00,263920.00,Transferencia,
3910,PED003910,2026-06-13 08:08:20,CLI01924,Bogotá D.C.,Aplicación móvil,,Electrodomésticos,Cafetera eléctrica,1,189900.00,10.00,189900.00,18990.00,170910.00,PSE,
3911,PED003911,2026-01-18 22:31:34,CLI02281,Medellín,Aplicación móvil,,Tecnología,Monitor 24 pulgadas,1,685900.00,15.00,685900.00,102885.00,583015.00,Tarjeta débito,4.0
3912,PED003912,2026-05-23 06:59:56,CLI01229,Bogotá D.C.,Página web,,Oficina,Webcam Full HD,1,203900.00,5.00,203900.00,10195.00,193705.00,Tarjeta crédito,
3913,PED003913,2026-06-09 14:21:35,CLI00350,Medellín,Página web,,Electrodomésticos,Arrocera,1,169900.00,0.00,169900.00,0.00,169900.00,Tarjeta crédito,4.0
3914,PED003914,2026-03-18 01:44:59,CLI00476,Bucaramanga,Página web,,Tecnología,Smartwatch,3,346400.00,10.00,1039200.00,103920.00,935280.00,Tarjeta débito,
3915,PED003915,2026-06-05 08:12:46,CLI01364,Bogotá D.C.,Página web,,Oficina,Impresora multifuncional,1,849900.00,15.00,849900.00,127485.00,722415.00,Tarjeta crédito,
3916,PED003916,2026-02-11 12:27:18,CLI01736,Cali,Página web,,Oficina,Silla ergonómica,1,764900.00,15.00,764900.00,114735.00,650165.00,PSE,4.0
3917,PED003917,2026-01-22 08:30:30,CLI00299,Pereira,Aplicación móvil,,Deportes,Bicicleta estática,1,1529900.00,0.00,1529900.00,0.00,1529900.00,Tarjeta crédito,
3918,PED003918,2026-06-30 20:29:28,CLI00601,Bogotá D.C.,Aplicación móvil,,Hogar,Juego de ollas,3,289900.00,10.00,869700.00,86970.00,782730.00,PSE,
3919,PED003919,2026-06-21 23:25:34,CLI02013,Medellín,Aplicación móvil,,Hogar,Aspiradora vertical,1,499900.00,0.00,499900.00,0.00,499900.00,PSE,5.0
3920,PED003920,2026-02-19 04:47:57,CLI00428,Bogotá D.C.,Página web,,Oficina,Webcam Full HD,3,189900.00,20.00,569700.00,113940.00,455760.00,Tarjeta crédito,4.0
3921,PED003921,2026-03-23 16:45:46,CLI00385,Bogotá D.C.,Tienda física,BOG-03,Electrodomésticos,Licuadora,1,227900.00,15.00,227900.00,34185.00,193715.00,Efectivo,4.0
3922,PED003922,2026-04-13 00:12:04,CLI00633,Bogotá D.C.,Tienda física,BOG-02,Hogar,Lámpara de mesa,1,132500.00,0.00,132500.00,0.00,132500.00,Tarjeta débito,
3923,PED003923,2026-01-19 08:07:47,CLI02103,Bogotá D.C.,Página web,,Tecnología,Smartwatch,1,329900.00,0.00,329900.00,0.00,329900.00,Tarjeta crédito,
3924,PED003924,2026-01-17 01:40:45,CLI00093,Pereira,Página web,,Hogar,Aspiradora vertical,2,499900.00,10.00,999800.00,99980.00,899820.00,Transferencia,4.0
3925,PED003925,2026-05-17 04:37:03,CLI02418,Bogotá D.C.,Aplicación móvil,,Tecnología,Mouse inalámbrico,3,89900.00,0.00,269700.00,0.00,269700.00,Billetera digital,
3926,PED003926,2026-05-31 15:06:58,CLI00073,Bogotá D.C.,Tienda física,BOG-03,Oficina,Archivador metálico,1,436900.00,5.00,436900.00,21845.00,415055.00,Efectivo,5.0
3927,PED003927,2026-05-29 15:16:04,CLI01491,Medellín,Aplicación móvil,,Deportes,Mancuernas ajustables,1,399900.00,0.00,399900.00,0.00,399900.00,Tarjeta crédito,5.0
3928,PED003928,2026-02-24 20:47:46,CLI00542,Cali,Aplicación móvil,,Tecnología,Teclado mecánico,2,225300.00,0.00,450600.00,0.00,450600.00,Tarjeta crédito,
3929,PED003929,2026-04-09 12:15:14,CLI00953,Pereira,Página web,,Deportes,Balón fútbol,1,125900.00,0.00,125900.00,0.00,125900.00,PSE,
3930,PED003930,2026-03-18 06:35:57,CLI01403,Cali,Tienda física,CLO-01,Deportes,Bicicleta estática,3,1499900.00,0.00,4499700.00,0.00,4499700.00,Tarjeta crédito,
3931,PED003931,2026-05-24 11:49:05,CLI01506,Bogotá D.C.,Página web,,Hogar,Aspiradora vertical,2,524900.00,0.00,1049800.00,0.00,1049800.00,Tarjeta débito,5.0
3932,PED003932,2026-03-09 01:28:21,CLI00612,Medellín,Tienda física,MDE-02,Tecnología,Teclado mecánico,1,218400.00,0.00,218400.00,0.00,218400.00,Efectivo,5.0
3933,PED003933,2026-05-25 06:56:15,CLI00170,Barranquilla,Página web,,Deportes,Balón fútbol,1,117500.00,10.00,117500.00,11750.00,105750.00,PSE,
3934,PED003934,2026-04-04 21:55:47,CLI01591,Bogotá D.C.,Página web,,Hogar,Purificador de aire,1,839900.00,5.00,839900.00,41995.00,797905.00,Tarjeta crédito,5.0
3935,PED003935,2026-04-12 18:28:23,CLI02700,Pereira,Página web,,Electrodomésticos,Cafetera eléctrica,1,189900.00,0.00,189900.00,0.00,189900.00,PSE,5.0
3936,PED003936,2026-01-26 06:56:17,CLI00584,Pereira,Aplicación móvil,,Hogar,Lámpara de mesa,2,123400.00,10.00,246800.00,24680.00,222120.00,Tarjeta crédito,
3937,PED003937,2026-04-28 20:00:47,CLI02167,Bucaramanga,Página web,,Tecnología,Audífonos Bluetooth,1,149900.00,10.00,149900.00,14990.00,134910.00,Tarjeta crédito,
3938,PED003938,2026-05-29 10:33:17,CLI01964,Bucaramanga,Aplicación móvil,,Deportes,Balón fútbol,1,113900.00,0.00,113900.00,0.00,113900.00,PSE,
3939,PED003939,2026-06-15 13:09:36,CLI01614,Bogotá D.C.,Página web,,Electrodomésticos,Licuadora,1,239900.00,0.00,239900.00,0.00,239900.00,Tarjeta crédito,
3940,PED003940,2026-03-25 22:54:34,CLI01227,Cali,Página web,,Oficina,Escritorio ajustable,1,1223900.00,0.00,1223900.00,0.00,1223900.00,PSE,3.0
3941,PED003941,2026-04-27 14:14:32,CLI02619,Medellín,Aplicación móvil,,Oficina,Base para portátil,2,115400.00,0.00,230800.00,0.00,230800.00,PSE,5.0
3942,PED003942,2026-06-21 19:58:58,CLI02037,Medellín,Aplicación móvil,,Electrodomésticos,Sanduchera,1,129900.00,0.00,129900.00,0.00,129900.00,Tarjeta crédito,
3943,PED003943,2026-03-04 20:15:46,CLI00083,Bucaramanga,Aplicación móvil,,Tecnología,Audífonos Bluetooth,1,142400.00,10.00,142400.00,14240.00,128160.00,PSE,
3944,PED003944,2026-06-08 15:33:21,CLI02369,Bogotá D.C.,Tienda física,BOG-01,Oficina,Webcam Full HD,1,203900.00,10.00,203900.00,20390.00,183510.00,Tarjeta crédito,
3945,PED003945,2026-06-18 10:19:33,CLI02129,Bogotá D.C.,Tienda física,BOG-03,Electrodomésticos,Cafetera eléctrica,1,186100.00,10.00,186100.00,18610.00,167490.00,Tarjeta crédito,5.0
3946,PED003946,2026-05-17 17:48:54,CLI00261,Medellín,Página web,,Electrodomésticos,Horno microondas,1,591500.00,10.00,591500.00,59150.00,532350.00,Transferencia,4.0
3947,PED003947,2026-01-11 11:53:00,CLI02107,Barranquilla,Página web,,Tecnología,Teclado mecánico,1,225300.00,5.00,225300.00,11265.00,214035.00,Tarjeta débito,
3948,PED003948,2026-03-18 23:08:23,CLI01604,Pereira,Página web,,Electrodomésticos,Horno microondas,1,579900.00,10.00,579900.00,57990.00,521910.00,Tarjeta crédito,5.0
3949,PED003949,2026-06-01 10:22:34,CLI02262,Bogotá D.C.,Página web,,Tecnología,Teclado mecánico,2,225300.00,15.00,450600.00,67590.00,383010.00,PSE,4.0
3950,PED003950,2026-06-18 05:30:11,CLI02644,Cali,Tienda física,CLO-01,Tecnología,Teclado mecánico,2,218400.00,0.00,436800.00,0.00,436800.00,Tarjeta crédito,
3951,PED003951,2026-01-03 16:20:43,CLI02098,Bogotá D.C.,Tienda física,BOG-02,Hogar,Juego de ollas,1,289900.00,10.00,289900.00,28990.00,260910.00,Tarjeta débito,4.0
3952,PED003952,2026-05-29 07:42:55,CLI02120,Barranquilla,Aplicación móvil,,Tecnología,Teclado mecánico,2,229900.00,0.00,459800.00,0.00,459800.00,Billetera digital,
3953,PED003953,2026-06-15 08:22:52,CLI00695,Medellín,Página web,,Hogar,Juego de ollas,1,289900.00,10.00,289900.00,28990.00,260910.00,Tarjeta crédito,
3954,PED003954,2026-02-24 21:27:18,CLI01256,Cali,Página web,,Hogar,Aspiradora vertical,1,499900.00,0.00,499900.00,0.00,499900.00,PSE,3.0
3955,PED003955,2026-04-05 20:30:44,CLI01517,Barranquilla,Tienda física,BAQ-01,Tecnología,Monitor 24 pulgadas,1,664900.00,10.00,664900.00,66490.00,598410.00,Tarjeta débito,
3956,PED003956,2026-05-04 19:27:55,CLI01023,Medellín,Página web,,Electrodomésticos,Sanduchera,1,129900.00,10.00,129900.00,12990.00,116910.00,Tarjeta crédito,
3957,PED003957,2026-04-21 18:36:56,CLI02606,Bucaramanga,Tienda física,BGA-01,Electrodomésticos,Arrocera,4,169900.00,0.00,679600.00,0.00,679600.00,Efectivo,
3958,PED003958,2026-05-10 11:19:40,CLI01226,Bogotá D.C.,Aplicación móvil,,Tecnología,Smartwatch,1,313400.00,20.00,313400.00,62680.00,250720.00,PSE,5.0
3959,PED003959,2026-02-09 13:15:55,CLI00167,Medellín,Aplicación móvil,,Electrodomésticos,Horno microondas,1,550900.00,10.00,550900.00,55090.00,495810.00,Billetera digital,
3960,PED003960,2026-04-23 10:25:47,CLI02282,Cali,Página web,,Hogar,Lámpara de mesa,1,129900.00,15.00,129900.00,19485.00,110415.00,Tarjeta crédito,4.0
3961,PED003961,2026-05-10 00:12:56,CLI01430,Bogotá D.C.,Página web,,Electrodomésticos,Horno microondas,1,550900.00,0.00,550900.00,0.00,550900.00,Tarjeta débito,5.0
3962,PED003962,2026-03-07 12:22:11,CLI02504,Bucaramanga,Tienda física,BGA-01,Tecnología,Teclado mecánico,2,234500.00,0.00,469000.00,0.00,469000.00,Tarjeta débito,
3963,PED003963,2026-04-07 22:54:05,CLI01019,Bogotá D.C.,Aplicación móvil,,Oficina,Silla ergonómica,1,787400.00,10.00,787400.00,78740.00,708660.00,PSE,
3964,PED003964,2026-04-03 17:09:20,CLI00859,Bogotá D.C.,Página web,,Deportes,Kit bandas elásticas,1,83900.00,0.00,83900.00,0.00,83900.00,Tarjeta crédito,5.0
3965,PED003965,2026-05-02 18:05:14,CLI01233,Cali,Tienda física,CLO-02,Electrodomésticos,Arrocera,1,169900.00,0.00,169900.00,0.00,169900.00,Efectivo,
3966,PED003966,2026-05-24 14:29:57,CLI02144,Cali,Página web,,Deportes,Banda caminadora,1,2155900.00,5.00,2155900.00,107795.00,2048105.00,PSE,3.0
3967,PED003967,2026-05-04 07:32:59,CLI01435,Bogotá D.C.,Página web,,Tecnología,Audífonos Bluetooth,2,142400.00,15.00,284800.00,42720.00,242080.00,Tarjeta crédito,4.0
3968,PED003968,2026-03-05 04:40:45,CLI00714,Medellín,Página web,,Oficina,Archivador metálico,1,459900.00,0.00,459900.00,0.00,459900.00,PSE,4.0
3969,PED003969,2026-02-05 02:29:11,CLI00266,Bogotá D.C.,Página web,,Hogar,Aspiradora vertical,1,499900.00,10.00,499900.00,49990.00,449910.00,Tarjeta crédito,5.0
3970,PED003970,2026-04-10 04:28:43,CLI00264,Medellín,Aplicación móvil,,Hogar,Aspiradora vertical,4,524900.00,0.00,2099600.00,0.00,2099600.00,Billetera digital,
3971,PED003971,2026-05-03 00:45:43,CLI02660,Barranquilla,Aplicación móvil,,Hogar,Aspiradora vertical,1,509900.00,0.00,509900.00,0.00,509900.00,Tarjeta crédito,
3972,PED003972,2026-03-14 03:25:55,CLI00716,Bucaramanga,Página web,,Electrodomésticos,Freidora de aire,1,449900.00,10.00,449900.00,44990.00,404910.00,PSE,
3973,PED003973,2026-01-04 01:34:57,CLI01503,Medellín,Página web,,Hogar,Ventilador de torre,1,349900.00,0.00,349900.00,0.00,349900.00,Tarjeta crédito,4.0
3974,PED003974,2026-06-02 19:52:50,CLI00139,Pereira,Tienda física,PEI-01,Electrodomésticos,Cafetera eléctrica,1,193700.00,0.00,193700.00,0.00,193700.00,Tarjeta crédito,4.0
3975,PED003975,2026-05-24 15:08:58,CLI01763,Medellín,Página web,,Tecnología,Audífonos Bluetooth,1,157400.00,10.00,157400.00,15740.00,141660.00,Tarjeta crédito,
3976,PED003976,2026-02-13 11:12:59,CLI01499,Cali,Aplicación móvil,,Tecnología,Audífonos Bluetooth,1,157400.00,10.00,157400.00,15740.00,141660.00,PSE,
3977,PED003977,2026-02-05 07:24:25,CLI01797,Medellín,Aplicación móvil,,Deportes,Balón fútbol,2,125900.00,0.00,251800.00,0.00,251800.00,Tarjeta crédito,3.0
3978,PED003978,2026-04-28 14:47:24,CLI01716,Pereira,Tienda física,PEI-01,Tecnología,Mouse inalámbrico,1,91700.00,0.00,91700.00,0.00,91700.00,PSE,4.0
3979,PED003979,2026-04-29 06:05:44,CLI01346,Bucaramanga,Página web,,Hogar,Aspiradora vertical,1,499900.00,10.00,499900.00,49990.00,449910.00,Tarjeta débito,
3980,PED003980,2026-05-14 15:56:57,CLI02606,Barranquilla,Aplicación móvil,,Oficina,Escritorio ajustable,1,1175900.00,0.00,1175900.00,0.00,1175900.00,Billetera digital,5.0
3981,PED003981,2026-04-16 21:26:04,CLI01533,Barranquilla,Página web,,Oficina,Escritorio ajustable,1,1199900.00,10.00,1199900.00,119990.00,1079910.00,Tarjeta débito,5.0
3982,PED003982,2026-06-26 21:23:11,CLI01390,Medellín,Aplicación móvil,,Deportes,Mancuernas ajustables,2,399900.00,0.00,799800.00,0.00,799800.00,Billetera digital,4.0
3983,PED003983,2026-01-30 16:53:37,CLI01919,Cali,Tienda física,CLO-02,Deportes,Balón fútbol,1,122300.00,10.00,122300.00,12230.00,110070.00,Efectivo,
3984,PED003984,2026-05-02 08:34:09,CLI01126,Bogotá D.C.,Aplicación móvil,,Deportes,Colchoneta yoga,3,89900.00,0.00,269700.00,0.00,269700.00,Tarjeta crédito,5.0
3985,PED003985,2026-04-02 16:38:56,CLI02032,Cali,Aplicación móvil,,Oficina,Silla ergonómica,1,749900.00,15.00,749900.00,112485.00,637415.00,PSE,
3986,PED003986,2026-06-08 20:14:30,CLI01770,Bogotá D.C.,Página web,,Tecnología,Audífonos Bluetooth,1,149900.00,5.00,149900.00,7495.00,142405.00,Tarjeta crédito,5.0
3987,PED003987,2026-01-25 21:14:10,CLI01785,Bogotá D.C.,Página web,,Electrodomésticos,Horno microondas,1,579900.00,10.00,579900.00,57990.00,521910.00,Tarjeta crédito,
3988,PED003988,2026-06-27 02:31:38,CLI02263,Bogotá D.C.,Aplicación móvil,,Hogar,Organizador modular,1,119900.00,0.00,119900.00,0.00,119900.00,Tarjeta crédito,
3989,PED003989,2026-03-26 09:57:50,CLI01505,Bogotá D.C.,Aplicación móvil,,Tecnología,Mouse inalámbrico,1,94400.00,0.00,94400.00,0.00,94400.00,PSE,5.0
3990,PED003990,2026-05-11 20:02:43,CLI00737,Bogotá D.C.,Página web,,Tecnología,Monitor 24 pulgadas,1,699900.00,5.00,699900.00,34995.00,664905.00,Tarjeta débito,
3991,PED003991,2026-01-11 01:37:48,CLI02007,Pereira,Aplicación móvil,,Tecnología,Mouse inalámbrico,2,94400.00,0.00,188800.00,0.00,188800.00,Tarjeta débito,
3992,PED003992,2026-03-04 21:59:57,CLI00803,Cali,Página web,,Deportes,Kit bandas elásticas,1,83900.00,5.00,83900.00,4195.00,79705.00,Tarjeta débito,1.0
3993,PED003993,2026-04-03 10:04:42,CLI02464,Bogotá D.C.,Página web,,Hogar,Purificador de aire,4,783900.00,5.00,3135600.00,156780.00,2978820.00,Tarjeta crédito,
3994,PED003994,2026-06-14 05:10:00,CLI01162,Cali,Página web,,Hogar,Purificador de aire,1,799900.00,0.00,799900.00,0.00,799900.00,PSE,3.0
3995,PED003995,2026-05-19 07:01:47,CLI01166,Bogotá D.C.,Tienda física,BOG-01,Hogar,Organizador modular,2,117500.00,10.00,235000.00,23500.00,211500.00,Tarjeta débito,
3996,PED003996,2026-05-15 10:07:36,CLI02424,Pereira,Página web,,Electrodomésticos,Freidora de aire,3,449900.00,20.00,1349700.00,269940.00,1079760.00,PSE,3.0
3997,PED003997,2026-06-27 18:06:33,CLI01025,Bogotá D.C.,Aplicación móvil,,Deportes,Bicicleta estática,3,1499900.00,0.00,4499700.00,0.00,4499700.00,Billetera digital,4.0
3998,PED003998,2026-04-28 16:29:20,CLI02013,Bogotá D.C.,Tienda física,BOG-01,Tecnología,Audífonos Bluetooth,2,149900.00,0.00,299800.00,0.00,299800.00,Tarjeta crédito,
3999,PED003999,2026-06-27 02:41:29,CLI01854,Bogotá D.C.,Tienda física,BOG-02,Hogar,Lámpara de mesa,2,132500.00,0.00,265000.00,0.00,265000.00,Tarjeta débito,
4000,PED004000,2026-02-03 23:08:20,CLI00629,Cali,Página web,,Tecnología,Tablet 10 pulgadas,3,881900.00,10.00,2645700.00,264570.00,2381130.00,PSE,
4001,PED004001,2026-03-13 18:04:29,CLI01160,Pereira,Página web,,Oficina,Archivador metálico,2,436900.00,0.00,873800.00,0.00,873800.00,Tarjeta crédito,
4002,PED004002,2026-03-02 04:43:22,CLI02344,Bucaramanga,Aplicación móvil,,Deportes,Kit bandas elásticas,1,81500.00,5.00,81500.00,4075.00,77425.00,Tarjeta débito,5.0
4003,PED004003,2026-01-20 20:36:47,CLI01487,Cali,Página web,,Tecnología,Monitor 24 pulgadas,1,699900.00,10.00,699900.00,69990.00,629910.00,Tarjeta crédito,4.0
4004,PED004004,2026-06-30 17:33:34,CLI02081,Barranquilla,Página web,,Oficina,Webcam Full HD,1,195900.00,15.00,195900.00,29385.00,166515.00,Tarjeta débito,
4005,PED004005,2026-03-02 21:35:13,CLI00341,Bucaramanga,Aplicación móvil,,Tecnología,Teclado mecánico,1,218400.00,0.00,218400.00,0.00,218400.00,PSE,2.0
4006,PED004006,2026-05-16 14:19:03,CLI02478,Bogotá D.C.,Aplicación móvil,,Tecnología,Smartwatch,3,313400.00,0.00,940200.00,0.00,940200.00,Tarjeta crédito,
4007,PED004007,2026-02-07 17:15:13,CLI02398,Medellín,Página web,,Electrodomésticos,Licuadora,1,227900.00,10.00,227900.00,22790.00,205110.00,Tarjeta crédito,
4008,PED004008,2026-02-03 15:45:42,CLI01401,Bucaramanga,Aplicación móvil,,Deportes,Bicicleta estática,3,1499900.00,20.00,4499700.00,899940.00,3599760.00,PSE,4.0
4009,PED004009,2026-05-20 08:48:15,CLI00459,Medellín,Página web,,Deportes,Mancuernas ajustables,3,399900.00,10.00,1199700.00,119970.00,1079730.00,Tarjeta crédito,
4010,PED004010,2026-05-08 23:25:46,CLI00982,Barranquilla,Página web,,Oficina,Impresora multifuncional,1,849900.00,0.00,849900.00,0.00,849900.00,PSE,
4011,PED004011,2026-02-08 09:34:53,CLI00893,Cali,Aplicación móvil,,Tecnología,Audífonos Bluetooth,2,149900.00,10.00,299800.00,29980.00,269820.00,Tarjeta crédito,
4012,PED004012,2026-03-08 17:16:41,CLI01240,Medellín,Página web,,Tecnología,Monitor 24 pulgadas,1,734900.00,5.00,734900.00,36745.00,698155.00,Tarjeta débito,5.0
4013,PED004013,2026-05-05 21:08:14,CLI00489,Bogotá D.C.,Tienda física,BOG-03,Hogar,Juego de ollas,1,284100.00,15.00,284100.00,42615.00,241485.00,Efectivo,3.0
4014,PED004014,2026-02-10 21:47:49,CLI00329,Bogotá D.C.,Aplicación móvil,,Deportes,Kit bandas elásticas,1,79900.00,5.00,79900.00,3995.00,75905.00,Tarjeta débito,3.0
4015,PED004015,2026-06-03 21:36:03,CLI01237,Cali,Página web,,Electrodomésticos,Freidora de aire,2,458900.00,0.00,917800.00,0.00,917800.00,Tarjeta débito,
4016,PED004016,2026-02-13 14:59:22,CLI02567,Pereira,Aplicación móvil,,Electrodomésticos,Freidora de aire,1,449900.00,10.00,449900.00,44990.00,404910.00,Tarjeta crédito,4.0
4017,PED004017,2026-06-12 09:54:16,CLI00318,Bogotá D.C.,Tienda física,BOG-02,Oficina,Escritorio ajustable,3,1259900.00,0.00,3779700.00,0.00,3779700.00,Tarjeta crédito,4.0
4018,PED004018,2026-05-01 01:21:09,CLI02608,Cali,Página web,,Hogar,Organizador modular,1,125900.00,15.00,125900.00,18885.00,107015.00,Transferencia,
4019,PED004019,2026-06-20 16:29:40,CLI01526,Pereira,Aplicación móvil,,Tecnología,Monitor 24 pulgadas,2,664900.00,20.00,1329800.00,265960.00,1063840.00,Billetera digital,4.0
4020,PED004020,2026-05-16 11:59:04,CLI00730,Pereira,Página web,,Hogar,Lámpara de mesa,1,129900.00,15.00,129900.00,19485.00,110415.00,PSE,4.0
4021,PED004021,2026-04-30 13:53:29,CLI00470,Bogotá D.C.,Tienda física,BOG-01,Hogar,Purificador de aire,1,799900.00,5.00,799900.00,39995.00,759905.00,Efectivo,5.0
4022,PED004022,2026-05-13 21:12:15,CLI01804,Bucaramanga,Página web,,Oficina,Archivador metálico,1,459900.00,0.00,459900.00,0.00,459900.00,Tarjeta crédito,3.0
4023,PED004023,2026-01-22 18:06:47,CLI00257,Medellín,Página web,,Hogar,Purificador de aire,2,839900.00,0.00,1679800.00,0.00,1679800.00,PSE,3.0
4024,PED004024,2026-03-24 10:31:10,CLI01647,Cali,Aplicación móvil,,Tecnología,Mouse inalámbrico,2,89900.00,10.00,179800.00,17980.00,161820.00,Tarjeta débito,5.0
4025,PED004025,2026-01-31 15:56:52,CLI00163,Barranquilla,Aplicación móvil,,Oficina,Webcam Full HD,1,203900.00,15.00,203900.00,30585.00,173315.00,Billetera digital,4.0
4026,PED004026,2026-05-31 07:43:49,CLI01599,Bogotá D.C.,Página web,,Electrodomésticos,Arrocera,1,161400.00,0.00,161400.00,0.00,161400.00,PSE,
4027,PED004027,2026-04-01 03:51:40,CLI00476,Medellín,Aplicación móvil,,Hogar,Purificador de aire,1,759900.00,0.00,759900.00,0.00,759900.00,Tarjeta crédito,4.0
4028,PED004028,2026-02-24 13:07:22,CLI00059,Bogotá D.C.,Aplicación móvil,,Tecnología,Smartwatch,2,336500.00,15.00,673000.00,100950.00,572050.00,PSE,5.0
4029,PED004029,2026-05-10 07:11:12,CLI02609,Barranquilla,Página web,,Electrodomésticos,Freidora de aire,1,472400.00,0.00,472400.00,0.00,472400.00,Tarjeta crédito,5.0
4030,PED004030,2026-01-18 07:14:11,CLI00409,Cali,Página web,,Tecnología,Teclado mecánico,1,229900.00,0.00,229900.00,0.00,229900.00,PSE,
4031,PED004031,2026-04-22 14:59:47,CLI02624,Cali,Tienda física,CLO-02,Electrodomésticos,Licuadora,3,227900.00,5.00,683700.00,34185.00,649515.00,Tarjeta débito,3.0
4032,PED004032,2026-01-17 16:44:06,CLI01433,Bucaramanga,Aplicación móvil,,Electrodomésticos,Arrocera,1,173300.00,10.00,173300.00,17330.00,155970.00,Billetera digital,4.0
4033,PED004033,2026-01-08 01:57:58,CLI00172,Bogotá D.C.,Página web,,Electrodomésticos,Cafetera eléctrica,1,189900.00,0.00,189900.00,0.00,189900.00,Tarjeta crédito,
4034,PED004034,2026-02-05 00:21:54,CLI02225,Bogotá D.C.,Tienda física,BOG-02,Electrodomésticos,Arrocera,2,169900.00,15.00,339800.00,50970.00,288830.00,PSE,5.0
4035,PED004035,2026-03-17 22:52:00,CLI01115,Barranquilla,Tienda física,BAQ-01,Tecnología,Audífonos Bluetooth,1,142400.00,0.00,142400.00,0.00,142400.00,Tarjeta crédito,2.0
4036,PED004036,2026-03-01 16:05:15,CLI01187,Bogotá D.C.,Página web,,Electrodomésticos,Sanduchera,1,129900.00,0.00,129900.00,0.00,129900.00,PSE,
4037,PED004037,2026-02-17 11:11:08,CLI01910,Pereira,Página web,,Electrodomésticos,Freidora de aire,1,427400.00,10.00,427400.00,42740.00,384660.00,Tarjeta débito,3.0
4038,PED004038,2026-02-16 11:53:34,CLI01353,Bogotá D.C.,Aplicación móvil,,Deportes,Colchoneta yoga,2,89900.00,5.00,179800.00,8990.00,170810.00,Billetera digital,
4039,PED004039,2026-01-11 14:20:17,CLI01218,Medellín,Página web,,Electrodomésticos,Licuadora,3,235100.00,15.00,705300.00,105795.00,599505.00,Tarjeta débito,
4040,PED004040,2026-02-08 09:17:28,CLI00728,Cali,Aplicación móvil,,Electrodomésticos,Licuadora,1,244700.00,0.00,244700.00,0.00,244700.00,Billetera digital,
4041,PED004041,2026-04-29 04:24:04,CLI01682,Barranquilla,Página web,,Oficina,Base para portátil,2,109900.00,15.00,219800.00,32970.00,186830.00,Tarjeta crédito,
4042,PED004042,2026-04-13 11:46:14,CLI01584,Pereira,Tienda física,PEI-01,Hogar,Lámpara de mesa,1,132500.00,0.00,132500.00,0.00,132500.00,Tarjeta débito,
4043,PED004043,2026-03-22 19:51:25,CLI00659,Cali,Página web,,Deportes,Colchoneta yoga,1,85400.00,20.00,85400.00,17080.00,68320.00,Tarjeta débito,4.0
4044,PED004044,2026-06-03 11:34:04,CLI00512,Bucaramanga,Página web,,Oficina,Webcam Full HD,1,189900.00,0.00,189900.00,0.00,189900.00,Transferencia,
4045,PED004045,2026-06-12 05:18:43,CLI00780,Cali,Página web,,Hogar,Lámpara de mesa,1,136400.00,20.00,136400.00,27280.00,109120.00,Tarjeta débito,5.0
4046,PED004046,2026-06-19 15:39:11,CLI01217,Bogotá D.C.,Página web,,Hogar,Purificador de aire,2,799900.00,10.00,1599800.00,159980.00,1439820.00,Tarjeta crédito,
4047,PED004047,2026-01-11 16:56:28,CLI00096,Cali,Tienda física,CLO-01,Oficina,Escritorio ajustable,1,1139900.00,10.00,1139900.00,113990.00,1025910.00,Efectivo,5.0
4048,PED004048,2026-06-06 21:11:32,CLI00355,Bogotá D.C.,Tienda física,BOG-02,Hogar,Aspiradora vertical,1,524900.00,0.00,524900.00,0.00,524900.00,Tarjeta débito,4.0
4049,PED004049,2026-01-19 19:20:26,CLI00866,Bogotá D.C.,Tienda física,BOG-02,Deportes,Bicicleta estática,2,1529900.00,0.00,3059800.00,0.00,3059800.00,Efectivo,
4050,PED004050,2026-06-08 22:16:43,CLI00688,Medellín,Tienda física,MDE-02,Tecnología,Mouse inalámbrico,2,94400.00,10.00,188800.00,18880.00,169920.00,Efectivo,
4051,PED004051,2026-02-28 12:23:15,CLI02317,Bogotá D.C.,Página web,,Electrodomésticos,Cafetera eléctrica,1,193700.00,0.00,193700.00,0.00,193700.00,PSE,
4052,PED004052,2026-06-24 16:11:23,CLI00400,Medellín,Página web,,Electrodomésticos,Licuadora,1,235100.00,5.00,235100.00,11755.00,223345.00,Tarjeta crédito,3.0
4053,PED004053,2026-06-10 08:25:39,CLI00220,Bogotá D.C.,Tienda física,BOG-02,Hogar,Purificador de aire,2,783900.00,10.00,1567800.00,156780.00,1411020.00,Tarjeta débito,5.0
4054,PED004054,2026-03-27 12:26:40,CLI01834,Cali,Tienda física,CLO-02,Oficina,Silla ergonómica,2,734900.00,0.00,1469800.00,0.00,1469800.00,Efectivo,
4055,PED004055,2026-04-01 13:32:39,CLI01385,Pereira,Tienda física,PEI-01,Oficina,Escritorio ajustable,1,1139900.00,0.00,1139900.00,0.00,1139900.00,PSE,5.0
4056,PED004056,2026-02-23 18:57:46,CLI00511,Medellín,Aplicación móvil,,Hogar,Lámpara de mesa,1,123400.00,0.00,123400.00,0.00,123400.00,Tarjeta débito,
4057,PED004057,2026-02-01 05:50:57,CLI01891,Bucaramanga,Página web,,Deportes,Mancuernas ajustables,1,399900.00,0.00,399900.00,0.00,399900.00,Tarjeta crédito,2.0
4058,PED004058,2026-01-12 06:55:48,CLI01611,Cali,Tienda física,CLO-01,Tecnología,Tablet 10 pulgadas,1,917900.00,0.00,917900.00,0.00,917900.00,PSE,4.0
4059,PED004059,2026-06-19 13:33:26,CLI01664,Bogotá D.C.,Tienda física,BOG-02,Electrodomésticos,Freidora de aire,1,472400.00,5.00,472400.00,23620.00,448780.00,Tarjeta débito,
4060,PED004060,2026-05-07 10:46:26,CLI00973,Barranquilla,Página web,,Hogar,Purificador de aire,1,839900.00,5.00,839900.00,41995.00,797905.00,Tarjeta crédito,3.0
4061,PED004061,2026-05-18 13:32:19,CLI02544,Medellín,Aplicación móvil,,Deportes,Kit bandas elásticas,2,75900.00,0.00,151800.00,0.00,151800.00,Tarjeta crédito,4.0
4062,PED004062,2026-02-10 08:44:34,CLI00856,Pereira,Tienda física,PEI-01,Hogar,Ventilador de torre,1,349900.00,0.00,349900.00,0.00,349900.00,Efectivo,4.0
4063,PED004063,2026-01-27 06:40:37,CLI02509,Bogotá D.C.,Aplicación móvil,,Hogar,Organizador modular,3,113900.00,0.00,341700.00,0.00,341700.00,Tarjeta débito,5.0
4064,PED004064,2026-03-09 06:26:09,CLI00684,Bogotá D.C.,Tienda física,BOG-01,Hogar,Purificador de aire,1,759900.00,0.00,759900.00,0.00,759900.00,PSE,5.0
4065,PED004065,2026-01-02 02:08:11,CLI02064,Bogotá D.C.,Página web,,Oficina,Impresora multifuncional,2,849900.00,0.00,1699800.00,0.00,1699800.00,Tarjeta crédito,3.0
4066,PED004066,2026-04-24 20:36:00,CLI02250,Medellín,Página web,,Deportes,Kit bandas elásticas,1,75900.00,5.00,75900.00,3795.00,72105.00,Tarjeta débito,
4067,PED004067,2026-02-21 19:43:57,CLI01710,Bogotá D.C.,Aplicación móvil,,Hogar,Juego de ollas,2,284100.00,5.00,568200.00,28410.00,539790.00,Tarjeta crédito,5.0
4068,PED004068,2026-01-08 16:24:44,CLI01220,Cali,Tienda física,CLO-02,Tecnología,Audífonos Bluetooth,1,149900.00,10.00,149900.00,14990.00,134910.00,Tarjeta débito,4.0
4069,PED004069,2026-04-15 01:23:24,CLI01655,Cali,Página web,,Tecnología,Tablet 10 pulgadas,2,899900.00,0.00,1799800.00,0.00,1799800.00,PSE,4.0
4070,PED004070,2026-04-25 03:36:39,CLI01674,Bogotá D.C.,Página web,,Electrodomésticos,Freidora de aire,1,440900.00,10.00,440900.00,44090.00,396810.00,PSE,4.0
4071,PED004071,2026-03-19 06:00:29,CLI00168,Medellín,Tienda física,MDE-02,Tecnología,Audífonos Bluetooth,1,149900.00,10.00,149900.00,14990.00,134910.00,Efectivo,4.0
4072,PED004072,2026-05-05 08:11:41,CLI01064,Cali,Tienda física,CLO-02,Oficina,Escritorio ajustable,2,1259900.00,10.00,2519800.00,251980.00,2267820.00,Tarjeta crédito,1.0
4073,PED004073,2026-06-29 11:18:35,CLI01061,Bogotá D.C.,Tienda física,BOG-01,Electrodomésticos,Freidora de aire,2,458900.00,10.00,917800.00,91780.00,826020.00,Tarjeta débito,2.0
4074,PED004074,2026-03-19 08:49:00,CLI01963,Cali,Aplicación móvil,,Deportes,Kit bandas elásticas,2,75900.00,0.00,151800.00,0.00,151800.00,Billetera digital,
4075,PED004075,2026-03-31 11:02:32,CLI01018,Medellín,Aplicación móvil,,Hogar,Organizador modular,1,122300.00,15.00,122300.00,18345.00,103955.00,Billetera digital,3.0
4076,PED004076,2026-03-28 09:52:18,CLI02207,Barranquilla,Aplicación móvil,,Tecnología,Mouse inalámbrico,2,88100.00,0.00,176200.00,0.00,176200.00,PSE,
4077,PED004077,2026-05-21 14:51:48,CLI01281,Medellín,Página web,,Deportes,Bicicleta estática,1,1499900.00,0.00,1499900.00,0.00,1499900.00,PSE,4.0
4078,PED004078,2026-03-24 22:11:29,CLI00511,Cali,Página web,,Electrodomésticos,Horno microondas,1,579900.00,0.00,579900.00,0.00,579900.00,PSE,4.0
4079,PED004079,2026-02-28 08:47:17,CLI01067,Bogotá D.C.,Tienda física,BOG-02,Electrodomésticos,Freidora de aire,1,427400.00,5.00,427400.00,21370.00,406030.00,Tarjeta crédito,5.0
4080,PED004080,2026-03-28 06:44:48,CLI00233,Cali,Tienda física,CLO-01,Electrodomésticos,Sanduchera,1,132500.00,0.00,132500.00,0.00,132500.00,Tarjeta débito,4.0
4081,PED004081,2026-03-12 00:23:46,CLI01143,Bogotá D.C.,Tienda física,BOG-03,Tecnología,Tablet 10 pulgadas,1,899900.00,10.00,899900.00,89990.00,809910.00,Tarjeta débito,5.0
4082,PED004082,2026-06-11 13:34:33,CLI00362,Bogotá D.C.,Aplicación móvil,,Tecnología,Tablet 10 pulgadas,2,917900.00,0.00,1835800.00,0.00,1835800.00,PSE,
4083,PED004083,2026-06-03 23:43:13,CLI00668,Cali,Tienda física,CLO-01,Tecnología,Tablet 10 pulgadas,1,899900.00,0.00,899900.00,0.00,899900.00,Tarjeta débito,4.0
4084,PED004084,2026-04-12 16:31:28,CLI02404,Barranquilla,Página web,,Tecnología,Monitor 24 pulgadas,1,713900.00,0.00,713900.00,0.00,713900.00,PSE,5.0
4085,PED004085,2026-02-11 23:59:48,CLI01111,Cali,Aplicación móvil,,Hogar,Juego de ollas,1,289900.00,0.00,289900.00,0.00,289900.00,Tarjeta crédito,
4086,PED004086,2026-02-04 11:26:45,CLI02203,Barranquilla,Tienda física,BAQ-01,Tecnología,Mouse inalámbrico,1,88100.00,10.00,88100.00,8810.00,79290.00,Tarjeta crédito,5.0
4087,PED004087,2026-02-10 10:33:37,CLI01292,Cali,Página web,,Tecnología,Tablet 10 pulgadas,1,854900.00,0.00,854900.00,0.00,854900.00,Tarjeta débito,
4088,PED004088,2026-01-25 03:43:24,CLI01753,Medellín,Página web,,Oficina,Silla ergonómica,2,749900.00,10.00,1499800.00,149980.00,1349820.00,Tarjeta crédito,
4089,PED004089,2026-01-24 21:38:02,CLI02014,Cali,Página web,,Electrodomésticos,Arrocera,1,161400.00,0.00,161400.00,0.00,161400.00,Tarjeta débito,2.0
4090,PED004090,2026-06-11 08:01:07,CLI01683,Pereira,Aplicación móvil,,Oficina,Base para portátil,1,104400.00,15.00,104400.00,15660.00,88740.00,Tarjeta débito,4.0
4091,PED004091,2026-01-03 02:48:03,CLI00591,Medellín,Página web,,Hogar,Juego de ollas,3,289900.00,0.00,869700.00,0.00,869700.00,Tarjeta crédito,4.0
4092,PED004092,2026-01-08 16:41:26,CLI01485,Bogotá D.C.,Tienda física,BOG-03,Tecnología,Tablet 10 pulgadas,1,881900.00,20.00,881900.00,176380.00,705520.00,Tarjeta débito,4.0
4093,PED004093,2026-02-16 21:28:05,CLI00221,Bogotá D.C.,Aplicación móvil,,Deportes,Balón fútbol,1,119900.00,0.00,119900.00,0.00,119900.00,PSE,2.0
4094,PED004094,2026-06-18 02:29:55,CLI02266,Barranquilla,Aplicación móvil,,Tecnología,Audífonos Bluetooth,2,152900.00,0.00,305800.00,0.00,305800.00,Tarjeta crédito,4.0
4095,PED004095,2026-02-08 06:25:42,CLI00738,Bogotá D.C.,Página web,,Electrodomésticos,Horno microondas,1,568300.00,10.00,568300.00,56830.00,511470.00,PSE,4.0
4096,PED004096,2026-04-12 10:35:44,CLI01253,Bogotá D.C.,Página web,,Electrodomésticos,Licuadora,1,239900.00,0.00,239900.00,0.00,239900.00,Tarjeta crédito,4.0
4097,PED004097,2026-02-01 12:39:30,CLI00328,Bogotá D.C.,Aplicación móvil,,Deportes,Balón fútbol,1,119900.00,10.00,119900.00,11990.00,107910.00,Tarjeta crédito,2.0
4098,PED004098,2026-06-11 15:20:24,CLI00294,Bogotá D.C.,Página web,,Oficina,Impresora multifuncional,1,807400.00,10.00,807400.00,80740.00,726660.00,PSE,5.0
4099,PED004099,2026-03-17 05:22:57,CLI01780,Medellín,Página web,,Tecnología,Smartwatch,1,346400.00,5.00,346400.00,17320.00,329080.00,PSE,
4100,PED004100,2026-03-17 21:00:59,CLI01439,Medellín,Página web,,Electrodomésticos,Freidora de aire,2,472400.00,15.00,944800.00,141720.00,803080.00,Tarjeta débito,5.0
4101,PED004101,2026-02-10 21:13:56,CLI01995,Cali,Aplicación móvil,,Tecnología,Teclado mecánico,2,229900.00,10.00,459800.00,45980.00,413820.00,Tarjeta crédito,5.0
4102,PED004102,2026-03-07 19:53:18,CLI01572,Cali,Tienda física,CLO-01,Hogar,Lámpara de mesa,2,132500.00,5.00,265000.00,13250.00,251750.00,Tarjeta crédito,4.0
4103,PED004103,2026-01-07 01:17:30,CLI01709,Barranquilla,Página web,,Electrodomésticos,Arrocera,1,173300.00,5.00,173300.00,8665.00,164635.00,PSE,
4104,PED004104,2026-03-21 22:40:33,CLI02178,Medellín,Aplicación móvil,,Tecnología,Smartwatch,2,323300.00,5.00,646600.00,32330.00,614270.00,Tarjeta crédito,
4105,PED004105,2026-06-23 03:01:49,CLI01036,Bogotá D.C.,Página web,,Hogar,Purificador de aire,1,799900.00,0.00,799900.00,0.00,799900.00,Tarjeta crédito,
4106,PED004106,2026-04-10 20:31:00,CLI00911,Pereira,Tienda física,PEI-01,Tecnología,Teclado mecánico,2,241400.00,0.00,482800.00,0.00,482800.00,PSE,5.0
4107,PED004107,2026-04-06 06:08:03,CLI01828,Bogotá D.C.,Tienda física,BOG-01,Hogar,Purificador de aire,1,759900.00,15.00,759900.00,113985.00,645915.00,Tarjeta débito,3.0
4108,PED004108,2026-01-25 18:35:58,CLI01273,Barranquilla,Tienda física,BAQ-01,Tecnología,Mouse inalámbrico,1,91700.00,10.00,91700.00,9170.00,82530.00,Tarjeta crédito,3.0
4109,PED004109,2026-01-31 15:08:28,CLI01088,Bucaramanga,Página web,,Deportes,Mancuernas ajustables,2,379900.00,10.00,759800.00,75980.00,683820.00,Tarjeta débito,3.0
4110,PED004110,2026-05-04 04:47:02,CLI00661,Medellín,Tienda física,MDE-01,Hogar,Organizador modular,2,122300.00,5.00,244600.00,12230.00,232370.00,Efectivo,3.0
4111,PED004111,2026-04-30 09:17:13,CLI00600,Bogotá D.C.,Aplicación móvil,,Electrodomésticos,Horno microondas,1,568300.00,0.00,568300.00,0.00,568300.00,Tarjeta crédito,
4112,PED004112,2026-05-29 16:14:34,CLI01846,Barranquilla,Aplicación móvil,,Deportes,Balón fútbol,1,119900.00,10.00,119900.00,11990.00,107910.00,PSE,
4113,PED004113,2026-05-31 15:47:34,CLI01060,Bogotá D.C.,Tienda física,BOG-03,Hogar,Aspiradora vertical,1,474900.00,15.00,474900.00,71235.00,403665.00,Efectivo,
4114,PED004114,2026-05-02 06:22:27,CLI00100,Medellín,Aplicación móvil,,Electrodomésticos,Arrocera,1,178400.00,0.00,178400.00,0.00,178400.00,Tarjeta débito,1.0
4115,PED004115,2026-01-07 17:18:52,CLI01139,Bucaramanga,Aplicación móvil,,Deportes,Kit bandas elásticas,1,79900.00,20.00,79900.00,15980.00,63920.00,PSE,5.0
4116,PED004116,2026-02-11 00:10:13,CLI00813,Bogotá D.C.,Página web,,Tecnología,Monitor 24 pulgadas,1,734900.00,15.00,734900.00,110235.00,624665.00,Tarjeta débito,
4117,PED004117,2026-01-25 17:40:30,CLI00163,Bucaramanga,Página web,,Tecnología,Smartwatch,2,329900.00,10.00,659800.00,65980.00,593820.00,PSE,5.0
4118,PED004118,2026-03-15 20:13:11,CLI01084,Bogotá D.C.,Aplicación móvil,,Hogar,Aspiradora vertical,1,509900.00,0.00,509900.00,0.00,509900.00,Tarjeta crédito,5.0
4119,PED004119,2026-03-27 15:35:37,CLI01159,Cali,Tienda física,CLO-02,Electrodomésticos,Arrocera,3,169900.00,10.00,509700.00,50970.00,458730.00,Tarjeta débito,4.0
4120,PED004120,2026-04-17 21:52:33,CLI01232,Bucaramanga,Tienda física,BGA-01,Tecnología,Tablet 10 pulgadas,1,854900.00,5.00,854900.00,42745.00,812155.00,Efectivo,5.0
4121,PED004121,2026-03-11 01:56:08,CLI00369,Medellín,Página web,,Tecnología,Audífonos Bluetooth,1,146900.00,0.00,146900.00,0.00,146900.00,PSE,
4122,PED004122,2026-04-11 21:26:55,CLI02425,Bucaramanga,Página web,,Electrodomésticos,Licuadora,1,227900.00,0.00,227900.00,0.00,227900.00,Tarjeta crédito,
4123,PED004123,2026-01-20 09:46:41,CLI00709,Cali,Página web,,Electrodomésticos,Freidora de aire,1,440900.00,5.00,440900.00,22045.00,418855.00,Transferencia,
4124,PED004124,2026-06-03 15:28:21,CLI02550,Bogotá D.C.,Tienda física,BOG-03,Electrodomésticos,Freidora de aire,2,449900.00,5.00,899800.00,44990.00,854810.00,Tarjeta débito,
4125,PED004125,2026-05-05 07:08:25,CLI02667,Bogotá D.C.,Página web,,Electrodomésticos,Licuadora,2,239900.00,0.00,479800.00,0.00,479800.00,PSE,3.0
4126,PED004126,2026-03-09 11:08:04,CLI02373,Cali,Página web,,Deportes,Colchoneta yoga,1,91700.00,5.00,91700.00,4585.00,87115.00,Tarjeta débito,
4127,PED004127,2026-04-22 21:17:53,CLI02359,Barranquilla,Tienda física,BAQ-01,Tecnología,Monitor 24 pulgadas,1,699900.00,10.00,699900.00,69990.00,629910.00,Tarjeta crédito,5.0
4128,PED004128,2026-04-15 07:14:51,CLI02472,Barranquilla,Página web,,Oficina,Archivador metálico,2,459900.00,20.00,919800.00,183960.00,735840.00,PSE,
4129,PED004129,2026-03-06 21:55:43,CLI00486,Pereira,Página web,,Hogar,Aspiradora vertical,1,499900.00,0.00,499900.00,0.00,499900.00,Tarjeta débito,5.0
4130,PED004130,2026-04-26 09:07:00,CLI01069,Bogotá D.C.,Página web,,Electrodomésticos,Freidora de aire,1,427400.00,10.00,427400.00,42740.00,384660.00,Tarjeta débito,4.0
4131,PED004131,2026-06-20 22:46:18,CLI01984,Pereira,Tienda física,PEI-01,Oficina,Escritorio ajustable,1,1223900.00,10.00,1223900.00,122390.00,1101510.00,PSE,4.0
4132,PED004132,2026-03-30 07:09:28,CLI01707,Barranquilla,Página web,,Oficina,Webcam Full HD,1,203900.00,20.00,203900.00,40780.00,163120.00,PSE,
4133,PED004133,2026-06-21 05:12:24,CLI01705,Bucaramanga,Página web,,Deportes,Kit bandas elásticas,2,75900.00,0.00,151800.00,0.00,151800.00,Tarjeta débito,
4134,PED004134,2026-04-02 11:12:01,CLI02569,Barranquilla,Aplicación móvil,,Deportes,Banda caminadora,1,2309900.00,0.00,2309900.00,0.00,2309900.00,Tarjeta crédito,
4135,PED004135,2026-03-13 10:07:34,CLI01605,Cali,Página web,,Hogar,Lámpara de mesa,3,136400.00,0.00,409200.00,0.00,409200.00,Tarjeta débito,
4136,PED004136,2026-01-19 13:10:12,CLI01303,Cali,Página web,,Hogar,Purificador de aire,1,815900.00,0.00,815900.00,0.00,815900.00,PSE,5.0
4137,PED004137,2026-04-11 00:31:19,CLI00779,Bogotá D.C.,Página web,,Electrodomésticos,Horno microondas,2,579900.00,5.00,1159800.00,57990.00,1101810.00,Tarjeta crédito,
4138,PED004138,2026-03-15 15:26:12,CLI00002,Bogotá D.C.,Tienda física,BOG-01,Oficina,Silla ergonómica,2,734900.00,0.00,1469800.00,0.00,1469800.00,Efectivo,3.0
4139,PED004139,2026-05-09 05:06:24,CLI01160,Bogotá D.C.,Tienda física,BOG-01,Oficina,Impresora multifuncional,1,892400.00,5.00,892400.00,44620.00,847780.00,Efectivo,4.0
4140,PED004140,2026-06-09 20:28:51,CLI01730,Bogotá D.C.,Aplicación móvil,,Hogar,Juego de ollas,1,295700.00,5.00,295700.00,14785.00,280915.00,Tarjeta débito,
4141,PED004141,2026-04-20 18:44:27,CLI00466,Bogotá D.C.,Tienda física,BOG-01,Deportes,Kit bandas elásticas,1,81500.00,0.00,81500.00,0.00,81500.00,Efectivo,4.0
4142,PED004142,2026-05-14 23:39:38,CLI01617,Bogotá D.C.,Aplicación móvil,,Hogar,Aspiradora vertical,3,474900.00,20.00,1424700.00,284940.00,1139760.00,Tarjeta débito,5.0
4143,PED004143,2026-04-21 02:16:54,CLI00675,Pereira,Tienda física,PEI-01,Oficina,Silla ergonómica,1,749900.00,0.00,749900.00,0.00,749900.00,Tarjeta débito,
4144,PED004144,2026-05-06 19:47:11,CLI01906,Barranquilla,Tienda física,BAQ-01,Tecnología,Monitor 24 pulgadas,1,699900.00,0.00,699900.00,0.00,699900.00,Efectivo,
4145,PED004145,2026-01-22 13:52:36,CLI00823,Bucaramanga,Tienda física,BGA-01,Hogar,Organizador modular,1,119900.00,15.00,119900.00,17985.00,101915.00,Tarjeta débito,
4146,PED004146,2026-06-21 23:25:04,CLI00764,Barranquilla,Página web,,Tecnología,Smartwatch,3,336500.00,0.00,1009500.00,0.00,1009500.00,Tarjeta débito,4.0
4147,PED004147,2026-06-06 21:00:54,CLI00511,Bogotá D.C.,Página web,,Deportes,Balón fútbol,1,117500.00,20.00,117500.00,23500.00,94000.00,PSE,5.0
4148,PED004148,2026-05-15 00:08:39,CLI01684,Cali,Aplicación móvil,,Hogar,Lámpara de mesa,1,129900.00,10.00,129900.00,12990.00,116910.00,Tarjeta crédito,
4149,PED004149,2026-02-04 09:58:08,CLI02078,Cali,Página web,,Deportes,Colchoneta yoga,4,85400.00,0.00,341600.00,0.00,341600.00,Tarjeta débito,4.0
4150,PED004150,2026-03-11 08:04:22,CLI01315,Bogotá D.C.,Aplicación móvil,,Oficina,Silla ergonómica,1,749900.00,10.00,749900.00,74990.00,674910.00,Tarjeta crédito,
4151,PED004151,2026-04-20 07:25:00,CLI02049,Medellín,Tienda física,MDE-02,Deportes,Balón fútbol,1,125900.00,10.00,125900.00,12590.00,113310.00,Tarjeta crédito,5.0
4152,PED004152,2026-01-08 03:40:33,CLI01361,Bogotá D.C.,Tienda física,BOG-02,Electrodomésticos,Arrocera,1,166500.00,0.00,166500.00,0.00,166500.00,Efectivo,5.0
4153,PED004153,2026-03-22 20:29:58,CLI01219,Cali,Página web,,Tecnología,Teclado mecánico,1,229900.00,0.00,229900.00,0.00,229900.00,Tarjeta crédito,5.0
4154,PED004154,2026-05-09 10:27:15,CLI01350,Barranquilla,Aplicación móvil,,Tecnología,Smartwatch,1,323300.00,0.00,323300.00,0.00,323300.00,Billetera digital,3.0
4155,PED004155,2026-06-07 03:53:07,CLI00553,Bogotá D.C.,Tienda física,BOG-02,Deportes,Bicicleta estática,1,1499900.00,0.00,1499900.00,0.00,1499900.00,Efectivo,5.0
4156,PED004156,2026-05-26 20:23:21,CLI00192,Barranquilla,Tienda física,BAQ-01,Deportes,Bicicleta estática,1,1469900.00,20.00,1469900.00,293980.00,1175920.00,Efectivo,3.0
4157,PED004157,2026-03-11 14:22:48,CLI00799,Medellín,Tienda física,MDE-01,Tecnología,Audífonos Bluetooth,1,149900.00,10.00,149900.00,14990.00,134910.00,Efectivo,4.0
4158,PED004158,2026-01-06 21:44:12,CLI00042,Bucaramanga,Página web,,Tecnología,Audífonos Bluetooth,1,146900.00,0.00,146900.00,0.00,146900.00,Tarjeta crédito,
4159,PED004159,2026-01-24 08:48:03,CLI01898,Cali,Aplicación móvil,,Deportes,Kit bandas elásticas,1,79900.00,15.00,79900.00,11985.00,67915.00,PSE,
4160,PED004160,2026-02-05 01:03:55,CLI02570,Pereira,Aplicación móvil,,Electrodomésticos,Horno microondas,1,608900.00,10.00,608900.00,60890.00,548010.00,Tarjeta crédito,
4161,PED004161,2026-04-11 16:48:40,CLI00482,Barranquilla,Página web,,Tecnología,Tablet 10 pulgadas,1,944900.00,10.00,944900.00,94490.00,850410.00,PSE,5.0
4162,PED004162,2026-02-28 02:41:23,CLI00764,Cali,Tienda física,CLO-02,Hogar,Purificador de aire,1,759900.00,0.00,759900.00,0.00,759900.00,PSE,
4163,PED004163,2026-01-07 14:30:26,CLI01070,Cali,Aplicación móvil,,Tecnología,Monitor 24 pulgadas,1,713900.00,0.00,713900.00,0.00,713900.00,Tarjeta crédito,5.0
4164,PED004164,2026-02-24 23:27:25,CLI00434,Barranquilla,Aplicación móvil,,Tecnología,Smartwatch,1,329900.00,0.00,329900.00,0.00,329900.00,Tarjeta débito,5.0
4165,PED004165,2026-01-06 07:41:29,CLI02515,Pereira,Página web,,Tecnología,Tablet 10 pulgadas,2,944900.00,5.00,1889800.00,94490.00,1795310.00,Tarjeta crédito,3.0
4166,PED004166,2026-03-15 00:10:51,CLI00139,Bogotá D.C.,Aplicación móvil,,Electrodomésticos,Cafetera eléctrica,1,193700.00,0.00,193700.00,0.00,193700.00,PSE,4.0
4167,PED004167,2026-05-12 21:33:43,CLI00253,Medellín,Tienda física,MDE-02,Oficina,Base para portátil,4,107700.00,0.00,430800.00,0.00,430800.00,PSE,
4168,PED004168,2026-04-25 03:35:45,CLI01434,Bogotá D.C.,Tienda física,BOG-02,Tecnología,Smartwatch,1,336500.00,0.00,336500.00,0.00,336500.00,Tarjeta débito,
4169,PED004169,2026-02-24 17:16:09,CLI00348,Bucaramanga,Tienda física,BGA-01,Deportes,Banda caminadora,1,2199900.00,10.00,2199900.00,219990.00,1979910.00,Tarjeta crédito,
4170,PED004170,2026-04-06 06:55:11,CLI01698,Pereira,Tienda física,PEI-01,Deportes,Kit bandas elásticas,1,79900.00,5.00,79900.00,3995.00,75905.00,Tarjeta crédito,3.0
4171,PED004171,2026-05-16 14:32:50,CLI00635,Cali,Página web,,Deportes,Colchoneta yoga,1,85400.00,0.00,85400.00,0.00,85400.00,Tarjeta crédito,4.0
4172,PED004172,2026-03-12 17:04:48,CLI00697,Medellín,Tienda física,MDE-01,Electrodomésticos,Freidora de aire,2,427400.00,5.00,854800.00,42740.00,812060.00,Efectivo,4.0
4173,PED004173,2026-03-13 20:55:34,CLI01676,Bogotá D.C.,Página web,,Deportes,Bicicleta estática,4,1574900.00,10.00,6299600.00,629960.00,5669640.00,Tarjeta crédito,4.0
4174,PED004174,2026-04-12 03:54:50,CLI02226,Bucaramanga,Página web,,Hogar,Organizador modular,1,122300.00,0.00,122300.00,0.00,122300.00,Transferencia,5.0
4175,PED004175,2026-01-25 18:50:33,CLI01763,Medellín,Página web,,Hogar,Purificador de aire,1,799900.00,5.00,799900.00,39995.00,759905.00,Tarjeta crédito,4.0
4176,PED004176,2026-01-23 09:21:11,CLI01372,Cali,Tienda física,CLO-01,Hogar,Purificador de aire,2,799900.00,0.00,1599800.00,0.00,1599800.00,Tarjeta crédito,
4177,PED004177,2026-02-03 18:59:17,CLI01627,Cali,Aplicación móvil,,Tecnología,Teclado mecánico,2,225300.00,10.00,450600.00,45060.00,405540.00,PSE,5.0
4178,PED004178,2026-06-06 22:43:10,CLI00816,Bucaramanga,Aplicación móvil,,Deportes,Colchoneta yoga,1,94400.00,10.00,94400.00,9440.00,84960.00,PSE,
4179,PED004179,2026-03-03 00:41:04,CLI01680,Bogotá D.C.,Aplicación móvil,,Tecnología,Smartwatch,1,346400.00,5.00,346400.00,17320.00,329080.00,Tarjeta débito,
4180,PED004180,2026-04-19 02:42:50,CLI01244,Bogotá D.C.,Página web,,Tecnología,Tablet 10 pulgadas,1,881900.00,10.00,881900.00,88190.00,793710.00,PSE,4.0
4181,PED004181,2026-02-27 22:34:11,CLI00439,Pereira,Aplicación móvil,,Hogar,Juego de ollas,3,295700.00,0.00,887100.00,0.00,887100.00,Tarjeta crédito,
4182,PED004182,2026-02-25 04:35:51,CLI00655,Bogotá D.C.,Página web,,Deportes,Bicicleta estática,1,1499900.00,0.00,1499900.00,0.00,1499900.00,Tarjeta crédito,
4183,PED004183,2026-06-16 20:59:39,CLI00996,Barranquilla,Página web,,Electrodomésticos,Sanduchera,2,123400.00,0.00,246800.00,0.00,246800.00,Transferencia,
4184,PED004184,2026-06-03 01:30:21,CLI01333,Pereira,Tienda física,PEI-01,Deportes,Colchoneta yoga,2,89900.00,0.00,179800.00,0.00,179800.00,PSE,4.0
4185,PED004185,2026-05-11 12:09:33,CLI01099,Medellín,Aplicación móvil,,Electrodomésticos,Horno microondas,1,608900.00,0.00,608900.00,0.00,608900.00,PSE,
4186,PED004186,2026-01-05 01:38:47,CLI00294,Barranquilla,Tienda física,BAQ-01,Oficina,Archivador metálico,1,436900.00,5.00,436900.00,21845.00,415055.00,Tarjeta débito,
4187,PED004187,2026-06-15 08:26:37,CLI01611,Medellín,Página web,,Electrodomésticos,Freidora de aire,3,449900.00,0.00,1349700.00,0.00,1349700.00,Transferencia,
4188,PED004188,2026-05-05 18:50:39,CLI02542,Medellín,Aplicación móvil,,Tecnología,Monitor 24 pulgadas,1,734900.00,20.00,734900.00,146980.00,587920.00,PSE,
4189,PED004189,2026-02-17 19:28:54,CLI01493,Bogotá D.C.,Aplicación móvil,,Tecnología,Audífonos Bluetooth,1,142400.00,15.00,142400.00,21360.00,121040.00,Tarjeta crédito,4.0
4190,PED004190,2026-05-19 23:42:52,CLI01706,Bogotá D.C.,Página web,,Tecnología,Monitor 24 pulgadas,1,699900.00,15.00,699900.00,104985.00,594915.00,PSE,1.0
4191,PED004191,2026-04-21 08:05:58,CLI00764,Bogotá D.C.,Página web,,Tecnología,Tablet 10 pulgadas,3,899900.00,5.00,2699700.00,134985.00,2564715.00,Tarjeta débito,5.0
4192,PED004192,2026-06-02 09:39:12,CLI01438,Medellín,Página web,,Tecnología,Mouse inalámbrico,2,94400.00,15.00,188800.00,28320.00,160480.00,Tarjeta crédito,
4193,PED004193,2026-02-07 14:04:12,CLI02305,Cali,Página web,,Deportes,Banda caminadora,1,2199900.00,5.00,2199900.00,109995.00,2089905.00,Tarjeta crédito,2.0
4194,PED004194,2026-01-29 12:12:23,CLI01621,Cali,Página web,,Tecnología,Tablet 10 pulgadas,1,899900.00,15.00,899900.00,134985.00,764915.00,Tarjeta crédito,3.0
4195,PED004195,2026-05-14 05:28:27,CLI00349,Bucaramanga,Página web,,Tecnología,Monitor 24 pulgadas,2,664900.00,10.00,1329800.00,132980.00,1196820.00,PSE,5.0
4196,PED004196,2026-05-08 17:19:35,CLI01606,Medellín,Tienda física,MDE-01,Hogar,Juego de ollas,2,289900.00,0.00,579800.00,0.00,579800.00,Efectivo,5.0
4197,PED004197,2026-06-26 11:35:28,CLI01103,Cali,Tienda física,CLO-01,Electrodomésticos,Horno microondas,1,608900.00,0.00,608900.00,0.00,608900.00,Tarjeta crédito,5.0
4198,PED004198,2026-03-03 14:52:55,CLI02532,Medellín,Página web,,Deportes,Mancuernas ajustables,2,391900.00,10.00,783800.00,78380.00,705420.00,Transferencia,4.0
4199,PED004199,2026-04-25 04:27:07,CLI00824,Cali,Aplicación móvil,,Electrodomésticos,Cafetera eléctrica,1,189900.00,5.00,189900.00,9495.00,180405.00,Tarjeta débito,5.0
4200,PED004200,2026-04-23 07:43:13,CLI00052,Bogotá D.C.,Página web,,Hogar,Ventilador de torre,1,356900.00,0.00,356900.00,0.00,356900.00,PSE,5.0
4201,PED004201,2026-06-26 02:42:40,CLI00378,Medellín,Tienda física,MDE-02,Deportes,Colchoneta yoga,3,89900.00,10.00,269700.00,26970.00,242730.00,Tarjeta débito,4.0
4202,PED004202,2026-03-20 23:58:43,CLI01833,Bogotá D.C.,Página web,,Tecnología,Teclado mecánico,1,229900.00,10.00,229900.00,22990.00,206910.00,PSE,5.0
4203,PED004203,2026-02-03 13:29:32,CLI02637,Bogotá D.C.,Página web,,Electrodomésticos,Sanduchera,1,129900.00,10.00,129900.00,12990.00,116910.00,Tarjeta crédito,
4204,PED004204,2026-05-27 23:47:37,CLI01329,Bogotá D.C.,Página web,,Tecnología,Teclado mecánico,2,229900.00,5.00,459800.00,22990.00,436810.00,Tarjeta crédito,3.0
4205,PED004205,2026-01-19 09:10:51,CLI00810,Barranquilla,Aplicación móvil,,Electrodomésticos,Cafetera eléctrica,4,180400.00,10.00,721600.00,72160.00,649440.00,Tarjeta débito,
4206,PED004206,2026-05-27 17:47:32,CLI00717,Barranquilla,Tienda física,BAQ-01,Oficina,Base para portátil,1,109900.00,5.00,109900.00,5495.00,104405.00,Tarjeta crédito,4.0
4207,PED004207,2026-06-18 08:36:11,CLI02175,Barranquilla,Página web,,Deportes,Kit bandas elásticas,3,83900.00,5.00,251700.00,12585.00,239115.00,Tarjeta débito,4.0
4208,PED004208,2026-01-05 06:07:04,CLI02147,Bogotá D.C.,Tienda física,BOG-01,Oficina,Webcam Full HD,1,189900.00,15.00,189900.00,28485.00,161415.00,Efectivo,3.0
4209,PED004209,2026-04-04 21:52:48,CLI02459,Cali,Tienda física,CLO-02,Oficina,Webcam Full HD,1,199900.00,0.00,199900.00,0.00,199900.00,Tarjeta crédito,4.0
4210,PED004210,2026-03-22 22:02:41,CLI01869,Pereira,Tienda física,PEI-01,Tecnología,Tablet 10 pulgadas,2,899900.00,0.00,1799800.00,0.00,1799800.00,Tarjeta crédito,
4211,PED004211,2026-05-04 08:17:48,CLI02197,Barranquilla,Tienda física,BAQ-01,Tecnología,Monitor 24 pulgadas,1,685900.00,5.00,685900.00,34295.00,651605.00,Efectivo,3.0
4212,PED004212,2026-06-11 00:20:46,CLI00586,Bogotá D.C.,Página web,,Deportes,Colchoneta yoga,1,88100.00,0.00,88100.00,0.00,88100.00,Tarjeta débito,
4213,PED004213,2026-02-09 21:07:10,CLI02487,Bogotá D.C.,Tienda física,BOG-01,Tecnología,Tablet 10 pulgadas,1,899900.00,5.00,899900.00,44995.00,854905.00,Tarjeta crédito,4.0
4214,PED004214,2026-03-02 00:10:26,CLI02151,Barranquilla,Aplicación móvil,,Electrodomésticos,Sanduchera,1,129900.00,0.00,129900.00,0.00,129900.00,Tarjeta crédito,
4215,PED004215,2026-03-05 19:49:15,CLI02633,Barranquilla,Tienda física,BAQ-01,Tecnología,Tablet 10 pulgadas,2,899900.00,20.00,1799800.00,359960.00,1439840.00,Tarjeta débito,
4216,PED004216,2026-04-27 21:57:08,CLI00217,Bogotá D.C.,Tienda física,BOG-03,Deportes,Mancuernas ajustables,1,407900.00,0.00,407900.00,0.00,407900.00,Tarjeta débito,
4217,PED004217,2026-06-04 22:44:33,CLI01157,Medellín,Página web,,Oficina,Base para portátil,2,115400.00,0.00,230800.00,0.00,230800.00,PSE,5.0
4218,PED004218,2026-01-11 18:38:07,CLI02577,Pereira,Página web,,Tecnología,Smartwatch,1,323300.00,0.00,323300.00,0.00,323300.00,PSE,
4219,PED004219,2026-03-25 16:57:46,CLI00199,Bogotá D.C.,Tienda física,BOG-03,Hogar,Lámpara de mesa,1,129900.00,20.00,129900.00,25980.00,103920.00,Efectivo,
4220,PED004220,2026-01-20 08:31:24,CLI02450,Bucaramanga,Página web,,Deportes,Colchoneta yoga,2,89900.00,0.00,179800.00,0.00,179800.00,PSE,5.0
4221,PED004221,2026-06-22 10:35:41,CLI01895,Cali,Página web,,Tecnología,Audífonos Bluetooth,1,142400.00,15.00,142400.00,21360.00,121040.00,Tarjeta crédito,5.0
4222,PED004222,2026-03-01 22:28:22,CLI02228,Bucaramanga,Página web,,Hogar,Organizador modular,3,119900.00,0.00,359700.00,0.00,359700.00,PSE,
4223,PED004223,2026-04-12 07:07:39,CLI00614,Cali,Página web,,Oficina,Impresora multifuncional,1,807400.00,0.00,807400.00,0.00,807400.00,Tarjeta crédito,
4224,PED004224,2026-02-07 03:09:58,CLI01686,Cali,Aplicación móvil,,Tecnología,Smartwatch,2,329900.00,20.00,659800.00,131960.00,527840.00,PSE,5.0
4225,PED004225,2026-04-21 07:49:26,CLI02084,Bogotá D.C.,Página web,,Deportes,Kit bandas elásticas,1,78300.00,0.00,78300.00,0.00,78300.00,Tarjeta crédito,4.0
4226,PED004226,2026-04-05 01:04:25,CLI02243,Medellín,Página web,,Tecnología,Mouse inalámbrico,2,89900.00,5.00,179800.00,8990.00,170810.00,Tarjeta crédito,5.0
4227,PED004227,2026-02-03 23:17:53,CLI00130,Medellín,Aplicación móvil,,Tecnología,Smartwatch,2,323300.00,0.00,646600.00,0.00,646600.00,Tarjeta débito,2.0
4228,PED004228,2026-04-14 13:32:34,CLI00892,Barranquilla,Aplicación móvil,,Electrodomésticos,Licuadora,1,244700.00,10.00,244700.00,24470.00,220230.00,Tarjeta crédito,5.0
4229,PED004229,2026-06-06 07:05:26,CLI00364,Bucaramanga,Tienda física,BGA-01,Tecnología,Mouse inalámbrico,1,85400.00,20.00,85400.00,17080.00,68320.00,Efectivo,3.0
4230,PED004230,2026-06-01 04:40:49,CLI00207,Bogotá D.C.,Tienda física,BOG-03,Tecnología,Smartwatch,1,323300.00,20.00,323300.00,64660.00,258640.00,Tarjeta crédito,5.0
4231,PED004231,2026-05-01 13:15:27,CLI02026,Bogotá D.C.,Página web,,Deportes,Bicicleta estática,4,1469900.00,0.00,5879600.00,0.00,5879600.00,Tarjeta crédito,
4232,PED004232,2026-03-17 06:55:40,CLI00821,Bogotá D.C.,Aplicación móvil,,Hogar,Organizador modular,1,125900.00,10.00,125900.00,12590.00,113310.00,Tarjeta crédito,5.0
4233,PED004233,2026-04-26 22:43:31,CLI01877,Bogotá D.C.,Página web,,Hogar,Purificador de aire,2,759900.00,0.00,1519800.00,0.00,1519800.00,Tarjeta crédito,3.0
4234,PED004234,2026-03-27 13:14:52,CLI02207,Cali,Aplicación móvil,,Hogar,Purificador de aire,1,759900.00,0.00,759900.00,0.00,759900.00,Tarjeta débito,5.0
4235,PED004235,2026-06-09 16:28:16,CLI01080,Cali,Tienda física,CLO-01,Oficina,Base para portátil,1,107700.00,0.00,107700.00,0.00,107700.00,Tarjeta crédito,
4236,PED004236,2026-02-12 04:22:23,CLI01760,Bogotá D.C.,Aplicación móvil,,Electrodomésticos,Horno microondas,2,579900.00,0.00,1159800.00,0.00,1159800.00,PSE,5.0
4237,PED004237,2026-04-29 05:34:15,CLI01696,Barranquilla,Aplicación móvil,,Hogar,Lámpara de mesa,1,129900.00,5.00,129900.00,6495.00,123405.00,Tarjeta crédito,
4238,PED004238,2026-06-23 13:51:29,CLI01168,Pereira,Tienda física,PEI-01,Tecnología,Tablet 10 pulgadas,3,899900.00,10.00,2699700.00,269970.00,2429730.00,Tarjeta débito,5.0
4239,PED004239,2026-02-16 21:00:24,CLI00874,Pereira,Tienda física,PEI-01,Deportes,Colchoneta yoga,1,89900.00,15.00,89900.00,13485.00,76415.00,Tarjeta crédito,3.0
4240,PED004240,2026-04-26 10:09:16,CLI02348,Bogotá D.C.,Página web,,Tecnología,Smartwatch,2,329900.00,0.00,659800.00,0.00,659800.00,Tarjeta crédito,4.0
4241,PED004241,2026-01-26 07:17:53,CLI02610,Bogotá D.C.,Aplicación móvil,,Oficina,Webcam Full HD,1,209900.00,10.00,209900.00,20990.00,188910.00,Tarjeta crédito,4.0
4242,PED004242,2026-02-03 10:10:26,CLI00919,Pereira,Página web,,Tecnología,Teclado mecánico,1,229900.00,15.00,229900.00,34485.00,195415.00,PSE,
4243,PED004243,2026-05-06 04:04:56,CLI01124,Barranquilla,Aplicación móvil,,Oficina,Impresora multifuncional,1,849900.00,0.00,849900.00,0.00,849900.00,Billetera digital,5.0
4244,PED004244,2026-06-27 08:29:05,CLI00372,Bucaramanga,Aplicación móvil,,Tecnología,Smartwatch,1,329900.00,5.00,329900.00,16495.00,313405.00,Tarjeta crédito,
4245,PED004245,2026-04-04 12:43:48,CLI01652,Medellín,Aplicación móvil,,Tecnología,Teclado mecánico,1,225300.00,15.00,225300.00,33795.00,191505.00,Tarjeta crédito,5.0
4246,PED004246,2026-05-17 07:02:46,CLI00594,Barranquilla,Aplicación móvil,,Oficina,Silla ergonómica,1,749900.00,10.00,749900.00,74990.00,674910.00,Tarjeta crédito,5.0
4247,PED004247,2026-04-07 18:20:10,CLI01900,Barranquilla,Página web,,Oficina,Archivador metálico,1,482900.00,5.00,482900.00,24145.00,458755.00,Tarjeta crédito,5.0
4248,PED004248,2026-04-17 06:23:01,CLI00544,Bogotá D.C.,Página web,,Tecnología,Tablet 10 pulgadas,2,899900.00,0.00,1799800.00,0.00,1799800.00,Tarjeta crédito,
4249,PED004249,2026-06-14 16:18:02,CLI01075,Bogotá D.C.,Aplicación móvil,,Electrodomésticos,Freidora de aire,1,449900.00,0.00,449900.00,0.00,449900.00,Tarjeta crédito,5.0
4250,PED004250,2026-05-08 04:50:39,CLI02495,Bogotá D.C.,Aplicación móvil,,Electrodomésticos,Freidora de aire,3,449900.00,5.00,1349700.00,67485.00,1282215.00,PSE,5.0
4251,PED004251,2026-06-10 23:01:27,CLI00303,Bogotá D.C.,Página web,,Oficina,Base para portátil,1,107700.00,0.00,107700.00,0.00,107700.00,Tarjeta crédito,5.0
4252,PED004252,2026-03-27 12:47:27,CLI00776,Bogotá D.C.,Página web,,Tecnología,Teclado mecánico,4,241400.00,5.00,965600.00,48280.00,917320.00,Tarjeta crédito,2.0
4253,PED004253,2026-04-19 20:44:17,CLI00196,Bogotá D.C.,Aplicación móvil,,Deportes,Kit bandas elásticas,1,83900.00,0.00,83900.00,0.00,83900.00,Billetera digital,1.0
4254,PED004254,2026-06-15 13:45:40,CLI02376,Bucaramanga,Aplicación móvil,,Deportes,Kit bandas elásticas,1,83900.00,5.00,83900.00,4195.00,79705.00,PSE,3.0
4255,PED004255,2026-03-20 22:17:59,CLI01573,Bogotá D.C.,Página web,,Electrodomésticos,Sanduchera,1,123400.00,10.00,123400.00,12340.00,111060.00,Transferencia,
4256,PED004256,2026-04-01 06:49:04,CLI02420,Cali,Tienda física,CLO-02,Deportes,Mancuernas ajustables,1,379900.00,15.00,379900.00,56985.00,322915.00,Tarjeta crédito,
4257,PED004257,2026-01-22 08:58:50,CLI01487,Bogotá D.C.,Aplicación móvil,,Tecnología,Audífonos Bluetooth,1,152900.00,0.00,152900.00,0.00,152900.00,Tarjeta crédito,
4258,PED004258,2026-01-09 16:06:58,CLI01594,Pereira,Aplicación móvil,,Hogar,Ventilador de torre,1,367400.00,10.00,367400.00,36740.00,330660.00,Tarjeta débito,
4259,PED004259,2026-04-30 18:21:35,CLI00642,Bogotá D.C.,Tienda física,BOG-01,Deportes,Mancuernas ajustables,1,399900.00,0.00,399900.00,0.00,399900.00,Tarjeta débito,5.0
4260,PED004260,2026-06-13 08:51:21,CLI02552,Bogotá D.C.,Página web,,Hogar,Juego de ollas,1,284100.00,10.00,284100.00,28410.00,255690.00,Tarjeta crédito,5.0
4261,PED004261,2026-06-23 11:56:02,CLI02446,Bogotá D.C.,Página web,,Oficina,Webcam Full HD,1,199900.00,0.00,199900.00,0.00,199900.00,Tarjeta crédito,5.0
4262,PED004262,2026-01-19 11:14:59,CLI01578,Pereira,Página web,,Electrodomésticos,Licuadora,2,239900.00,0.00,479800.00,0.00,479800.00,PSE,4.0
4263,PED004263,2026-01-31 09:19:59,CLI02225,Barranquilla,Aplicación móvil,,Electrodomésticos,Freidora de aire,1,449900.00,0.00,449900.00,0.00,449900.00,Billetera digital,4.0
4264,PED004264,2026-01-02 16:49:59,CLI02272,Medellín,Página web,,Deportes,Bicicleta estática,2,1574900.00,0.00,3149800.00,0.00,3149800.00,Tarjeta crédito,4.0
4265,PED004265,2026-04-19 13:57:43,CLI02234,Cali,Página web,,Electrodomésticos,Cafetera eléctrica,1,199400.00,0.00,199400.00,0.00,199400.00,Tarjeta débito,
4266,PED004266,2026-06-10 01:47:57,CLI02659,Cali,Tienda física,CLO-01,Electrodomésticos,Licuadora,3,227900.00,0.00,683700.00,0.00,683700.00,PSE,4.0
4267,PED004267,2026-06-02 10:18:04,CLI01022,Barranquilla,Aplicación móvil,,Tecnología,Mouse inalámbrico,1,89900.00,5.00,89900.00,4495.00,85405.00,PSE,2.0
4268,PED004268,2026-05-06 08:17:01,CLI02304,Cali,Página web,,Electrodomésticos,Cafetera eléctrica,1,199400.00,10.00,199400.00,19940.00,179460.00,Tarjeta crédito,3.0
4269,PED004269,2026-05-13 07:09:59,CLI00239,Cali,Tienda física,CLO-01,Deportes,Bicicleta estática,2,1529900.00,0.00,3059800.00,0.00,3059800.00,Tarjeta débito,4.0
4270,PED004270,2026-01-20 02:28:24,CLI02624,Bogotá D.C.,Página web,,Electrodomésticos,Arrocera,2,161400.00,5.00,322800.00,16140.00,306660.00,PSE,5.0
4271,PED004271,2026-06-13 23:29:41,CLI01920,Cali,Aplicación móvil,,Electrodomésticos,Cafetera eléctrica,3,180400.00,5.00,541200.00,27060.00,514140.00,Tarjeta crédito,
4272,PED004272,2026-01-15 15:21:26,CLI00846,Medellín,Página web,,Hogar,Lámpara de mesa,2,136400.00,0.00,272800.00,0.00,272800.00,PSE,3.0
4273,PED004273,2026-06-26 12:27:27,CLI00839,Cali,Página web,,Tecnología,Audífonos Bluetooth,1,157400.00,0.00,157400.00,0.00,157400.00,Tarjeta débito,
4274,PED004274,2026-01-28 19:31:42,CLI02057,Bogotá D.C.,Aplicación móvil,,Oficina,Archivador metálico,1,469100.00,0.00,469100.00,0.00,469100.00,PSE,3.0
4275,PED004275,2026-03-13 03:59:58,CLI02273,Bogotá D.C.,Página web,,Electrodomésticos,Cafetera eléctrica,1,180400.00,5.00,180400.00,9020.00,171380.00,PSE,5.0
4276,PED004276,2026-04-08 07:30:52,CLI01745,Cali,Página web,,Oficina,Escritorio ajustable,2,1199900.00,0.00,2399800.00,0.00,2399800.00,Tarjeta crédito,
4277,PED004277,2026-05-05 15:36:23,CLI00452,Bogotá D.C.,Tienda física,BOG-01,Tecnología,Monitor 24 pulgadas,1,713900.00,0.00,713900.00,0.00,713900.00,Tarjeta crédito,
4278,PED004278,2026-01-10 11:03:09,CLI00057,Barranquilla,Aplicación móvil,,Oficina,Silla ergonómica,1,749900.00,10.00,749900.00,74990.00,674910.00,Tarjeta crédito,3.0
4279,PED004279,2026-02-07 10:17:47,CLI02467,Pereira,Página web,,Electrodomésticos,Cafetera eléctrica,2,186100.00,10.00,372200.00,37220.00,334980.00,Tarjeta crédito,2.0
4280,PED004280,2026-04-20 01:41:19,CLI00358,Pereira,Aplicación móvil,,Tecnología,Monitor 24 pulgadas,2,699900.00,5.00,1399800.00,69990.00,1329810.00,PSE,5.0
4281,PED004281,2026-01-31 04:30:12,CLI00847,Bogotá D.C.,Tienda física,BOG-01,Electrodomésticos,Licuadora,3,235100.00,10.00,705300.00,70530.00,634770.00,Tarjeta crédito,
4282,PED004282,2026-02-05 07:42:15,CLI01639,Bogotá D.C.,Página web,,Oficina,Silla ergonómica,1,749900.00,10.00,749900.00,74990.00,674910.00,PSE,5.0
4283,PED004283,2026-06-13 01:44:39,CLI01515,Bogotá D.C.,Aplicación móvil,,Oficina,Escritorio ajustable,1,1199900.00,20.00,1199900.00,239980.00,959920.00,Tarjeta débito,
4284,PED004284,2026-05-20 02:10:22,CLI01540,Bucaramanga,Tienda física,BGA-01,Tecnología,Monitor 24 pulgadas,1,699900.00,5.00,699900.00,34995.00,664905.00,Efectivo,
4285,PED004285,2026-05-19 23:27:37,CLI02197,Medellín,Página web,,Tecnología,Mouse inalámbrico,3,89900.00,10.00,269700.00,26970.00,242730.00,Transferencia,
4286,PED004286,2026-01-28 20:14:58,CLI01158,Bogotá D.C.,Página web,,Hogar,Lámpara de mesa,1,129900.00,0.00,129900.00,0.00,129900.00,PSE,5.0
4287,PED004287,2026-05-28 21:14:42,CLI02551,Cali,Página web,,Tecnología,Tablet 10 pulgadas,1,944900.00,20.00,944900.00,188980.00,755920.00,Transferencia,4.0
4288,PED004288,2026-02-19 17:30:48,CLI00761,Medellín,Página web,,Oficina,Silla ergonómica,1,787400.00,10.00,787400.00,78740.00,708660.00,PSE,4.0
4289,PED004289,2026-01-14 19:07:39,CLI00697,Bogotá D.C.,Página web,,Hogar,Lámpara de mesa,2,123400.00,0.00,246800.00,0.00,246800.00,PSE,
4290,PED004290,2026-01-18 11:29:01,CLI02395,Cali,Aplicación móvil,,Tecnología,Monitor 24 pulgadas,1,664900.00,10.00,664900.00,66490.00,598410.00,PSE,5.0
4291,PED004291,2026-03-21 23:46:07,CLI02499,Medellín,Aplicación móvil,,Electrodomésticos,Freidora de aire,1,449900.00,5.00,449900.00,22495.00,427405.00,PSE,5.0
4292,PED004292,2026-03-08 05:57:53,CLI01417,Cali,Aplicación móvil,,Hogar,Organizador modular,2,119900.00,0.00,239800.00,0.00,239800.00,Tarjeta crédito,
4293,PED004293,2026-02-07 11:21:49,CLI01673,Pereira,Aplicación móvil,,Oficina,Archivador metálico,1,459900.00,10.00,459900.00,45990.00,413910.00,PSE,
4294,PED004294,2026-06-01 16:12:18,CLI02022,Medellín,Tienda física,MDE-02,Electrodomésticos,Freidora de aire,1,472400.00,0.00,472400.00,0.00,472400.00,Tarjeta crédito,
4295,PED004295,2026-03-25 05:54:48,CLI02510,Cali,Aplicación móvil,,Deportes,Balón fútbol,1,122300.00,0.00,122300.00,0.00,122300.00,Billetera digital,3.0
4296,PED004296,2026-04-06 03:44:01,CLI01563,Pereira,Tienda física,PEI-01,Tecnología,Smartwatch,4,346400.00,10.00,1385600.00,138560.00,1247040.00,Tarjeta débito,4.0
4297,PED004297,2026-06-10 15:31:39,CLI02415,Bogotá D.C.,Aplicación móvil,,Oficina,Impresora multifuncional,1,849900.00,5.00,849900.00,42495.00,807405.00,Tarjeta crédito,4.0
4298,PED004298,2026-01-22 00:59:38,CLI00616,Bucaramanga,Tienda física,BGA-01,Electrodomésticos,Cafetera eléctrica,2,199400.00,15.00,398800.00,59820.00,338980.00,Tarjeta crédito,4.0
4299,PED004299,2026-05-06 22:05:41,CLI01333,Medellín,Aplicación móvil,,Tecnología,Teclado mecánico,1,229900.00,10.00,229900.00,22990.00,206910.00,Billetera digital,
4300,PED004300,2026-03-01 02:51:18,CLI02194,Bogotá D.C.,Aplicación móvil,,Deportes,Bicicleta estática,1,1499900.00,0.00,1499900.00,0.00,1499900.00,Tarjeta crédito,
4301,PED004301,2026-05-27 18:03:42,CLI00068,Cali,Tienda física,CLO-01,Hogar,Organizador modular,1,119900.00,10.00,119900.00,11990.00,107910.00,Tarjeta débito,5.0
4302,PED004302,2026-03-12 08:02:06,CLI01075,Medellín,Tienda física,MDE-01,Electrodomésticos,Horno microondas,1,579900.00,5.00,579900.00,28995.00,550905.00,Efectivo,4.0
4303,PED004303,2026-01-21 07:00:53,CLI01133,Cali,Aplicación móvil,,Hogar,Aspiradora vertical,3,499900.00,0.00,1499700.00,0.00,1499700.00,Tarjeta crédito,5.0
4304,PED004304,2026-01-14 12:16:26,CLI01224,Cali,Aplicación móvil,,Tecnología,Smartwatch,1,329900.00,5.00,329900.00,16495.00,313405.00,Tarjeta débito,
4305,PED004305,2026-05-26 07:17:25,CLI00826,Bogotá D.C.,Página web,,Oficina,Impresora multifuncional,1,849900.00,0.00,849900.00,0.00,849900.00,Transferencia,2.0
4306,PED004306,2026-05-21 04:17:06,CLI01600,Medellín,Tienda física,MDE-01,Hogar,Lámpara de mesa,2,129900.00,15.00,259800.00,38970.00,220830.00,PSE,4.0
4307,PED004307,2026-03-08 22:48:17,CLI02061,Barranquilla,Página web,,Tecnología,Monitor 24 pulgadas,1,713900.00,5.00,713900.00,35695.00,678205.00,Tarjeta débito,3.0
4308,PED004308,2026-04-29 09:39:12,CLI00247,Medellín,Página web,,Oficina,Escritorio ajustable,2,1139900.00,0.00,2279800.00,0.00,2279800.00,Tarjeta débito,
4309,PED004309,2026-02-27 15:37:15,CLI01128,Bucaramanga,Página web,,Tecnología,Monitor 24 pulgadas,2,699900.00,5.00,1399800.00,69990.00,1329810.00,Tarjeta crédito,3.0
4310,PED004310,2026-05-20 16:27:02,CLI02684,Medellín,Página web,,Tecnología,Monitor 24 pulgadas,1,664900.00,10.00,664900.00,66490.00,598410.00,PSE,5.0
4311,PED004311,2026-01-24 21:31:06,CLI02331,Medellín,Aplicación móvil,,Electrodomésticos,Horno microondas,3,579900.00,0.00,1739700.00,0.00,1739700.00,Billetera digital,
4312,PED004312,2026-01-20 05:38:10,CLI00890,Medellín,Tienda física,MDE-02,Oficina,Archivador metálico,1,450700.00,0.00,450700.00,0.00,450700.00,Efectivo,
4313,PED004313,2026-04-19 09:13:52,CLI02182,Bogotá D.C.,Página web,,Hogar,Ventilador de torre,1,356900.00,10.00,356900.00,35690.00,321210.00,Tarjeta crédito,5.0
4314,PED004314,2026-06-13 14:11:36,CLI02013,Pereira,Tienda física,PEI-01,Electrodomésticos,Sanduchera,2,123400.00,5.00,246800.00,12340.00,234460.00,PSE,5.0
4315,PED004315,2026-03-18 13:45:24,CLI00408,Bogotá D.C.,Aplicación móvil,,Tecnología,Smartwatch,1,336500.00,0.00,336500.00,0.00,336500.00,Tarjeta crédito,4.0
4316,PED004316,2026-06-27 17:31:10,CLI01496,Cali,Tienda física,CLO-01,Tecnología,Tablet 10 pulgadas,1,854900.00,15.00,854900.00,128235.00,726665.00,Tarjeta crédito,4.0
4317,PED004317,2026-04-03 12:42:59,CLI00755,Cali,Página web,,Oficina,Silla ergonómica,2,734900.00,20.00,1469800.00,293960.00,1175840.00,PSE,5.0
4318,PED004318,2026-05-31 13:45:16,CLI01017,Medellín,Aplicación móvil,,Electrodomésticos,Sanduchera,1,129900.00,0.00,129900.00,0.00,129900.00,Tarjeta débito,
4319,PED004319,2026-03-04 09:11:41,CLI02384,Pereira,Tienda física,PEI-01,Deportes,Colchoneta yoga,1,91700.00,0.00,91700.00,0.00,91700.00,Tarjeta crédito,4.0
4320,PED004320,2026-06-20 21:59:18,CLI01089,Cali,Aplicación móvil,,Electrodomésticos,Cafetera eléctrica,1,186100.00,0.00,186100.00,0.00,186100.00,Tarjeta crédito,4.0
4321,PED004321,2026-04-20 22:41:55,CLI01574,Medellín,Aplicación móvil,,Tecnología,Audífonos Bluetooth,1,149900.00,0.00,149900.00,0.00,149900.00,Tarjeta débito,4.0
4322,PED004322,2026-06-05 09:37:16,CLI01512,Medellín,Tienda física,MDE-01,Electrodomésticos,Sanduchera,1,129900.00,10.00,129900.00,12990.00,116910.00,Efectivo,
4323,PED004323,2026-02-23 19:49:19,CLI02046,Medellín,Tienda física,MDE-01,Hogar,Organizador modular,1,113900.00,0.00,113900.00,0.00,113900.00,Tarjeta crédito,
4324,PED004324,2026-06-15 05:14:23,CLI01631,Barranquilla,Tienda física,BAQ-01,Electrodomésticos,Freidora de aire,2,440900.00,10.00,881800.00,88180.00,793620.00,Efectivo,
4325,PED004325,2026-02-10 14:12:57,CLI01835,Bucaramanga,Aplicación móvil,,Tecnología,Audífonos Bluetooth,1,146900.00,5.00,146900.00,7345.00,139555.00,Tarjeta débito,
4326,PED004326,2026-03-21 09:20:51,CLI02098,Medellín,Tienda física,MDE-02,Oficina,Webcam Full HD,1,195900.00,0.00,195900.00,0.00,195900.00,Tarjeta crédito,4.0
4327,PED004327,2026-04-16 07:21:56,CLI00744,Bogotá D.C.,Tienda física,BOG-02,Electrodomésticos,Licuadora,1,251900.00,20.00,251900.00,50380.00,201520.00,Tarjeta crédito,
4328,PED004328,2026-06-10 20:33:06,CLI01724,Cali,Aplicación móvil,,Oficina,Escritorio ajustable,2,1223900.00,0.00,2447800.00,0.00,2447800.00,PSE,
4329,PED004329,2026-06-20 07:11:17,CLI01444,Bogotá D.C.,Tienda física,BOG-02,Electrodomésticos,Freidora de aire,1,449900.00,5.00,449900.00,22495.00,427405.00,Tarjeta débito,3.0
4330,PED004330,2026-05-12 05:23:15,CLI02459,Barranquilla,Tienda física,BAQ-01,Oficina,Silla ergonómica,3,712400.00,10.00,2137200.00,213720.00,1923480.00,Tarjeta débito,5.0
4331,PED004331,2026-06-01 08:38:19,CLI01122,Medellín,Página web,,Tecnología,Teclado mecánico,2,241400.00,0.00,482800.00,0.00,482800.00,Tarjeta débito,3.0
4332,PED004332,2026-01-26 09:03:56,CLI00113,Cali,Página web,,Tecnología,Smartwatch,1,329900.00,10.00,329900.00,32990.00,296910.00,PSE,2.0
4333,PED004333,2026-04-15 03:55:41,CLI02664,Cali,Tienda física,CLO-02,Deportes,Bicicleta estática,1,1499900.00,0.00,1499900.00,0.00,1499900.00,Efectivo,5.0
4334,PED004334,2026-03-02 13:05:15,CLI01899,Medellín,Aplicación móvil,,Deportes,Mancuernas ajustables,3,379900.00,10.00,1139700.00,113970.00,1025730.00,PSE,5.0
4335,PED004335,2026-04-22 22:05:47,CLI00480,Bucaramanga,Página web,,Hogar,Lámpara de mesa,1,136400.00,20.00,136400.00,27280.00,109120.00,PSE,4.0
4336,PED004336,2026-06-16 00:38:21,CLI00828,Bogotá D.C.,Tienda física,BOG-02,Tecnología,Mouse inalámbrico,2,94400.00,10.00,188800.00,18880.00,169920.00,Tarjeta débito,5.0
4337,PED004337,2026-02-19 00:52:59,CLI02541,Cali,Aplicación móvil,,Tecnología,Smartwatch,1,336500.00,5.00,336500.00,16825.00,319675.00,PSE,5.0
4338,PED004338,2026-06-10 19:50:18,CLI01433,Pereira,Tienda física,PEI-01,Electrodomésticos,Sanduchera,1,129900.00,0.00,129900.00,0.00,129900.00,Tarjeta débito,
4339,PED004339,2026-06-11 23:20:39,CLI02549,Bucaramanga,Página web,,Oficina,Archivador metálico,1,450700.00,0.00,450700.00,0.00,450700.00,Tarjeta crédito,
4340,PED004340,2026-05-11 02:02:59,CLI00817,Bucaramanga,Aplicación móvil,,Electrodomésticos,Cafetera eléctrica,1,193700.00,20.00,193700.00,38740.00,154960.00,PSE,5.0
4341,PED004341,2026-04-07 23:30:16,CLI00353,Pereira,Tienda física,PEI-01,Hogar,Juego de ollas,1,275400.00,10.00,275400.00,27540.00,247860.00,Tarjeta débito,
4342,PED004342,2026-05-26 05:10:50,CLI02302,Bucaramanga,Aplicación móvil,,Tecnología,Mouse inalámbrico,1,91700.00,10.00,91700.00,9170.00,82530.00,Tarjeta crédito,
4343,PED004343,2026-02-11 15:21:25,CLI00912,Pereira,Página web,,Electrodomésticos,Sanduchera,3,123400.00,0.00,370200.00,0.00,370200.00,PSE,
4344,PED004344,2026-02-15 21:17:21,CLI00660,Cali,Tienda física,CLO-02,Deportes,Banda caminadora,1,2155900.00,15.00,2155900.00,323385.00,1832515.00,PSE,5.0
4345,PED004345,2026-01-04 23:06:44,CLI02558,Bogotá D.C.,Aplicación móvil,,Hogar,Aspiradora vertical,2,499900.00,10.00,999800.00,99980.00,899820.00,PSE,4.0
4346,PED004346,2026-04-03 12:29:06,CLI02631,Cali,Aplicación móvil,,Deportes,Banda caminadora,1,2199900.00,0.00,2199900.00,0.00,2199900.00,Tarjeta crédito,
4347,PED004347,2026-04-30 12:35:31,CLI01602,Cali,Página web,,Electrodomésticos,Freidora de aire,1,449900.00,10.00,449900.00,44990.00,404910.00,Tarjeta crédito,
4348,PED004348,2026-01-22 23:42:03,CLI02569,Barranquilla,Página web,,Tecnología,Monitor 24 pulgadas,1,699900.00,0.00,699900.00,0.00,699900.00,Tarjeta débito,1.0
4349,PED004349,2026-02-16 11:31:07,CLI00476,Cali,Aplicación móvil,,Electrodomésticos,Horno microondas,1,608900.00,0.00,608900.00,0.00,608900.00,PSE,5.0
4350,PED004350,2026-05-02 10:32:39,CLI00895,Bogotá D.C.,Aplicación móvil,,Tecnología,Tablet 10 pulgadas,1,899900.00,15.00,899900.00,134985.00,764915.00,PSE,5.0
4351,PED004351,2026-05-19 10:43:37,CLI00249,Bogotá D.C.,Página web,,Tecnología,Monitor 24 pulgadas,1,664900.00,5.00,664900.00,33245.00,631655.00,Tarjeta débito,5.0
4352,PED004352,2026-06-12 22:34:13,CLI00557,Bogotá D.C.,Página web,,Electrodomésticos,Licuadora,1,239900.00,5.00,239900.00,11995.00,227905.00,PSE,4.0
4353,PED004353,2026-06-10 09:19:21,CLI00597,Bogotá D.C.,Aplicación móvil,,Electrodomésticos,Sanduchera,1,136400.00,5.00,136400.00,6820.00,129580.00,Billetera digital,5.0
4354,PED004354,2026-01-24 16:59:31,CLI01318,Cali,Página web,,Tecnología,Tablet 10 pulgadas,1,944900.00,5.00,944900.00,47245.00,897655.00,Tarjeta crédito,5.0
4355,PED004355,2026-05-29 16:18:50,CLI00958,Bogotá D.C.,Aplicación móvil,,Hogar,Aspiradora vertical,1,509900.00,0.00,509900.00,0.00,509900.00,Tarjeta crédito,
4356,PED004356,2026-06-02 18:33:16,CLI01682,Pereira,Tienda física,PEI-01,Hogar,Lámpara de mesa,2,132500.00,0.00,265000.00,0.00,265000.00,Tarjeta débito,5.0
4357,PED004357,2026-03-01 13:35:08,CLI02000,Bogotá D.C.,Página web,,Tecnología,Teclado mecánico,1,229900.00,15.00,229900.00,34485.00,195415.00,Tarjeta crédito,
4358,PED004358,2026-01-20 23:09:24,CLI02105,Barranquilla,Tienda física,BAQ-01,Deportes,Banda caminadora,2,2199900.00,20.00,4399800.00,879960.00,3519840.00,Tarjeta crédito,
4359,PED004359,2026-04-03 05:39:01,CLI02652,Barranquilla,Tienda física,BAQ-01,Electrodomésticos,Horno microondas,1,608900.00,5.00,608900.00,30445.00,578455.00,Tarjeta crédito,
4360,PED004360,2026-04-18 08:28:02,CLI01368,Medellín,Página web,,Deportes,Banda caminadora,3,2309900.00,5.00,6929700.00,346485.00,6583215.00,Tarjeta crédito,4.0
4361,PED004361,2026-05-10 02:44:00,CLI02048,Medellín,Tienda física,MDE-02,Tecnología,Audífonos Bluetooth,2,152900.00,0.00,305800.00,0.00,305800.00,Tarjeta crédito,4.0
4362,PED004362,2026-02-25 05:54:42,CLI00537,Medellín,Tienda física,MDE-01,Oficina,Silla ergonómica,1,749900.00,15.00,749900.00,112485.00,637415.00,PSE,3.0
4363,PED004363,2026-06-20 23:25:50,CLI02208,Bucaramanga,Aplicación móvil,,Oficina,Base para portátil,2,112100.00,5.00,224200.00,11210.00,212990.00,Billetera digital,4.0
4364,PED004364,2026-01-13 20:12:05,CLI01539,Cali,Página web,,Electrodomésticos,Horno microondas,3,568300.00,15.00,1704900.00,255735.00,1449165.00,Tarjeta débito,
4365,PED004365,2026-05-03 22:00:15,CLI00849,Pereira,Tienda física,PEI-01,Deportes,Mancuernas ajustables,1,419900.00,0.00,419900.00,0.00,419900.00,Tarjeta débito,4.0
4366,PED004366,2026-03-25 01:43:13,CLI00190,Cali,Aplicación móvil,,Hogar,Organizador modular,1,125900.00,0.00,125900.00,0.00,125900.00,Tarjeta débito,
4367,PED004367,2026-04-25 19:34:56,CLI00610,Cali,Página web,,Electrodomésticos,Cafetera eléctrica,2,199400.00,0.00,398800.00,0.00,398800.00,Tarjeta crédito,
4368,PED004368,2026-03-10 04:20:06,CLI01081,Cali,Página web,,Tecnología,Teclado mecánico,2,225300.00,0.00,450600.00,0.00,450600.00,Tarjeta crédito,3.0
4369,PED004369,2026-05-23 00:55:13,CLI02289,Bogotá D.C.,Tienda física,BOG-02,Oficina,Archivador metálico,1,469100.00,0.00,469100.00,0.00,469100.00,Tarjeta débito,4.0
4370,PED004370,2026-04-05 20:54:06,CLI02028,Barranquilla,Página web,,Hogar,Juego de ollas,2,295700.00,10.00,591400.00,59140.00,532260.00,Tarjeta crédito,
4371,PED004371,2026-01-27 13:04:29,CLI00777,Medellín,Tienda física,MDE-01,Hogar,Lámpara de mesa,1,129900.00,0.00,129900.00,0.00,129900.00,Tarjeta débito,4.0
4372,PED004372,2026-03-31 07:43:08,CLI02062,Bogotá D.C.,Página web,,Tecnología,Tablet 10 pulgadas,1,899900.00,5.00,899900.00,44995.00,854905.00,Tarjeta crédito,5.0
4373,PED004373,2026-01-31 19:21:46,CLI00049,Bogotá D.C.,Aplicación móvil,,Hogar,Lámpara de mesa,1,127300.00,0.00,127300.00,0.00,127300.00,Tarjeta crédito,1.0
4374,PED004374,2026-04-26 01:46:36,CLI00825,Bogotá D.C.,Aplicación móvil,,Electrodomésticos,Horno microondas,2,550900.00,0.00,1101800.00,0.00,1101800.00,Tarjeta débito,4.0
4375,PED004375,2026-05-04 07:27:38,CLI00136,Cali,Página web,,Tecnología,Teclado mecánico,1,241400.00,15.00,241400.00,36210.00,205190.00,Tarjeta crédito,
4376,PED004376,2026-02-16 09:17:47,CLI02201,Cali,Tienda física,CLO-02,Oficina,Escritorio ajustable,2,1199900.00,10.00,2399800.00,239980.00,2159820.00,Efectivo,
4377,PED004377,2026-03-06 21:47:03,CLI00143,Bogotá D.C.,Página web,,Electrodomésticos,Licuadora,1,235100.00,0.00,235100.00,0.00,235100.00,PSE,
4378,PED004378,2026-01-17 07:38:37,CLI00954,Cali,Aplicación móvil,,Deportes,Mancuernas ajustables,2,399900.00,15.00,799800.00,119970.00,679830.00,Tarjeta crédito,4.0
4379,PED004379,2026-05-10 19:32:37,CLI01601,Bogotá D.C.,Tienda física,BOG-03,Hogar,Purificador de aire,1,799900.00,5.00,799900.00,39995.00,759905.00,Efectivo,4.0
4380,PED004380,2026-04-05 19:18:06,CLI01678,Pereira,Aplicación móvil,,Tecnología,Monitor 24 pulgadas,4,664900.00,0.00,2659600.00,0.00,2659600.00,PSE,
4381,PED004381,2026-01-14 01:15:17,CLI02367,Pereira,Aplicación móvil,,Tecnología,Mouse inalámbrico,2,85400.00,20.00,170800.00,34160.00,136640.00,Tarjeta crédito,5.0
4382,PED004382,2026-05-12 09:11:38,CLI01126,Bogotá D.C.,Aplicación móvil,,Electrodomésticos,Sanduchera,2,129900.00,0.00,259800.00,0.00,259800.00,Tarjeta débito,5.0
4383,PED004383,2026-04-10 13:44:44,CLI02234,Pereira,Página web,,Electrodomésticos,Arrocera,1,169900.00,0.00,169900.00,0.00,169900.00,Tarjeta crédito,
4384,PED004384,2026-02-07 04:44:18,CLI00398,Bucaramanga,Tienda física,BGA-01,Deportes,Mancuernas ajustables,1,399900.00,15.00,399900.00,59985.00,339915.00,Tarjeta débito,
4385,PED004385,2026-04-18 21:23:09,CLI00329,Bogotá D.C.,Página web,,Electrodomésticos,Horno microondas,1,550900.00,0.00,550900.00,0.00,550900.00,Tarjeta débito,5.0
4386,PED004386,2026-01-18 08:03:18,CLI02374,Bogotá D.C.,Aplicación móvil,,Tecnología,Smartwatch,1,323300.00,5.00,323300.00,16165.00,307135.00,Tarjeta crédito,4.0
4387,PED004387,2026-04-26 05:09:18,CLI01101,Cali,Página web,,Tecnología,Smartwatch,1,329900.00,20.00,329900.00,65980.00,263920.00,PSE,4.0
4388,PED004388,2026-05-25 17:30:50,CLI00938,Bogotá D.C.,Aplicación móvil,,Tecnología,Audífonos Bluetooth,1,152900.00,0.00,152900.00,0.00,152900.00,Tarjeta crédito,
4389,PED004389,2026-06-01 21:02:09,CLI02378,Bucaramanga,Tienda física,BGA-01,Tecnología,Audífonos Bluetooth,1,149900.00,0.00,149900.00,0.00,149900.00,Tarjeta débito,3.0
4390,PED004390,2026-05-13 04:18:32,CLI00508,Bogotá D.C.,Página web,,Hogar,Lámpara de mesa,1,136400.00,0.00,136400.00,0.00,136400.00,Tarjeta crédito,3.0
4391,PED004391,2026-02-20 04:33:28,CLI01057,Medellín,Tienda física,MDE-02,Tecnología,Audífonos Bluetooth,1,149900.00,15.00,149900.00,22485.00,127415.00,PSE,5.0
4392,PED004392,2026-06-14 08:20:36,CLI01629,Bogotá D.C.,Página web,,Deportes,Balón fútbol,1,113900.00,0.00,113900.00,0.00,113900.00,Tarjeta crédito,
4393,PED004393,2026-03-12 15:56:59,CLI00131,Bogotá D.C.,Tienda física,BOG-02,Tecnología,Teclado mecánico,1,234500.00,10.00,234500.00,23450.00,211050.00,Efectivo,
4394,PED004394,2026-05-14 15:40:43,CLI02282,Medellín,Página web,,Oficina,Impresora multifuncional,1,849900.00,0.00,849900.00,0.00,849900.00,Tarjeta débito,
4395,PED004395,2026-06-26 05:30:33,CLI01282,Barranquilla,Aplicación móvil,,Electrodomésticos,Freidora de aire,1,440900.00,0.00,440900.00,0.00,440900.00,Billetera digital,5.0
4396,PED004396,2026-06-20 08:33:01,CLI00138,Bogotá D.C.,Página web,,Deportes,Colchoneta yoga,1,88100.00,0.00,88100.00,0.00,88100.00,PSE,
4397,PED004397,2026-06-18 18:07:17,CLI02673,Cali,Tienda física,CLO-02,Oficina,Escritorio ajustable,1,1199900.00,10.00,1199900.00,119990.00,1079910.00,Tarjeta crédito,3.0
4398,PED004398,2026-05-01 06:29:46,CLI02126,Medellín,Página web,,Oficina,Archivador metálico,1,482900.00,15.00,482900.00,72435.00,410465.00,PSE,4.0
4399,PED004399,2026-03-04 12:28:10,CLI00485,Bogotá D.C.,Tienda física,BOG-02,Tecnología,Smartwatch,1,329900.00,0.00,329900.00,0.00,329900.00,Tarjeta crédito,
4400,PED004400,2026-01-30 11:36:04,CLI00592,Medellín,Página web,,Deportes,Bicicleta estática,1,1499900.00,5.00,1499900.00,74995.00,1424905.00,Tarjeta débito,
4401,PED004401,2026-03-15 16:03:59,CLI00173,Cali,Página web,,Electrodomésticos,Arrocera,2,169900.00,0.00,339800.00,0.00,339800.00,Transferencia,5.0
4402,PED004402,2026-01-25 15:02:30,CLI00653,Medellín,Aplicación móvil,,Deportes,Kit bandas elásticas,2,79900.00,0.00,159800.00,0.00,159800.00,Billetera digital,
4403,PED004403,2026-03-18 14:39:44,CLI00765,Bogotá D.C.,Tienda física,BOG-01,Hogar,Lámpara de mesa,1,127300.00,0.00,127300.00,0.00,127300.00,Tarjeta débito,
4404,PED004404,2026-05-06 08:49:56,CLI01186,Medellín,Aplicación móvil,,Electrodomésticos,Freidora de aire,1,458900.00,0.00,458900.00,0.00,458900.00,PSE,4.0
4405,PED004405,2026-05-04 09:24:37,CLI01963,Medellín,Aplicación móvil,,Tecnología,Mouse inalámbrico,1,89900.00,10.00,89900.00,8990.00,80910.00,Tarjeta débito,3.0
4406,PED004406,2026-02-13 11:12:15,CLI02140,Pereira,Página web,,Deportes,Bicicleta estática,1,1574900.00,0.00,1574900.00,0.00,1574900.00,Tarjeta crédito,
4407,PED004407,2026-04-13 22:09:48,CLI01162,Bogotá D.C.,Tienda física,BOG-03,Tecnología,Tablet 10 pulgadas,1,899900.00,10.00,899900.00,89990.00,809910.00,Tarjeta débito,
4408,PED004408,2026-02-15 14:55:57,CLI00941,Cali,Tienda física,CLO-02,Hogar,Organizador modular,4,113900.00,20.00,455600.00,91120.00,364480.00,Tarjeta débito,4.0
4409,PED004409,2026-03-12 05:26:26,CLI00923,Bogotá D.C.,Aplicación móvil,,Electrodomésticos,Cafetera eléctrica,1,199400.00,10.00,199400.00,19940.00,179460.00,Tarjeta crédito,5.0
4410,PED004410,2026-03-20 00:13:58,CLI02540,Cali,Tienda física,CLO-01,Tecnología,Tablet 10 pulgadas,1,917900.00,5.00,917900.00,45895.00,872005.00,Tarjeta débito,3.0
4411,PED004411,2026-04-20 20:25:26,CLI00883,Bogotá D.C.,Aplicación móvil,,Hogar,Organizador modular,2,113900.00,5.00,227800.00,11390.00,216410.00,Billetera digital,5.0
4412,PED004412,2026-03-28 08:19:38,CLI01628,Bogotá D.C.,Aplicación móvil,,Deportes,Bicicleta estática,1,1499900.00,5.00,1499900.00,74995.00,1424905.00,Tarjeta crédito,4.0
4413,PED004413,2026-01-26 00:59:58,CLI00853,Barranquilla,Página web,,Hogar,Aspiradora vertical,1,489900.00,0.00,489900.00,0.00,489900.00,Tarjeta crédito,
4414,PED004414,2026-05-30 02:13:28,CLI02220,Bogotá D.C.,Página web,,Hogar,Juego de ollas,1,304400.00,10.00,304400.00,30440.00,273960.00,Tarjeta crédito,
4415,PED004415,2026-03-06 08:09:04,CLI02602,Bogotá D.C.,Aplicación móvil,,Oficina,Base para portátil,1,109900.00,10.00,109900.00,10990.00,98910.00,PSE,
4416,PED004416,2026-01-14 07:31:50,CLI00653,Barranquilla,Página web,,Electrodomésticos,Licuadora,1,239900.00,15.00,239900.00,35985.00,203915.00,Tarjeta crédito,4.0
4417,PED004417,2026-03-12 04:18:35,CLI02038,Cali,Aplicación móvil,,Deportes,Bicicleta estática,2,1574900.00,0.00,3149800.00,0.00,3149800.00,PSE,4.0
4418,PED004418,2026-01-28 06:31:01,CLI00953,Bogotá D.C.,Página web,,Tecnología,Audífonos Bluetooth,1,149900.00,5.00,149900.00,7495.00,142405.00,Tarjeta crédito,
4419,PED004419,2026-05-11 00:59:04,CLI01962,Bogotá D.C.,Tienda física,BOG-03,Tecnología,Smartwatch,1,329900.00,20.00,329900.00,65980.00,263920.00,Tarjeta crédito,5.0
4420,PED004420,2026-02-23 01:52:33,CLI01502,Bogotá D.C.,Página web,,Hogar,Purificador de aire,1,799900.00,0.00,799900.00,0.00,799900.00,Tarjeta crédito,
4421,PED004421,2026-06-10 23:16:19,CLI01011,Barranquilla,Tienda física,BAQ-01,Tecnología,Tablet 10 pulgadas,2,899900.00,15.00,1799800.00,269970.00,1529830.00,Efectivo,
4422,PED004422,2026-04-16 15:48:47,CLI01191,Cali,Página web,,Electrodomésticos,Sanduchera,1,123400.00,0.00,123400.00,0.00,123400.00,PSE,
4423,PED004423,2026-06-27 21:29:35,CLI02274,Medellín,Aplicación móvil,,Oficina,Escritorio ajustable,1,1259900.00,0.00,1259900.00,0.00,1259900.00,PSE,5.0
4424,PED004424,2026-02-03 13:49:59,CLI00446,Medellín,Aplicación móvil,,Tecnología,Monitor 24 pulgadas,1,699900.00,0.00,699900.00,0.00,699900.00,PSE,
4425,PED004425,2026-06-17 13:57:24,CLI01875,Bucaramanga,Tienda física,BGA-01,Deportes,Mancuernas ajustables,2,399900.00,0.00,799800.00,0.00,799800.00,Tarjeta débito,
4426,PED004426,2026-03-01 17:50:15,CLI00960,Bucaramanga,Página web,,Deportes,Bicicleta estática,2,1574900.00,0.00,3149800.00,0.00,3149800.00,Transferencia,5.0
4427,PED004427,2026-03-27 16:35:41,CLI01265,Bogotá D.C.,Tienda física,BOG-02,Hogar,Purificador de aire,1,799900.00,10.00,799900.00,79990.00,719910.00,Tarjeta crédito,
4428,PED004428,2026-05-09 09:29:38,CLI00049,Medellín,Tienda física,MDE-02,Electrodomésticos,Sanduchera,1,123400.00,20.00,123400.00,24680.00,98720.00,Tarjeta crédito,
4429,PED004429,2026-05-13 02:39:30,CLI00784,Medellín,Aplicación móvil,,Hogar,Purificador de aire,3,799900.00,10.00,2399700.00,239970.00,2159730.00,Tarjeta crédito,3.0
4430,PED004430,2026-05-20 23:18:58,CLI00217,Medellín,Tienda física,MDE-02,Hogar,Lámpara de mesa,1,123400.00,0.00,123400.00,0.00,123400.00,PSE,4.0
4431,PED004431,2026-02-21 10:57:21,CLI00949,Bogotá D.C.,Tienda física,BOG-03,Electrodomésticos,Sanduchera,1,136400.00,0.00,136400.00,0.00,136400.00,PSE,
4432,PED004432,2026-03-22 06:46:29,CLI01486,Pereira,Tienda física,PEI-01,Tecnología,Audífonos Bluetooth,1,149900.00,10.00,149900.00,14990.00,134910.00,Tarjeta crédito,5.0
4433,PED004433,2026-06-19 08:47:54,CLI00084,Medellín,Aplicación móvil,,Deportes,Bicicleta estática,2,1499900.00,0.00,2999800.00,0.00,2999800.00,Tarjeta crédito,
4434,PED004434,2026-02-17 04:49:12,CLI00555,Bogotá D.C.,Aplicación móvil,,Hogar,Aspiradora vertical,1,509900.00,15.00,509900.00,76485.00,433415.00,Billetera digital,3.0
4435,PED004435,2026-02-14 19:27:22,CLI02314,Bucaramanga,Tienda física,BGA-01,Tecnología,Monitor 24 pulgadas,2,699900.00,0.00,1399800.00,0.00,1399800.00,Tarjeta crédito,
4436,PED004436,2026-06-03 06:11:04,CLI00797,Bogotá D.C.,Página web,,Electrodomésticos,Arrocera,1,161400.00,15.00,161400.00,24210.00,137190.00,Tarjeta crédito,
4437,PED004437,2026-06-07 02:32:54,CLI01838,Cali,Tienda física,CLO-01,Tecnología,Teclado mecánico,1,229900.00,15.00,229900.00,34485.00,195415.00,Tarjeta crédito,3.0
4438,PED004438,2026-03-15 04:25:49,CLI00999,Bogotá D.C.,Aplicación móvil,,Electrodomésticos,Freidora de aire,2,427400.00,0.00,854800.00,0.00,854800.00,PSE,4.0
4439,PED004439,2026-04-27 06:24:13,CLI02332,Bucaramanga,Aplicación móvil,,Electrodomésticos,Cafetera eléctrica,1,189900.00,0.00,189900.00,0.00,189900.00,Tarjeta débito,
4440,PED004440,2026-04-30 23:28:59,CLI02110,Cali,Aplicación móvil,,Deportes,Kit bandas elásticas,4,83900.00,5.00,335600.00,16780.00,318820.00,Tarjeta crédito,5.0
4441,PED004441,2026-06-02 18:35:34,CLI00496,Medellín,Página web,,Deportes,Bicicleta estática,1,1424900.00,0.00,1424900.00,0.00,1424900.00,Tarjeta débito,4.0
4442,PED004442,2026-06-30 10:34:40,CLI01622,Bogotá D.C.,Página web,,Hogar,Purificador de aire,1,799900.00,10.00,799900.00,79990.00,719910.00,PSE,5.0
4443,PED004443,2026-03-13 06:00:17,CLI02067,Cali,Tienda física,CLO-01,Tecnología,Audífonos Bluetooth,1,142400.00,0.00,142400.00,0.00,142400.00,Efectivo,5.0
4444,PED004444,2026-05-18 06:24:17,CLI01886,Bogotá D.C.,Página web,,Oficina,Webcam Full HD,3,199900.00,5.00,599700.00,29985.00,569715.00,PSE,4.0
4445,PED004445,2026-05-10 06:01:54,CLI00809,Cali,Aplicación móvil,,Deportes,Bicicleta estática,4,1574900.00,10.00,6299600.00,629960.00,5669640.00,Tarjeta crédito,
4446,PED004446,2026-06-07 02:43:02,CLI00811,Cali,Tienda física,CLO-01,Deportes,Kit bandas elásticas,1,78300.00,0.00,78300.00,0.00,78300.00,Tarjeta crédito,4.0
4447,PED004447,2026-05-19 18:50:08,CLI01989,Medellín,Aplicación móvil,,Hogar,Purificador de aire,3,783900.00,0.00,2351700.00,0.00,2351700.00,Tarjeta débito,5.0
4448,PED004448,2026-03-14 15:11:13,CLI00694,Bucaramanga,Página web,,Tecnología,Audífonos Bluetooth,1,152900.00,10.00,152900.00,15290.00,137610.00,Transferencia,
4449,PED004449,2026-04-25 13:37:39,CLI01294,Bucaramanga,Página web,,Oficina,Escritorio ajustable,1,1223900.00,10.00,1223900.00,122390.00,1101510.00,Tarjeta débito,
4450,PED004450,2026-01-19 12:02:05,CLI00398,Pereira,Página web,,Oficina,Silla ergonómica,4,787400.00,0.00,3149600.00,0.00,3149600.00,Tarjeta débito,4.0
4451,PED004451,2026-04-10 20:01:05,CLI01050,Cali,Página web,,Hogar,Juego de ollas,1,289900.00,0.00,289900.00,0.00,289900.00,Tarjeta crédito,5.0
4452,PED004452,2026-01-02 04:24:34,CLI02427,Bogotá D.C.,Tienda física,BOG-02,Deportes,Balón fútbol,2,119900.00,0.00,239800.00,0.00,239800.00,Efectivo,4.0
4453,PED004453,2026-04-05 06:58:23,CLI02421,Bogotá D.C.,Tienda física,BOG-02,Tecnología,Monitor 24 pulgadas,1,685900.00,0.00,685900.00,0.00,685900.00,Tarjeta crédito,
4454,PED004454,2026-03-30 05:22:16,CLI01728,Bogotá D.C.,Tienda física,BOG-01,Electrodomésticos,Freidora de aire,1,449900.00,10.00,449900.00,44990.00,404910.00,Tarjeta crédito,4.0
4455,PED004455,2026-04-10 23:11:35,CLI01091,Bogotá D.C.,Página web,,Electrodomésticos,Sanduchera,2,132500.00,10.00,265000.00,26500.00,238500.00,Tarjeta crédito,
4456,PED004456,2026-01-08 05:00:18,CLI01341,Bucaramanga,Página web,,Deportes,Kit bandas elásticas,2,79900.00,0.00,159800.00,0.00,159800.00,PSE,
4457,PED004457,2026-03-30 08:15:00,CLI00335,Barranquilla,Página web,,Electrodomésticos,Arrocera,1,169900.00,0.00,169900.00,0.00,169900.00,PSE,3.0
4458,PED004458,2026-05-08 12:05:17,CLI00120,Bucaramanga,Aplicación móvil,,Electrodomésticos,Horno microondas,1,550900.00,0.00,550900.00,0.00,550900.00,Tarjeta crédito,
4459,PED004459,2026-03-31 15:20:25,CLI01441,Cali,Aplicación móvil,,Deportes,Kit bandas elásticas,1,83900.00,0.00,83900.00,0.00,83900.00,Tarjeta débito,3.0
4460,PED004460,2026-04-25 13:01:32,CLI00958,Cali,Página web,,Deportes,Balón fútbol,2,117500.00,0.00,235000.00,0.00,235000.00,Tarjeta débito,2.0
4461,PED004461,2026-02-20 03:22:19,CLI00491,Bogotá D.C.,Página web,,Hogar,Aspiradora vertical,3,489900.00,5.00,1469700.00,73485.00,1396215.00,Tarjeta débito,
4462,PED004462,2026-02-02 12:49:56,CLI02172,Barranquilla,Tienda física,BAQ-01,Deportes,Mancuernas ajustables,1,399900.00,10.00,399900.00,39990.00,359910.00,Tarjeta crédito,5.0
4463,PED004463,2026-01-05 09:09:04,CLI00627,Cali,Página web,,Tecnología,Monitor 24 pulgadas,1,713900.00,0.00,713900.00,0.00,713900.00,PSE,3.0
4464,PED004464,2026-06-26 15:36:52,CLI00526,Pereira,Página web,,Oficina,Webcam Full HD,1,199900.00,20.00,199900.00,39980.00,159920.00,Tarjeta débito,
4465,PED004465,2026-04-08 13:39:35,CLI01528,Cali,Página web,,Electrodomésticos,Licuadora,1,251900.00,10.00,251900.00,25190.00,226710.00,PSE,4.0
4466,PED004466,2026-04-29 19:15:00,CLI01840,Barranquilla,Aplicación móvil,,Electrodomésticos,Cafetera eléctrica,1,189900.00,0.00,189900.00,0.00,189900.00,Tarjeta débito,3.0
4467,PED004467,2026-06-14 17:11:24,CLI01698,Bogotá D.C.,Aplicación móvil,,Deportes,Balón fútbol,1,113900.00,0.00,113900.00,0.00,113900.00,Tarjeta débito,1.0
4468,PED004468,2026-01-27 09:14:38,CLI01598,Cali,Aplicación móvil,,Oficina,Archivador metálico,4,459900.00,15.00,1839600.00,275940.00,1563660.00,Tarjeta crédito,
4469,PED004469,2026-01-10 07:30:55,CLI02607,Pereira,Aplicación móvil,,Hogar,Ventilador de torre,1,342900.00,10.00,342900.00,34290.00,308610.00,Tarjeta débito,3.0
4470,PED004470,2026-05-31 12:16:39,CLI00991,Bogotá D.C.,Página web,,Tecnología,Audífonos Bluetooth,1,157400.00,0.00,157400.00,0.00,157400.00,Tarjeta crédito,4.0
4471,PED004471,2026-02-23 15:30:40,CLI00658,Bogotá D.C.,Página web,,Hogar,Ventilador de torre,1,349900.00,10.00,349900.00,34990.00,314910.00,Tarjeta crédito,4.0
4472,PED004472,2026-03-19 13:37:29,CLI00915,Bogotá D.C.,Tienda física,BOG-03,Hogar,Ventilador de torre,2,349900.00,0.00,699800.00,0.00,699800.00,PSE,4.0
4473,PED004473,2026-05-30 17:42:24,CLI01947,Bogotá D.C.,Aplicación móvil,,Tecnología,Tablet 10 pulgadas,1,899900.00,0.00,899900.00,0.00,899900.00,Tarjeta débito,4.0
4474,PED004474,2026-04-07 11:27:47,CLI00547,Barranquilla,Aplicación móvil,,Hogar,Lámpara de mesa,2,136400.00,0.00,272800.00,0.00,272800.00,Billetera digital,4.0
4475,PED004475,2026-04-01 17:15:29,CLI00645,Barranquilla,Aplicación móvil,,Oficina,Escritorio ajustable,1,1175900.00,10.00,1175900.00,117590.00,1058310.00,Tarjeta crédito,
4476,PED004476,2026-01-21 05:38:10,CLI01328,Bogotá D.C.,Tienda física,BOG-03,Tecnología,Teclado mecánico,1,234500.00,10.00,234500.00,23450.00,211050.00,Efectivo,2.0
4477,PED004477,2026-02-15 16:08:25,CLI01425,Bucaramanga,Aplicación móvil,,Tecnología,Monitor 24 pulgadas,1,699900.00,10.00,699900.00,69990.00,629910.00,PSE,5.0
4478,PED004478,2026-04-28 19:20:16,CLI01900,Cali,Tienda física,CLO-02,Tecnología,Mouse inalámbrico,1,91700.00,0.00,91700.00,0.00,91700.00,Tarjeta crédito,
4479,PED004479,2026-04-08 01:13:37,CLI01462,Bucaramanga,Tienda física,BGA-01,Tecnología,Teclado mecánico,1,229900.00,0.00,229900.00,0.00,229900.00,Efectivo,4.0
4480,PED004480,2026-02-01 12:38:12,CLI01470,Medellín,Aplicación móvil,,Deportes,Kit bandas elásticas,2,79900.00,10.00,159800.00,15980.00,143820.00,PSE,1.0
4481,PED004481,2026-04-23 03:53:31,CLI01768,Barranquilla,Tienda física,BAQ-01,Tecnología,Teclado mecánico,1,229900.00,10.00,229900.00,22990.00,206910.00,Tarjeta débito,5.0
4482,PED004482,2026-06-15 09:40:13,CLI02621,Barranquilla,Página web,,Deportes,Bicicleta estática,2,1574900.00,0.00,3149800.00,0.00,3149800.00,Tarjeta crédito,
4483,PED004483,2026-04-04 03:27:54,CLI00667,Barranquilla,Aplicación móvil,,Hogar,Lámpara de mesa,2,127300.00,5.00,254600.00,12730.00,241870.00,Tarjeta crédito,
4484,PED004484,2026-04-20 18:02:05,CLI02494,Bucaramanga,Tienda física,BGA-01,Oficina,Archivador metálico,2,459900.00,0.00,919800.00,0.00,919800.00,Efectivo,4.0
4485,PED004485,2026-05-19 09:12:17,CLI02098,Bogotá D.C.,Página web,,Tecnología,Audífonos Bluetooth,2,152900.00,0.00,305800.00,0.00,305800.00,Tarjeta débito,
4486,PED004486,2026-05-19 10:54:13,CLI00222,Pereira,Página web,,Deportes,Colchoneta yoga,1,89900.00,20.00,89900.00,17980.00,71920.00,Tarjeta débito,4.0
4487,PED004487,2026-02-09 16:08:25,CLI01569,Bogotá D.C.,Aplicación móvil,,Tecnología,Tablet 10 pulgadas,1,854900.00,20.00,854900.00,170980.00,683920.00,PSE,
4488,PED004488,2026-06-07 23:00:14,CLI02230,Bucaramanga,Aplicación móvil,,Hogar,Juego de ollas,1,289900.00,0.00,289900.00,0.00,289900.00,Tarjeta crédito,5.0
4489,PED004489,2026-02-07 22:13:37,CLI02374,Barranquilla,Página web,,Deportes,Colchoneta yoga,1,94400.00,20.00,94400.00,18880.00,75520.00,Tarjeta débito,
4490,PED004490,2026-02-24 19:08:41,CLI00027,Bogotá D.C.,Página web,,Electrodomésticos,Sanduchera,2,132500.00,10.00,265000.00,26500.00,238500.00,Transferencia,5.0
4491,PED004491,2026-06-03 01:27:06,CLI02160,Cali,Página web,,Electrodomésticos,Cafetera eléctrica,1,189900.00,10.00,189900.00,18990.00,170910.00,Tarjeta crédito,
4492,PED004492,2026-04-26 07:43:18,CLI01193,Bogotá D.C.,Aplicación móvil,,Electrodomésticos,Cafetera eléctrica,1,189900.00,0.00,189900.00,0.00,189900.00,Tarjeta débito,
4493,PED004493,2026-02-15 23:42:44,CLI02287,Medellín,Aplicación móvil,,Tecnología,Teclado mecánico,1,241400.00,0.00,241400.00,0.00,241400.00,Tarjeta crédito,4.0
4494,PED004494,2026-06-29 17:47:01,CLI00029,Cali,Página web,,Deportes,Bicicleta estática,1,1469900.00,10.00,1469900.00,146990.00,1322910.00,Tarjeta crédito,3.0
4495,PED004495,2026-01-02 22:44:36,CLI01002,Medellín,Aplicación móvil,,Electrodomésticos,Arrocera,1,169900.00,0.00,169900.00,0.00,169900.00,Tarjeta débito,4.0
4496,PED004496,2026-03-10 11:44:45,CLI01318,Bogotá D.C.,Aplicación móvil,,Oficina,Base para portátil,1,107700.00,15.00,107700.00,16155.00,91545.00,Tarjeta débito,
4497,PED004497,2026-03-07 14:29:41,CLI00906,Pereira,Página web,,Tecnología,Mouse inalámbrico,2,91700.00,0.00,183400.00,0.00,183400.00,Transferencia,4.0
4498,PED004498,2026-04-12 23:54:25,CLI01981,Pereira,Página web,,Tecnología,Tablet 10 pulgadas,1,944900.00,0.00,944900.00,0.00,944900.00,PSE,5.0
4499,PED004499,2026-03-10 06:17:34,CLI02045,Medellín,Aplicación móvil,,Hogar,Purificador de aire,4,799900.00,15.00,3199600.00,479940.00,2719660.00,Billetera digital,5.0
4500,PED004500,2026-05-26 08:11:01,CLI00804,Barranquilla,Tienda física,BAQ-01,Electrodomésticos,Sanduchera,1,136400.00,0.00,136400.00,0.00,136400.00,Tarjeta crédito,4.0
4501,PED004501,2026-05-21 04:12:35,CLI01618,Bucaramanga,Aplicación móvil,,Tecnología,Mouse inalámbrico,1,89900.00,0.00,89900.00,0.00,89900.00,Tarjeta crédito,5.0
4502,PED004502,2026-04-12 00:52:37,CLI01127,Medellín,Página web,,Deportes,Balón fútbol,3,119900.00,15.00,359700.00,53955.00,305745.00,Transferencia,
4503,PED004503,2026-03-30 03:29:33,CLI01447,Bogotá D.C.,Aplicación móvil,,Tecnología,Audífonos Bluetooth,1,149900.00,10.00,149900.00,14990.00,134910.00,PSE,5.0
4504,PED004504,2026-04-17 10:25:29,CLI00050,Bogotá D.C.,Aplicación móvil,,Hogar,Ventilador de torre,1,349900.00,0.00,349900.00,0.00,349900.00,Tarjeta crédito,4.0
4505,PED004505,2026-01-04 06:05:59,CLI00563,Bogotá D.C.,Tienda física,BOG-01,Hogar,Juego de ollas,1,289900.00,0.00,289900.00,0.00,289900.00,Tarjeta débito,5.0
4506,PED004506,2026-03-08 12:54:28,CLI00052,Bogotá D.C.,Página web,,Oficina,Impresora multifuncional,3,849900.00,10.00,2549700.00,254970.00,2294730.00,Tarjeta crédito,4.0
4507,PED004507,2026-02-27 16:01:26,CLI02304,Medellín,Página web,,Hogar,Lámpara de mesa,1,136400.00,0.00,136400.00,0.00,136400.00,PSE,
4508,PED004508,2026-03-21 19:53:28,CLI00299,Bogotá D.C.,Tienda física,BOG-01,Electrodomésticos,Arrocera,1,169900.00,15.00,169900.00,25485.00,144415.00,Tarjeta débito,1.0
4509,PED004509,2026-03-08 09:23:40,CLI01192,Medellín,Página web,,Deportes,Bicicleta estática,2,1499900.00,0.00,2999800.00,0.00,2999800.00,Tarjeta débito,2.0
4510,PED004510,2026-01-28 00:56:31,CLI01500,Bogotá D.C.,Aplicación móvil,,Electrodomésticos,Licuadora,1,227900.00,10.00,227900.00,22790.00,205110.00,Tarjeta crédito,5.0
4511,PED004511,2026-02-26 00:15:46,CLI01420,Medellín,Tienda física,MDE-01,Tecnología,Monitor 24 pulgadas,1,734900.00,10.00,734900.00,73490.00,661410.00,Tarjeta crédito,5.0
4512,PED004512,2026-05-13 08:58:59,CLI00986,Bogotá D.C.,Página web,,Electrodomésticos,Freidora de aire,2,449900.00,0.00,899800.00,0.00,899800.00,PSE,5.0
4513,PED004513,2026-04-15 15:58:15,CLI01175,Bucaramanga,Página web,,Oficina,Base para portátil,1,109900.00,0.00,109900.00,0.00,109900.00,Tarjeta crédito,4.0
4514,PED004514,2026-06-26 17:07:21,CLI02090,Bogotá D.C.,Página web,,Deportes,Kit bandas elásticas,2,78300.00,5.00,156600.00,7830.00,148770.00,Tarjeta crédito,5.0
4515,PED004515,2026-03-01 06:27:11,CLI02213,Medellín,Página web,,Deportes,Banda caminadora,1,2199900.00,15.00,2199900.00,329985.00,1869915.00,Tarjeta débito,
4516,PED004516,2026-03-25 11:06:29,CLI00083,Medellín,Aplicación móvil,,Electrodomésticos,Arrocera,1,169900.00,0.00,169900.00,0.00,169900.00,Tarjeta crédito,5.0
4517,PED004517,2026-04-21 03:39:22,CLI00231,Bogotá D.C.,Página web,,Deportes,Mancuernas ajustables,1,419900.00,0.00,419900.00,0.00,419900.00,Tarjeta crédito,4.0
4518,PED004518,2026-02-21 03:15:17,CLI01243,Bogotá D.C.,Tienda física,BOG-02,Electrodomésticos,Cafetera eléctrica,1,186100.00,5.00,186100.00,9305.00,176795.00,Efectivo,5.0
4519,PED004519,2026-01-02 22:00:01,CLI01722,Pereira,Tienda física,PEI-01,Oficina,Impresora multifuncional,2,849900.00,0.00,1699800.00,0.00,1699800.00,Tarjeta débito,5.0
4520,PED004520,2026-04-05 22:50:42,CLI02301,Medellín,Tienda física,MDE-02,Tecnología,Smartwatch,2,329900.00,0.00,659800.00,0.00,659800.00,Tarjeta crédito,
4521,PED004521,2026-06-25 14:15:43,CLI00548,Cali,Página web,,Electrodomésticos,Sanduchera,1,127300.00,10.00,127300.00,12730.00,114570.00,Tarjeta crédito,
4522,PED004522,2026-03-03 20:00:10,CLI02385,Cali,Página web,,Oficina,Base para portátil,1,109900.00,10.00,109900.00,10990.00,98910.00,PSE,5.0
4523,PED004523,2026-01-20 00:33:20,CLI00056,Cali,Aplicación móvil,,Tecnología,Monitor 24 pulgadas,1,685900.00,10.00,685900.00,68590.00,617310.00,Tarjeta crédito,
4524,PED004524,2026-05-25 11:55:54,CLI02478,Bogotá D.C.,Página web,,Oficina,Silla ergonómica,1,734900.00,5.00,734900.00,36745.00,698155.00,PSE,
4525,PED004525,2026-05-01 04:04:29,CLI01135,Bucaramanga,Página web,,Hogar,Ventilador de torre,4,349900.00,0.00,1399600.00,0.00,1399600.00,Tarjeta crédito,5.0
4526,PED004526,2026-01-21 23:35:57,CLI00244,Bogotá D.C.,Aplicación móvil,,Tecnología,Mouse inalámbrico,1,89900.00,5.00,89900.00,4495.00,85405.00,PSE,
4527,PED004527,2026-06-19 16:52:55,CLI00483,Bogotá D.C.,Tienda física,BOG-01,Electrodomésticos,Horno microondas,1,568300.00,0.00,568300.00,0.00,568300.00,Tarjeta débito,
4528,PED004528,2026-01-20 21:39:38,CLI00329,Cali,Aplicación móvil,,Tecnología,Audífonos Bluetooth,1,142400.00,10.00,142400.00,14240.00,128160.00,Tarjeta débito,3.0
4529,PED004529,2026-02-15 08:10:01,CLI00380,Bogotá D.C.,Tienda física,BOG-02,Deportes,Balón fútbol,1,119900.00,10.00,119900.00,11990.00,107910.00,Tarjeta crédito,
4530,PED004530,2026-03-05 15:04:03,CLI02353,Bogotá D.C.,Página web,,Oficina,Silla ergonómica,2,749900.00,10.00,1499800.00,149980.00,1349820.00,PSE,
4531,PED004531,2026-04-24 10:54:24,CLI01732,Bogotá D.C.,Aplicación móvil,,Tecnología,Audífonos Bluetooth,2,157400.00,0.00,314800.00,0.00,314800.00,PSE,
4532,PED004532,2026-06-04 02:36:48,CLI00767,Cali,Aplicación móvil,,Hogar,Lámpara de mesa,1,129900.00,10.00,129900.00,12990.00,116910.00,PSE,4.0
4533,PED004533,2026-06-01 00:45:07,CLI00241,Bogotá D.C.,Tienda física,BOG-02,Electrodomésticos,Cafetera eléctrica,1,189900.00,20.00,189900.00,37980.00,151920.00,Tarjeta débito,
4534,PED004534,2026-01-03 18:33:03,CLI01089,Medellín,Página web,,Hogar,Aspiradora vertical,2,474900.00,20.00,949800.00,189960.00,759840.00,Tarjeta crédito,4.0
4535,PED004535,2026-06-15 23:42:15,CLI02511,Barranquilla,Tienda física,BAQ-01,Electrodomésticos,Sanduchera,1,129900.00,0.00,129900.00,0.00,129900.00,Tarjeta crédito,5.0
4536,PED004536,2026-02-23 04:53:18,CLI00088,Bogotá D.C.,Tienda física,BOG-02,Oficina,Base para portátil,2,107700.00,0.00,215400.00,0.00,215400.00,Tarjeta débito,2.0
4537,PED004537,2026-05-22 09:19:22,CLI02318,Bucaramanga,Página web,,Hogar,Purificador de aire,1,799900.00,5.00,799900.00,39995.00,759905.00,Tarjeta crédito,
4538,PED004538,2026-03-24 18:04:41,CLI01598,Bucaramanga,Aplicación móvil,,Tecnología,Smartwatch,1,336500.00,15.00,336500.00,50475.00,286025.00,Billetera digital,4.0
4539,PED004539,2026-04-15 09:28:27,CLI01840,Bucaramanga,Aplicación móvil,,Oficina,Impresora multifuncional,1,832900.00,5.00,832900.00,41645.00,791255.00,PSE,
4540,PED004540,2026-03-22 19:13:49,CLI01503,Bogotá D.C.,Tienda física,BOG-03,Tecnología,Monitor 24 pulgadas,1,699900.00,10.00,699900.00,69990.00,629910.00,Tarjeta crédito,5.0
4541,PED004541,2026-01-21 12:44:37,CLI00885,Medellín,Tienda física,MDE-02,Oficina,Archivador metálico,2,459900.00,0.00,919800.00,0.00,919800.00,Tarjeta crédito,4.0
4542,PED004542,2026-02-26 15:21:42,CLI02067,Bucaramanga,Tienda física,BGA-01,Oficina,Archivador metálico,2,436900.00,5.00,873800.00,43690.00,830110.00,Tarjeta débito,
4543,PED004543,2026-04-12 17:26:44,CLI02359,Pereira,Aplicación móvil,,Deportes,Mancuernas ajustables,2,399900.00,10.00,799800.00,79980.00,719820.00,Tarjeta crédito,1.0
4544,PED004544,2026-05-25 05:25:20,CLI01095,Medellín,Página web,,Tecnología,Tablet 10 pulgadas,1,917900.00,15.00,917900.00,137685.00,780215.00,Tarjeta crédito,5.0
4545,PED004545,2026-03-01 22:10:46,CLI01318,Medellín,Tienda física,MDE-02,Tecnología,Mouse inalámbrico,4,85400.00,0.00,341600.00,0.00,341600.00,Tarjeta crédito,
4546,PED004546,2026-05-02 18:23:49,CLI01150,Bogotá D.C.,Aplicación móvil,,Tecnología,Smartwatch,1,323300.00,15.00,323300.00,48495.00,274805.00,Tarjeta crédito,5.0
4547,PED004547,2026-01-04 20:17:00,CLI00016,Bogotá D.C.,Página web,,Tecnología,Monitor 24 pulgadas,3,699900.00,5.00,2099700.00,104985.00,1994715.00,Tarjeta crédito,
4548,PED004548,2026-01-08 06:35:22,CLI00001,Bucaramanga,Página web,,Oficina,Webcam Full HD,1,199900.00,0.00,199900.00,0.00,199900.00,Tarjeta crédito,
4549,PED004549,2026-03-24 01:53:14,CLI01327,Bucaramanga,Página web,,Oficina,Impresora multifuncional,2,807400.00,5.00,1614800.00,80740.00,1534060.00,Tarjeta crédito,
4550,PED004550,2026-01-14 20:58:00,CLI01482,Bogotá D.C.,Aplicación móvil,,Tecnología,Monitor 24 pulgadas,2,699900.00,0.00,1399800.00,0.00,1399800.00,Tarjeta crédito,5.0
4551,PED004551,2026-05-17 23:47:55,CLI02661,Cali,Página web,,Oficina,Base para portátil,1,107700.00,0.00,107700.00,0.00,107700.00,PSE,5.0
4552,PED004552,2026-03-03 16:48:37,CLI02285,Barranquilla,Página web,,Tecnología,Audífonos Bluetooth,1,142400.00,0.00,142400.00,0.00,142400.00,Tarjeta crédito,5.0
4553,PED004553,2026-03-29 00:09:23,CLI02119,Cali,Aplicación móvil,,Oficina,Archivador metálico,1,469100.00,0.00,469100.00,0.00,469100.00,PSE,
4554,PED004554,2026-04-20 04:37:38,CLI02617,Barranquilla,Página web,,Electrodomésticos,Licuadora,1,235100.00,0.00,235100.00,0.00,235100.00,Tarjeta crédito,5.0
4555,PED004555,2026-06-14 16:06:31,CLI01805,Bogotá D.C.,Aplicación móvil,,Deportes,Colchoneta yoga,2,88100.00,10.00,176200.00,17620.00,158580.00,Tarjeta débito,4.0
4556,PED004556,2026-02-19 12:28:07,CLI01517,Bogotá D.C.,Página web,,Electrodomésticos,Arrocera,1,169900.00,5.00,169900.00,8495.00,161405.00,Tarjeta crédito,
4557,PED004557,2026-01-22 19:04:49,CLI00994,Barranquilla,Aplicación móvil,,Oficina,Impresora multifuncional,1,892400.00,0.00,892400.00,0.00,892400.00,PSE,5.0
4558,PED004558,2026-03-22 16:34:47,CLI02241,Bogotá D.C.,Aplicación móvil,,Deportes,Bicicleta estática,1,1499900.00,10.00,1499900.00,149990.00,1349910.00,Billetera digital,5.0
4559,PED004559,2026-01-01 10:11:25,CLI01135,Cali,Página web,,Hogar,Aspiradora vertical,1,499900.00,0.00,499900.00,0.00,499900.00,Transferencia,5.0
4560,PED004560,2026-04-16 23:39:03,CLI00491,Bucaramanga,Tienda física,BGA-01,Tecnología,Audífonos Bluetooth,1,146900.00,0.00,146900.00,0.00,146900.00,Tarjeta débito,5.0
4561,PED004561,2026-01-12 14:52:17,CLI01680,Bogotá D.C.,Aplicación móvil,,Tecnología,Audífonos Bluetooth,1,149900.00,15.00,149900.00,22485.00,127415.00,Tarjeta crédito,3.0
4562,PED004562,2026-04-22 16:06:03,CLI01524,Medellín,Página web,,Oficina,Archivador metálico,2,459900.00,5.00,919800.00,45990.00,873810.00,Tarjeta débito,5.0
4563,PED004563,2026-04-27 20:06:11,CLI01000,Medellín,Página web,,Deportes,Kit bandas elásticas,3,79900.00,0.00,239700.00,0.00,239700.00,Tarjeta débito,5.0
4564,PED004564,2026-04-09 19:44:23,CLI00910,Bogotá D.C.,Aplicación móvil,,Hogar,Aspiradora vertical,1,499900.00,0.00,499900.00,0.00,499900.00,Tarjeta crédito,5.0
4565,PED004565,2026-03-26 20:01:55,CLI02557,Bogotá D.C.,Aplicación móvil,,Oficina,Base para portátil,1,104400.00,0.00,104400.00,0.00,104400.00,PSE,
4566,PED004566,2026-05-01 18:18:32,CLI00807,Medellín,Página web,,Tecnología,Audífonos Bluetooth,1,146900.00,20.00,146900.00,29380.00,117520.00,Transferencia,5.0
4567,PED004567,2026-03-03 10:44:15,CLI01838,Pereira,Página web,,Deportes,Balón fútbol,1,122300.00,0.00,122300.00,0.00,122300.00,Tarjeta crédito,
4568,PED004568,2026-01-01 21:56:50,CLI00075,Barranquilla,Aplicación móvil,,Oficina,Archivador metálico,1,450700.00,10.00,450700.00,45070.00,405630.00,Billetera digital,
4569,PED004569,2026-03-19 00:56:33,CLI01048,Cali,Tienda física,CLO-01,Tecnología,Tablet 10 pulgadas,1,881900.00,0.00,881900.00,0.00,881900.00,Tarjeta débito,5.0
4570,PED004570,2026-04-10 07:40:47,CLI01585,Cali,Página web,,Hogar,Juego de ollas,1,289900.00,0.00,289900.00,0.00,289900.00,Tarjeta débito,5.0
4571,PED004571,2026-03-25 04:48:56,CLI01817,Bogotá D.C.,Tienda física,BOG-01,Tecnología,Mouse inalámbrico,1,89900.00,0.00,89900.00,0.00,89900.00,Tarjeta crédito,4.0
4572,PED004572,2026-02-16 09:10:51,CLI01196,Bogotá D.C.,Aplicación móvil,,Electrodomésticos,Horno microondas,1,579900.00,0.00,579900.00,0.00,579900.00,PSE,3.0
4573,PED004573,2026-06-04 18:59:11,CLI01208,Bucaramanga,Aplicación móvil,,Hogar,Lámpara de mesa,1,129900.00,0.00,129900.00,0.00,129900.00,Tarjeta débito,
4574,PED004574,2026-06-15 13:13:19,CLI00795,Bogotá D.C.,Aplicación móvil,,Tecnología,Tablet 10 pulgadas,1,944900.00,5.00,944900.00,47245.00,897655.00,Tarjeta crédito,
4575,PED004575,2026-04-22 04:21:11,CLI01489,Medellín,Tienda física,MDE-01,Oficina,Silla ergonómica,2,764900.00,0.00,1529800.00,0.00,1529800.00,Tarjeta crédito,
4576,PED004576,2026-06-30 12:06:40,CLI00612,Bogotá D.C.,Página web,,Deportes,Bicicleta estática,1,1529900.00,0.00,1529900.00,0.00,1529900.00,PSE,5.0
4577,PED004577,2026-03-30 14:38:31,CLI02145,Medellín,Aplicación móvil,,Deportes,Mancuernas ajustables,1,399900.00,0.00,399900.00,0.00,399900.00,PSE,
4578,PED004578,2026-01-29 16:55:53,CLI01297,Cali,Tienda física,CLO-02,Hogar,Lámpara de mesa,2,129900.00,5.00,259800.00,12990.00,246810.00,Efectivo,5.0
4579,PED004579,2026-03-19 06:37:26,CLI02645,Bogotá D.C.,Aplicación móvil,,Tecnología,Audífonos Bluetooth,1,149900.00,10.00,149900.00,14990.00,134910.00,Tarjeta crédito,5.0
4580,PED004580,2026-03-08 19:00:20,CLI01951,Medellín,Página web,,Oficina,Impresora multifuncional,1,849900.00,10.00,849900.00,84990.00,764910.00,Tarjeta débito,
4581,PED004581,2026-04-29 17:25:49,CLI01386,Bogotá D.C.,Tienda física,BOG-01,Tecnología,Monitor 24 pulgadas,3,734900.00,0.00,2204700.00,0.00,2204700.00,Efectivo,3.0
4582,PED004582,2026-02-06 08:28:28,CLI00569,Bogotá D.C.,Página web,,Tecnología,Smartwatch,2,329900.00,15.00,659800.00,98970.00,560830.00,PSE,
4583,PED004583,2026-02-07 15:54:34,CLI01915,Bogotá D.C.,Aplicación móvil,,Tecnología,Tablet 10 pulgadas,3,881900.00,0.00,2645700.00,0.00,2645700.00,PSE,4.0
4584,PED004584,2026-05-26 07:32:37,CLI00738,Bucaramanga,Página web,,Deportes,Banda caminadora,1,2155900.00,10.00,2155900.00,215590.00,1940310.00,PSE,
4585,PED004585,2026-05-08 12:14:04,CLI00348,Bogotá D.C.,Página web,,Electrodomésticos,Cafetera eléctrica,1,189900.00,0.00,189900.00,0.00,189900.00,PSE,3.0
4586,PED004586,2026-04-01 19:13:52,CLI00602,Cali,Tienda física,CLO-01,Deportes,Kit bandas elásticas,1,75900.00,10.00,75900.00,7590.00,68310.00,Tarjeta débito,4.0
4587,PED004587,2026-02-17 07:41:39,CLI01151,Pereira,Página web,,Oficina,Archivador metálico,2,459900.00,5.00,919800.00,45990.00,873810.00,Tarjeta crédito,5.0
4588,PED004588,2026-05-17 22:31:53,CLI02023,Medellín,Aplicación móvil,,Tecnología,Audífonos Bluetooth,1,149900.00,0.00,149900.00,0.00,149900.00,PSE,5.0
4589,PED004589,2026-03-07 19:51:59,CLI02529,Medellín,Tienda física,MDE-01,Tecnología,Mouse inalámbrico,1,85400.00,10.00,85400.00,8540.00,76860.00,Efectivo,4.0
4590,PED004590,2026-04-09 23:43:06,CLI02637,Cali,Aplicación móvil,,Oficina,Base para portátil,2,109900.00,15.00,219800.00,32970.00,186830.00,Tarjeta débito,
4591,PED004591,2026-06-03 10:25:21,CLI02097,Pereira,Tienda física,PEI-01,Deportes,Balón fútbol,1,125900.00,5.00,125900.00,6295.00,119605.00,Efectivo,4.0
4592,PED004592,2026-03-30 07:20:49,CLI02362,Barranquilla,Página web,,Hogar,Organizador modular,1,119900.00,10.00,119900.00,11990.00,107910.00,Tarjeta crédito,
4593,PED004593,2026-03-06 17:01:02,CLI01845,Bogotá D.C.,Página web,,Electrodomésticos,Arrocera,1,178400.00,5.00,178400.00,8920.00,169480.00,PSE,5.0
4594,PED004594,2026-05-15 09:47:52,CLI01698,Bogotá D.C.,Página web,,Deportes,Colchoneta yoga,1,89900.00,0.00,89900.00,0.00,89900.00,PSE,
4595,PED004595,2026-01-04 23:16:08,CLI00846,Bogotá D.C.,Tienda física,BOG-01,Oficina,Escritorio ajustable,2,1199900.00,5.00,2399800.00,119990.00,2279810.00,Efectivo,4.0
4596,PED004596,2026-02-26 08:33:26,CLI00738,Pereira,Página web,,Tecnología,Smartwatch,1,313400.00,5.00,313400.00,15670.00,297730.00,PSE,4.0
4597,PED004597,2026-03-13 03:49:48,CLI01214,Medellín,Página web,,Tecnología,Teclado mecánico,1,225300.00,0.00,225300.00,0.00,225300.00,Tarjeta crédito,3.0
4598,PED004598,2026-01-14 22:29:49,CLI01656,Bogotá D.C.,Página web,,Electrodomésticos,Sanduchera,1,123400.00,20.00,123400.00,24680.00,98720.00,Tarjeta crédito,4.0
4599,PED004599,2026-01-23 14:58:02,CLI00854,Cali,Tienda física,CLO-02,Tecnología,Tablet 10 pulgadas,2,881900.00,10.00,1763800.00,176380.00,1587420.00,Tarjeta débito,
4600,PED004600,2026-02-16 23:11:45,CLI00863,Medellín,Página web,,Deportes,Balón fútbol,1,125900.00,5.00,125900.00,6295.00,119605.00,PSE,
4601,PED004601,2026-06-14 14:27:40,CLI01890,Bucaramanga,Aplicación móvil,,Electrodomésticos,Cafetera eléctrica,1,189900.00,5.00,189900.00,9495.00,180405.00,Tarjeta crédito,
4602,PED004602,2026-04-12 09:35:23,CLI02650,Medellín,Tienda física,MDE-02,Deportes,Kit bandas elásticas,3,79900.00,0.00,239700.00,0.00,239700.00,Tarjeta débito,
4603,PED004603,2026-02-04 10:08:50,CLI01139,Medellín,Tienda física,MDE-01,Hogar,Juego de ollas,1,289900.00,0.00,289900.00,0.00,289900.00,Tarjeta crédito,4.0
4604,PED004604,2026-04-20 01:27:31,CLI00185,Barranquilla,Tienda física,BAQ-01,Deportes,Bicicleta estática,1,1424900.00,0.00,1424900.00,0.00,1424900.00,Tarjeta débito,4.0
4605,PED004605,2026-02-24 03:58:26,CLI02027,Bucaramanga,Página web,,Oficina,Webcam Full HD,2,195900.00,0.00,391800.00,0.00,391800.00,Tarjeta débito,4.0
4606,PED004606,2026-01-14 18:06:09,CLI01868,Bogotá D.C.,Página web,,Electrodomésticos,Licuadora,1,244700.00,5.00,244700.00,12235.00,232465.00,Tarjeta crédito,4.0
4607,PED004607,2026-02-13 01:32:49,CLI00207,Bogotá D.C.,Tienda física,BOG-01,Hogar,Lámpara de mesa,1,129900.00,10.00,129900.00,12990.00,116910.00,Efectivo,
4608,PED004608,2026-01-09 03:52:52,CLI00699,Bogotá D.C.,Página web,,Deportes,Kit bandas elásticas,1,75900.00,10.00,75900.00,7590.00,68310.00,Tarjeta crédito,
4609,PED004609,2026-06-15 13:15:24,CLI02042,Bogotá D.C.,Página web,,Tecnología,Smartwatch,3,329900.00,0.00,989700.00,0.00,989700.00,PSE,4.0
4610,PED004610,2026-01-09 15:18:54,CLI02277,Cali,Página web,,Deportes,Banda caminadora,1,2089900.00,0.00,2089900.00,0.00,2089900.00,Tarjeta crédito,
4611,PED004611,2026-02-18 07:38:31,CLI01018,Cali,Tienda física,CLO-02,Electrodomésticos,Cafetera eléctrica,2,189900.00,0.00,379800.00,0.00,379800.00,Efectivo,5.0
4612,PED004612,2026-03-06 22:29:00,CLI01411,Medellín,Aplicación móvil,,Hogar,Lámpara de mesa,1,127300.00,10.00,127300.00,12730.00,114570.00,Tarjeta débito,4.0
4613,PED004613,2026-05-07 00:26:51,CLI00603,Bogotá D.C.,Aplicación móvil,,Electrodomésticos,Freidora de aire,1,449900.00,0.00,449900.00,0.00,449900.00,Tarjeta crédito,
4614,PED004614,2026-06-15 11:07:36,CLI00613,Bogotá D.C.,Tienda física,BOG-03,Oficina,Base para portátil,1,109900.00,0.00,109900.00,0.00,109900.00,Tarjeta débito,
4615,PED004615,2026-05-13 02:18:36,CLI02082,Bucaramanga,Página web,,Electrodomésticos,Licuadora,1,239900.00,5.00,239900.00,11995.00,227905.00,PSE,
4616,PED004616,2026-04-25 03:34:39,CLI00667,Medellín,Aplicación móvil,,Electrodomésticos,Sanduchera,1,132500.00,15.00,132500.00,19875.00,112625.00,Tarjeta débito,4.0
4617,PED004617,2026-02-06 06:54:26,CLI02514,Cali,Página web,,Oficina,Escritorio ajustable,1,1199900.00,0.00,1199900.00,0.00,1199900.00,Tarjeta crédito,2.0
4618,PED004618,2026-06-22 19:58:24,CLI01181,Bogotá D.C.,Aplicación móvil,,Deportes,Kit bandas elásticas,1,79900.00,0.00,79900.00,0.00,79900.00,Tarjeta débito,
4619,PED004619,2026-04-29 21:09:38,CLI02580,Bogotá D.C.,Página web,,Oficina,Webcam Full HD,1,195900.00,0.00,195900.00,0.00,195900.00,Tarjeta crédito,
4620,PED004620,2026-04-23 07:11:58,CLI02135,Pereira,Página web,,Deportes,Kit bandas elásticas,1,79900.00,0.00,79900.00,0.00,79900.00,Tarjeta crédito,5.0
4621,PED004621,2026-02-11 01:52:00,CLI02283,Pereira,Página web,,Oficina,Webcam Full HD,1,195900.00,0.00,195900.00,0.00,195900.00,Tarjeta débito,
4622,PED004622,2026-01-29 01:53:21,CLI00578,Bogotá D.C.,Tienda física,BOG-03,Electrodomésticos,Cafetera eléctrica,1,180400.00,15.00,180400.00,27060.00,153340.00,Tarjeta crédito,
4623,PED004623,2026-01-03 03:37:13,CLI02507,Cali,Página web,,Tecnología,Audífonos Bluetooth,3,146900.00,0.00,440700.00,0.00,440700.00,Transferencia,4.0
4624,PED004624,2026-06-15 12:39:49,CLI01512,Pereira,Tienda física,PEI-01,Oficina,Impresora multifuncional,1,849900.00,0.00,849900.00,0.00,849900.00,Tarjeta débito,
4625,PED004625,2026-04-17 04:12:01,CLI01162,Bogotá D.C.,Aplicación móvil,,Tecnología,Tablet 10 pulgadas,3,854900.00,15.00,2564700.00,384705.00,2179995.00,PSE,4.0
4626,PED004626,2026-04-21 09:56:41,CLI02048,Cali,Tienda física,CLO-02,Tecnología,Smartwatch,2,313400.00,10.00,626800.00,62680.00,564120.00,Efectivo,
4627,PED004627,2026-04-06 15:42:59,CLI00704,Medellín,Aplicación móvil,,Tecnología,Teclado mecánico,2,234500.00,0.00,469000.00,0.00,469000.00,Tarjeta crédito,
4628,PED004628,2026-02-28 17:15:25,CLI01292,Bogotá D.C.,Página web,,Electrodomésticos,Horno microondas,1,568300.00,15.00,568300.00,85245.00,483055.00,Tarjeta crédito,
4629,PED004629,2026-03-28 16:13:59,CLI02058,Pereira,Tienda física,PEI-01,Deportes,Balón fútbol,1,113900.00,10.00,113900.00,11390.00,102510.00,Tarjeta débito,4.0
4630,PED004630,2026-04-08 06:43:15,CLI02345,Barranquilla,Página web,,Tecnología,Audífonos Bluetooth,2,149900.00,0.00,299800.00,0.00,299800.00,Tarjeta crédito,4.0
4631,PED004631,2026-04-01 22:44:12,CLI02282,Barranquilla,Aplicación móvil,,Electrodomésticos,Licuadora,1,251900.00,5.00,251900.00,12595.00,239305.00,PSE,
4632,PED004632,2026-02-25 09:41:12,CLI02134,Bogotá D.C.,Tienda física,BOG-01,Oficina,Impresora multifuncional,1,849900.00,0.00,849900.00,0.00,849900.00,Efectivo,
4633,PED004633,2026-05-16 05:16:15,CLI01161,Medellín,Página web,,Hogar,Aspiradora vertical,1,509900.00,15.00,509900.00,76485.00,433415.00,PSE,
4634,PED004634,2026-03-06 21:38:18,CLI00949,Bogotá D.C.,Tienda física,BOG-01,Tecnología,Teclado mecánico,1,229900.00,0.00,229900.00,0.00,229900.00,Tarjeta débito,4.0
4635,PED004635,2026-01-18 18:46:50,CLI00104,Pereira,Página web,,Tecnología,Tablet 10 pulgadas,1,899900.00,5.00,899900.00,44995.00,854905.00,Tarjeta crédito,
4636,PED004636,2026-01-25 10:15:47,CLI01686,Bogotá D.C.,Página web,,Hogar,Juego de ollas,1,295700.00,0.00,295700.00,0.00,295700.00,PSE,3.0
4637,PED004637,2026-06-09 06:47:17,CLI02501,Bogotá D.C.,Aplicación móvil,,Tecnología,Audífonos Bluetooth,1,149900.00,10.00,149900.00,14990.00,134910.00,PSE,
4638,PED004638,2026-02-23 20:17:29,CLI02461,Cali,Página web,,Hogar,Ventilador de torre,1,356900.00,15.00,356900.00,53535.00,303365.00,PSE,
4639,PED004639,2026-01-15 11:53:27,CLI02555,Bogotá D.C.,Página web,,Tecnología,Monitor 24 pulgadas,1,699900.00,0.00,699900.00,0.00,699900.00,Tarjeta crédito,5.0
4640,PED004640,2026-04-29 19:05:29,CLI00818,Bucaramanga,Página web,,Hogar,Organizador modular,1,119900.00,10.00,119900.00,11990.00,107910.00,PSE,5.0
4641,PED004641,2026-06-28 11:35:33,CLI00388,Pereira,Tienda física,PEI-01,Electrodomésticos,Cafetera eléctrica,1,180400.00,20.00,180400.00,36080.00,144320.00,Efectivo,4.0
4642,PED004642,2026-06-05 10:54:02,CLI00098,Bogotá D.C.,Aplicación móvil,,Electrodomésticos,Horno microondas,2,579900.00,10.00,1159800.00,115980.00,1043820.00,PSE,5.0
4643,PED004643,2026-02-21 05:21:44,CLI01087,Bogotá D.C.,Tienda física,BOG-02,Oficina,Webcam Full HD,1,199900.00,0.00,199900.00,0.00,199900.00,Tarjeta crédito,
4644,PED004644,2026-01-17 13:11:41,CLI02363,Medellín,Aplicación móvil,,Deportes,Balón fútbol,1,113900.00,10.00,113900.00,11390.00,102510.00,Tarjeta crédito,5.0
4645,PED004645,2026-04-14 17:03:27,CLI01281,Medellín,Aplicación móvil,,Tecnología,Smartwatch,2,313400.00,5.00,626800.00,31340.00,595460.00,Tarjeta crédito,
4646,PED004646,2026-01-10 21:49:51,CLI01132,Bucaramanga,Tienda física,BGA-01,Electrodomésticos,Sanduchera,1,132500.00,0.00,132500.00,0.00,132500.00,Efectivo,3.0
4647,PED004647,2026-06-30 06:31:07,CLI01464,Bogotá D.C.,Página web,,Oficina,Impresora multifuncional,2,849900.00,15.00,1699800.00,254970.00,1444830.00,Tarjeta crédito,
4648,PED004648,2026-01-11 03:04:11,CLI02197,Barranquilla,Página web,,Tecnología,Mouse inalámbrico,4,94400.00,5.00,377600.00,18880.00,358720.00,Tarjeta débito,5.0
4649,PED004649,2026-04-13 06:34:54,CLI00082,Cali,Página web,,Deportes,Kit bandas elásticas,1,83900.00,0.00,83900.00,0.00,83900.00,PSE,5.0
4650,PED004650,2026-06-15 13:17:36,CLI01569,Cali,Tienda física,CLO-02,Deportes,Kit bandas elásticas,1,81500.00,10.00,81500.00,8150.00,73350.00,Tarjeta débito,3.0
4651,PED004651,2026-03-10 15:49:08,CLI00136,Barranquilla,Tienda física,BAQ-01,Hogar,Purificador de aire,1,815900.00,0.00,815900.00,0.00,815900.00,Efectivo,
4652,PED004652,2026-01-09 04:24:14,CLI01487,Bogotá D.C.,Página web,,Electrodomésticos,Licuadora,2,227900.00,0.00,455800.00,0.00,455800.00,Tarjeta crédito,3.0
4653,PED004653,2026-03-05 14:30:48,CLI02404,Pereira,Aplicación móvil,,Oficina,Base para portátil,2,112100.00,15.00,224200.00,33630.00,190570.00,Tarjeta crédito,
4654,PED004654,2026-04-24 02:39:22,CLI00512,Bogotá D.C.,Tienda física,BOG-01,Oficina,Escritorio ajustable,2,1199900.00,10.00,2399800.00,239980.00,2159820.00,Tarjeta crédito,
4655,PED004655,2026-05-01 18:50:02,CLI01541,Cali,Página web,,Tecnología,Tablet 10 pulgadas,1,899900.00,5.00,899900.00,44995.00,854905.00,Tarjeta crédito,
4656,PED004656,2026-03-17 18:57:40,CLI02393,Barranquilla,Página web,,Tecnología,Tablet 10 pulgadas,3,854900.00,0.00,2564700.00,0.00,2564700.00,Tarjeta débito,4.0
4657,PED004657,2026-06-09 14:01:52,CLI01984,Cali,Página web,,Hogar,Lámpara de mesa,2,129900.00,10.00,259800.00,25980.00,233820.00,Transferencia,
4658,PED004658,2026-02-06 07:55:51,CLI01233,Pereira,Página web,,Electrodomésticos,Horno microondas,1,608900.00,0.00,608900.00,0.00,608900.00,PSE,
4659,PED004659,2026-02-21 19:59:58,CLI02326,Bogotá D.C.,Página web,,Hogar,Lámpara de mesa,1,129900.00,0.00,129900.00,0.00,129900.00,Tarjeta crédito,
4660,PED004660,2026-06-23 13:36:06,CLI01561,Bucaramanga,Aplicación móvil,,Oficina,Webcam Full HD,1,189900.00,5.00,189900.00,9495.00,180405.00,Tarjeta débito,
4661,PED004661,2026-01-06 17:44:37,CLI01235,Pereira,Página web,,Electrodomésticos,Sanduchera,1,127300.00,10.00,127300.00,12730.00,114570.00,Tarjeta crédito,5.0
4662,PED004662,2026-02-08 00:45:11,CLI00149,Bogotá D.C.,Tienda física,BOG-03,Oficina,Base para portátil,3,107700.00,10.00,323100.00,32310.00,290790.00,Tarjeta crédito,
4663,PED004663,2026-01-06 15:54:04,CLI02253,Bogotá D.C.,Aplicación móvil,,Tecnología,Monitor 24 pulgadas,2,685900.00,5.00,1371800.00,68590.00,1303210.00,Tarjeta crédito,4.0
4664,PED004664,2026-06-30 20:42:35,CLI00196,Bogotá D.C.,Aplicación móvil,,Hogar,Lámpara de mesa,1,129900.00,10.00,129900.00,12990.00,116910.00,PSE,
4665,PED004665,2026-04-30 11:49:18,CLI02150,Bogotá D.C.,Tienda física,BOG-02,Electrodomésticos,Cafetera eléctrica,1,189900.00,0.00,189900.00,0.00,189900.00,Tarjeta débito,4.0
4666,PED004666,2026-05-10 18:04:45,CLI00604,Cali,Página web,,Tecnología,Tablet 10 pulgadas,1,917900.00,10.00,917900.00,91790.00,826110.00,PSE,5.0
4667,PED004667,2026-02-17 21:00:24,CLI00181,Cali,Página web,,Oficina,Impresora multifuncional,1,849900.00,0.00,849900.00,0.00,849900.00,PSE,5.0
4668,PED004668,2026-01-27 19:52:09,CLI00120,Bucaramanga,Aplicación móvil,,Tecnología,Smartwatch,1,329900.00,0.00,329900.00,0.00,329900.00,Tarjeta crédito,
4669,PED004669,2026-06-26 10:08:10,CLI02416,Medellín,Tienda física,MDE-02,Electrodomésticos,Horno microondas,2,579900.00,0.00,1159800.00,0.00,1159800.00,Tarjeta crédito,5.0
4670,PED004670,2026-05-10 12:39:04,CLI02110,Cali,Tienda física,CLO-02,Electrodomésticos,Licuadora,1,239900.00,10.00,239900.00,23990.00,215910.00,Tarjeta débito,5.0
4671,PED004671,2026-02-22 22:26:44,CLI01302,Cali,Página web,,Oficina,Base para portátil,1,115400.00,0.00,115400.00,0.00,115400.00,PSE,3.0
4672,PED004672,2026-03-21 03:41:02,CLI02103,Bucaramanga,Página web,,Hogar,Aspiradora vertical,2,499900.00,0.00,999800.00,0.00,999800.00,PSE,
4673,PED004673,2026-02-04 00:49:40,CLI00797,Barranquilla,Tienda física,BAQ-01,Tecnología,Monitor 24 pulgadas,2,713900.00,15.00,1427800.00,214170.00,1213630.00,Tarjeta débito,
4674,PED004674,2026-01-02 23:52:06,CLI00073,Bogotá D.C.,Aplicación móvil,,Oficina,Escritorio ajustable,2,1199900.00,15.00,2399800.00,359970.00,2039830.00,Tarjeta crédito,5.0
4675,PED004675,2026-02-23 07:08:37,CLI01960,Cali,Aplicación móvil,,Deportes,Bicicleta estática,1,1424900.00,0.00,1424900.00,0.00,1424900.00,PSE,
4676,PED004676,2026-06-26 08:32:04,CLI00585,Bogotá D.C.,Aplicación móvil,,Tecnología,Tablet 10 pulgadas,1,899900.00,0.00,899900.00,0.00,899900.00,Tarjeta débito,
4677,PED004677,2026-04-16 23:23:55,CLI00772,Cali,Tienda física,CLO-01,Electrodomésticos,Sanduchera,1,123400.00,0.00,123400.00,0.00,123400.00,Tarjeta débito,
4678,PED004678,2026-05-23 23:22:14,CLI00562,Medellín,Aplicación móvil,,Electrodomésticos,Freidora de aire,1,427400.00,10.00,427400.00,42740.00,384660.00,Tarjeta débito,3.0
4679,PED004679,2026-03-07 22:21:16,CLI02149,Medellín,Página web,,Tecnología,Teclado mecánico,1,229900.00,10.00,229900.00,22990.00,206910.00,Tarjeta débito,
4680,PED004680,2026-02-20 04:19:16,CLI01932,Bogotá D.C.,Aplicación móvil,,Deportes,Balón fútbol,2,113900.00,10.00,227800.00,22780.00,205020.00,Tarjeta crédito,3.0
4681,PED004681,2026-05-23 01:49:53,CLI00332,Cali,Aplicación móvil,,Electrodomésticos,Horno microondas,2,568300.00,20.00,1136600.00,227320.00,909280.00,PSE,5.0
4682,PED004682,2026-05-10 18:12:02,CLI01445,Bogotá D.C.,Tienda física,BOG-01,Oficina,Webcam Full HD,1,209900.00,5.00,209900.00,10495.00,199405.00,Tarjeta crédito,
4683,PED004683,2026-05-24 18:22:11,CLI00559,Pereira,Tienda física,PEI-01,Electrodomésticos,Freidora de aire,1,449900.00,5.00,449900.00,22495.00,427405.00,Efectivo,4.0
4684,PED004684,2026-03-25 00:46:50,CLI01567,Pereira,Aplicación móvil,,Hogar,Lámpara de mesa,1,129900.00,5.00,129900.00,6495.00,123405.00,Tarjeta crédito,
4685,PED004685,2026-01-24 12:19:36,CLI01806,Bucaramanga,Tienda física,BGA-01,Deportes,Banda caminadora,1,2199900.00,0.00,2199900.00,0.00,2199900.00,Tarjeta débito,
4686,PED004686,2026-06-15 06:12:01,CLI01788,Barranquilla,Tienda física,BAQ-01,Electrodomésticos,Horno microondas,2,579900.00,20.00,1159800.00,231960.00,927840.00,Tarjeta crédito,5.0
4687,PED004687,2026-04-03 13:15:57,CLI01337,Medellín,Tienda física,MDE-02,Electrodomésticos,Horno microondas,2,591500.00,10.00,1183000.00,118300.00,1064700.00,Tarjeta crédito,4.0
4688,PED004688,2026-06-26 05:34:33,CLI01230,Barranquilla,Página web,,Tecnología,Tablet 10 pulgadas,3,944900.00,0.00,2834700.00,0.00,2834700.00,PSE,
4689,PED004689,2026-05-26 14:09:05,CLI01164,Bogotá D.C.,Aplicación móvil,,Deportes,Banda caminadora,2,2089900.00,0.00,4179800.00,0.00,4179800.00,PSE,4.0
4690,PED004690,2026-01-10 02:01:35,CLI01864,Bogotá D.C.,Aplicación móvil,,Hogar,Ventilador de torre,4,356900.00,5.00,1427600.00,71380.00,1356220.00,Tarjeta débito,2.0
4691,PED004691,2026-04-01 07:57:07,CLI02452,Cali,Página web,,Hogar,Organizador modular,2,122300.00,0.00,244600.00,0.00,244600.00,Tarjeta crédito,4.0
4692,PED004692,2026-01-15 17:29:55,CLI01677,Medellín,Aplicación móvil,,Tecnología,Monitor 24 pulgadas,2,664900.00,10.00,1329800.00,132980.00,1196820.00,Billetera digital,5.0
4693,PED004693,2026-04-03 06:30:00,CLI02455,Medellín,Aplicación móvil,,Deportes,Colchoneta yoga,1,94400.00,10.00,94400.00,9440.00,84960.00,Tarjeta crédito,
4694,PED004694,2026-01-28 00:32:06,CLI00125,Medellín,Página web,,Deportes,Balón fútbol,3,117500.00,0.00,352500.00,0.00,352500.00,Tarjeta crédito,5.0
4695,PED004695,2026-06-10 13:22:12,CLI02119,Bogotá D.C.,Aplicación móvil,,Tecnología,Monitor 24 pulgadas,3,664900.00,0.00,1994700.00,0.00,1994700.00,Tarjeta crédito,5.0
4696,PED004696,2026-03-17 19:02:47,CLI00407,Pereira,Aplicación móvil,,Tecnología,Audífonos Bluetooth,1,149900.00,0.00,149900.00,0.00,149900.00,Tarjeta crédito,4.0
4697,PED004697,2026-02-20 02:30:46,CLI00577,Bucaramanga,Aplicación móvil,,Tecnología,Audífonos Bluetooth,2,152900.00,0.00,305800.00,0.00,305800.00,Tarjeta crédito,4.0
4698,PED004698,2026-04-09 22:57:08,CLI01778,Bucaramanga,Aplicación móvil,,Electrodomésticos,Cafetera eléctrica,2,199400.00,0.00,398800.00,0.00,398800.00,Tarjeta crédito,5.0
4699,PED004699,2026-05-18 17:11:21,CLI00622,Bogotá D.C.,Página web,,Hogar,Purificador de aire,2,783900.00,0.00,1567800.00,0.00,1567800.00,PSE,
4700,PED004700,2026-05-12 02:23:41,CLI00789,Medellín,Página web,,Tecnología,Smartwatch,1,329900.00,15.00,329900.00,49485.00,280415.00,Tarjeta crédito,
4701,PED004701,2026-06-08 12:14:53,CLI01905,Bogotá D.C.,Aplicación móvil,,Tecnología,Teclado mecánico,1,241400.00,0.00,241400.00,0.00,241400.00,PSE,
4702,PED004702,2026-02-19 14:31:54,CLI01676,Bucaramanga,Página web,,Hogar,Aspiradora vertical,1,474900.00,10.00,474900.00,47490.00,427410.00,Tarjeta crédito,
4703,PED004703,2026-05-26 09:14:57,CLI01411,Cali,Aplicación móvil,,Hogar,Purificador de aire,1,783900.00,0.00,783900.00,0.00,783900.00,Tarjeta crédito,
4704,PED004704,2026-04-13 12:11:16,CLI01982,Bucaramanga,Aplicación móvil,,Tecnología,Monitor 24 pulgadas,1,734900.00,15.00,734900.00,110235.00,624665.00,PSE,
4705,PED004705,2026-05-06 19:16:18,CLI00227,Bogotá D.C.,Aplicación móvil,,Tecnología,Monitor 24 pulgadas,3,699900.00,15.00,2099700.00,314955.00,1784745.00,PSE,3.0
4706,PED004706,2026-02-21 07:15:17,CLI02114,Medellín,Aplicación móvil,,Electrodomésticos,Cafetera eléctrica,1,189900.00,20.00,189900.00,37980.00,151920.00,PSE,
4707,PED004707,2026-02-17 16:04:32,CLI00912,Pereira,Aplicación móvil,,Hogar,Ventilador de torre,2,332400.00,5.00,664800.00,33240.00,631560.00,Tarjeta débito,3.0
4708,PED004708,2026-01-23 01:24:20,CLI00259,Bucaramanga,Tienda física,BGA-01,Tecnología,Smartwatch,2,323300.00,20.00,646600.00,129320.00,517280.00,Tarjeta crédito,
4709,PED004709,2026-01-12 03:56:39,CLI01395,Bogotá D.C.,Página web,,Tecnología,Monitor 24 pulgadas,1,699900.00,10.00,699900.00,69990.00,629910.00,Tarjeta crédito,5.0
4710,PED004710,2026-05-13 15:07:03,CLI02235,Cali,Página web,,Tecnología,Audífonos Bluetooth,1,149900.00,5.00,149900.00,7495.00,142405.00,PSE,5.0
4711,PED004711,2026-01-28 19:10:28,CLI01332,Cali,Aplicación móvil,,Tecnología,Mouse inalámbrico,2,94400.00,0.00,188800.00,0.00,188800.00,Tarjeta crédito,
4712,PED004712,2026-04-17 22:54:22,CLI02202,Pereira,Página web,,Electrodomésticos,Licuadora,1,227900.00,10.00,227900.00,22790.00,205110.00,PSE,3.0
4713,PED004713,2026-01-11 23:36:36,CLI02372,Bogotá D.C.,Tienda física,BOG-02,Tecnología,Mouse inalámbrico,1,89900.00,15.00,89900.00,13485.00,76415.00,Tarjeta débito,
4714,PED004714,2026-04-04 19:24:15,CLI01606,Medellín,Aplicación móvil,,Oficina,Impresora multifuncional,1,832900.00,0.00,832900.00,0.00,832900.00,Tarjeta débito,5.0
4715,PED004715,2026-02-26 17:41:45,CLI02104,Medellín,Aplicación móvil,,Tecnología,Monitor 24 pulgadas,2,713900.00,10.00,1427800.00,142780.00,1285020.00,Tarjeta crédito,4.0
4716,PED004716,2026-03-21 12:22:58,CLI02522,Cali,Aplicación móvil,,Hogar,Purificador de aire,1,759900.00,0.00,759900.00,0.00,759900.00,Billetera digital,4.0
4717,PED004717,2026-02-13 11:23:16,CLI02225,Bogotá D.C.,Aplicación móvil,,Oficina,Base para portátil,1,109900.00,0.00,109900.00,0.00,109900.00,Tarjeta crédito,
4718,PED004718,2026-04-24 23:35:57,CLI02166,Medellín,Página web,,Oficina,Impresora multifuncional,2,849900.00,0.00,1699800.00,0.00,1699800.00,PSE,5.0
4719,PED004719,2026-06-03 01:56:24,CLI02188,Bogotá D.C.,Página web,,Hogar,Juego de ollas,1,289900.00,0.00,289900.00,0.00,289900.00,PSE,
4720,PED004720,2026-04-13 07:05:03,CLI02053,Pereira,Tienda física,PEI-01,Tecnología,Tablet 10 pulgadas,1,944900.00,10.00,944900.00,94490.00,850410.00,Tarjeta débito,
4721,PED004721,2026-02-08 21:41:23,CLI01137,Cali,Página web,,Hogar,Aspiradora vertical,2,499900.00,0.00,999800.00,0.00,999800.00,Tarjeta crédito,
4722,PED004722,2026-03-15 19:18:58,CLI01066,Medellín,Aplicación móvil,,Electrodomésticos,Licuadora,1,239900.00,0.00,239900.00,0.00,239900.00,Tarjeta crédito,2.0
4723,PED004723,2026-05-29 09:48:48,CLI02105,Medellín,Aplicación móvil,,Oficina,Webcam Full HD,1,199900.00,0.00,199900.00,0.00,199900.00,Tarjeta crédito,4.0
4724,PED004724,2026-01-13 18:16:37,CLI00022,Cali,Página web,,Electrodomésticos,Cafetera eléctrica,1,193700.00,0.00,193700.00,0.00,193700.00,PSE,5.0
4725,PED004725,2026-05-25 21:40:18,CLI00808,Bucaramanga,Aplicación móvil,,Deportes,Colchoneta yoga,3,94400.00,0.00,283200.00,0.00,283200.00,Billetera digital,
4726,PED004726,2026-05-12 05:19:48,CLI02232,Cali,Página web,,Tecnología,Smartwatch,1,336500.00,15.00,336500.00,50475.00,286025.00,PSE,4.0
4727,PED004727,2026-02-28 10:45:05,CLI02461,Barranquilla,Página web,,Hogar,Juego de ollas,1,289900.00,10.00,289900.00,28990.00,260910.00,PSE,
4728,PED004728,2026-06-27 00:39:07,CLI01652,Cali,Tienda física,CLO-02,Electrodomésticos,Horno microondas,1,579900.00,10.00,579900.00,57990.00,521910.00,Tarjeta débito,
4729,PED004729,2026-03-11 06:20:39,CLI01482,Medellín,Página web,,Hogar,Juego de ollas,1,275400.00,0.00,275400.00,0.00,275400.00,Tarjeta crédito,5.0
4730,PED004730,2026-02-24 03:19:11,CLI00635,Cali,Página web,,Electrodomésticos,Arrocera,1,161400.00,15.00,161400.00,24210.00,137190.00,Tarjeta crédito,
4731,PED004731,2026-01-07 06:04:18,CLI00988,Cali,Página web,,Hogar,Juego de ollas,3,289900.00,0.00,869700.00,0.00,869700.00,Tarjeta crédito,1.0
4732,PED004732,2026-06-23 18:10:59,CLI00240,Barranquilla,Tienda física,BAQ-01,Electrodomésticos,Freidora de aire,1,449900.00,0.00,449900.00,0.00,449900.00,Tarjeta crédito,
4733,PED004733,2026-02-17 01:22:16,CLI00064,Bucaramanga,Página web,,Hogar,Organizador modular,1,119900.00,0.00,119900.00,0.00,119900.00,Tarjeta débito,5.0
4734,PED004734,2026-05-22 11:22:34,CLI02302,Bucaramanga,Aplicación móvil,,Tecnología,Smartwatch,1,323300.00,10.00,323300.00,32330.00,290970.00,PSE,
4735,PED004735,2026-04-19 12:28:31,CLI01233,Bogotá D.C.,Tienda física,BOG-01,Oficina,Webcam Full HD,1,195900.00,5.00,195900.00,9795.00,186105.00,Tarjeta crédito,3.0
4736,PED004736,2026-02-21 13:41:07,CLI00486,Bucaramanga,Aplicación móvil,,Oficina,Silla ergonómica,2,787400.00,0.00,1574800.00,0.00,1574800.00,Tarjeta crédito,3.0
4737,PED004737,2026-06-23 15:43:58,CLI01555,Medellín,Aplicación móvil,,Hogar,Lámpara de mesa,3,129900.00,0.00,389700.00,0.00,389700.00,Tarjeta crédito,
4738,PED004738,2026-03-12 05:00:41,CLI01695,Pereira,Página web,,Oficina,Base para portátil,2,115400.00,0.00,230800.00,0.00,230800.00,PSE,
4739,PED004739,2026-06-19 13:10:13,CLI00185,Cali,Aplicación móvil,,Oficina,Base para portátil,1,109900.00,10.00,109900.00,10990.00,98910.00,Billetera digital,4.0
4740,PED004740,2026-06-20 04:19:24,CLI02277,Bogotá D.C.,Tienda física,BOG-01,Oficina,Webcam Full HD,3,199900.00,15.00,599700.00,89955.00,509745.00,Tarjeta débito,
4741,PED004741,2026-02-01 01:36:47,CLI01112,Barranquilla,Tienda física,BAQ-01,Oficina,Escritorio ajustable,2,1139900.00,5.00,2279800.00,113990.00,2165810.00,Tarjeta débito,
4742,PED004742,2026-06-20 22:20:38,CLI00651,Bogotá D.C.,Página web,,Hogar,Organizador modular,1,122300.00,0.00,122300.00,0.00,122300.00,Tarjeta débito,
4743,PED004743,2026-06-06 06:41:48,CLI00351,Bogotá D.C.,Página web,,Electrodomésticos,Arrocera,1,161400.00,5.00,161400.00,8070.00,153330.00,Tarjeta débito,4.0
4744,PED004744,2026-02-14 05:18:20,CLI02223,Medellín,Aplicación móvil,,Deportes,Mancuernas ajustables,1,407900.00,10.00,407900.00,40790.00,367110.00,Tarjeta crédito,4.0
4745,PED004745,2026-06-06 18:52:52,CLI02400,Barranquilla,Tienda física,BAQ-01,Tecnología,Smartwatch,1,346400.00,10.00,346400.00,34640.00,311760.00,Tarjeta débito,4.0
4746,PED004746,2026-03-14 15:11:46,CLI00697,Barranquilla,Tienda física,BAQ-01,Deportes,Kit bandas elásticas,1,79900.00,15.00,79900.00,11985.00,67915.00,Tarjeta débito,
4747,PED004747,2026-02-15 15:57:19,CLI00164,Medellín,Página web,,Tecnología,Tablet 10 pulgadas,4,899900.00,0.00,3599600.00,0.00,3599600.00,Tarjeta crédito,5.0
4748,PED004748,2026-05-23 13:44:04,CLI00931,Medellín,Aplicación móvil,,Electrodomésticos,Freidora de aire,1,472400.00,0.00,472400.00,0.00,472400.00,Billetera digital,4.0
4749,PED004749,2026-01-11 00:53:37,CLI02496,Pereira,Página web,,Hogar,Lámpara de mesa,1,127300.00,10.00,127300.00,12730.00,114570.00,Tarjeta débito,3.0
4750,PED004750,2026-06-06 23:31:15,CLI00415,Bogotá D.C.,Página web,,Oficina,Escritorio ajustable,1,1259900.00,10.00,1259900.00,125990.00,1133910.00,PSE,
4751,PED004751,2026-04-19 10:07:31,CLI00833,Bogotá D.C.,Página web,,Tecnología,Audífonos Bluetooth,1,142400.00,10.00,142400.00,14240.00,128160.00,Tarjeta crédito,4.0
4752,PED004752,2026-03-01 06:04:32,CLI02599,Pereira,Página web,,Hogar,Aspiradora vertical,1,499900.00,15.00,499900.00,74985.00,424915.00,Tarjeta crédito,3.0
4753,PED004753,2026-05-14 18:05:21,CLI01564,Bogotá D.C.,Página web,,Hogar,Aspiradora vertical,1,509900.00,0.00,509900.00,0.00,509900.00,Tarjeta débito,4.0
4754,PED004754,2026-01-04 03:17:55,CLI00599,Medellín,Aplicación móvil,,Deportes,Kit bandas elásticas,2,81500.00,0.00,163000.00,0.00,163000.00,Tarjeta crédito,5.0
4755,PED004755,2026-01-22 09:30:11,CLI02524,Cali,Página web,,Hogar,Aspiradora vertical,1,499900.00,20.00,499900.00,99980.00,399920.00,Tarjeta crédito,2.0
4756,PED004756,2026-03-26 09:13:49,CLI00477,Bucaramanga,Página web,,Tecnología,Monitor 24 pulgadas,1,685900.00,0.00,685900.00,0.00,685900.00,Tarjeta crédito,
4757,PED004757,2026-06-20 15:42:27,CLI00564,Bogotá D.C.,Aplicación móvil,,Hogar,Purificador de aire,2,799900.00,20.00,1599800.00,319960.00,1279840.00,PSE,
4758,PED004758,2026-03-10 23:10:28,CLI01157,Pereira,Página web,,Tecnología,Audífonos Bluetooth,1,142400.00,0.00,142400.00,0.00,142400.00,Tarjeta crédito,
4759,PED004759,2026-01-29 10:06:01,CLI02220,Pereira,Página web,,Electrodomésticos,Cafetera eléctrica,1,180400.00,0.00,180400.00,0.00,180400.00,PSE,5.0
4760,PED004760,2026-06-14 20:38:09,CLI00077,Barranquilla,Página web,,Hogar,Purificador de aire,1,839900.00,0.00,839900.00,0.00,839900.00,Tarjeta crédito,
4761,PED004761,2026-06-29 11:12:46,CLI01644,Bucaramanga,Aplicación móvil,,Tecnología,Monitor 24 pulgadas,1,699900.00,0.00,699900.00,0.00,699900.00,Billetera digital,
4762,PED004762,2026-03-29 22:41:33,CLI02472,Bogotá D.C.,Aplicación móvil,,Oficina,Base para portátil,2,112100.00,10.00,224200.00,22420.00,201780.00,Billetera digital,4.0
4763,PED004763,2026-04-21 20:23:31,CLI02383,Bogotá D.C.,Página web,,Deportes,Bicicleta estática,1,1499900.00,0.00,1499900.00,0.00,1499900.00,Transferencia,
4764,PED004764,2026-04-28 05:36:15,CLI01186,Medellín,Página web,,Hogar,Aspiradora vertical,1,524900.00,0.00,524900.00,0.00,524900.00,Tarjeta crédito,5.0
4765,PED004765,2026-04-07 19:03:13,CLI00803,Bogotá D.C.,Tienda física,BOG-01,Electrodomésticos,Freidora de aire,1,440900.00,5.00,440900.00,22045.00,418855.00,Tarjeta crédito,
4766,PED004766,2026-05-22 07:32:19,CLI00174,Bogotá D.C.,Tienda física,BOG-03,Oficina,Impresora multifuncional,1,849900.00,0.00,849900.00,0.00,849900.00,Tarjeta débito,4.0
4767,PED004767,2026-01-25 07:39:26,CLI00058,Bogotá D.C.,Página web,,Oficina,Impresora multifuncional,1,892400.00,0.00,892400.00,0.00,892400.00,Tarjeta crédito,
4768,PED004768,2026-03-14 10:29:37,CLI01418,Bogotá D.C.,Aplicación móvil,,Tecnología,Smartwatch,1,336500.00,10.00,336500.00,33650.00,302850.00,PSE,
4769,PED004769,2026-05-08 13:33:24,CLI00290,Medellín,Página web,,Electrodomésticos,Cafetera eléctrica,1,180400.00,20.00,180400.00,36080.00,144320.00,PSE,4.0
4770,PED004770,2026-01-18 21:17:44,CLI02056,Cali,Página web,,Tecnología,Monitor 24 pulgadas,2,699900.00,10.00,1399800.00,139980.00,1259820.00,Tarjeta crédito,
4771,PED004771,2026-01-22 23:29:36,CLI00909,Bogotá D.C.,Página web,,Oficina,Archivador metálico,1,436900.00,10.00,436900.00,43690.00,393210.00,Tarjeta débito,
4772,PED004772,2026-02-15 04:32:53,CLI00231,Bogotá D.C.,Aplicación móvil,,Tecnología,Audífonos Bluetooth,2,142400.00,0.00,284800.00,0.00,284800.00,Tarjeta débito,3.0
4773,PED004773,2026-06-11 12:41:01,CLI01739,Cali,Aplicación móvil,,Hogar,Organizador modular,1,117500.00,5.00,117500.00,5875.00,111625.00,PSE,
4774,PED004774,2026-04-29 12:00:26,CLI02532,Bogotá D.C.,Aplicación móvil,,Deportes,Banda caminadora,4,2089900.00,20.00,8359600.00,1671920.00,6687680.00,Tarjeta débito,5.0
4775,PED004775,2026-04-21 12:00:26,CLI02260,Medellín,Página web,,Tecnología,Tablet 10 pulgadas,1,899900.00,0.00,899900.00,0.00,899900.00,Tarjeta crédito,4.0
4776,PED004776,2026-02-07 06:51:18,CLI01404,Bogotá D.C.,Página web,,Tecnología,Smartwatch,2,336500.00,0.00,673000.00,0.00,673000.00,Tarjeta crédito,
4777,PED004777,2026-01-13 14:01:07,CLI00944,Bogotá D.C.,Página web,,Oficina,Archivador metálico,1,459900.00,0.00,459900.00,0.00,459900.00,PSE,5.0
4778,PED004778,2026-03-14 15:42:04,CLI01920,Cali,Página web,,Deportes,Kit bandas elásticas,2,75900.00,10.00,151800.00,15180.00,136620.00,Tarjeta crédito,4.0
4779,PED004779,2026-01-28 18:16:24,CLI02485,Medellín,Tienda física,MDE-01,Electrodomésticos,Cafetera eléctrica,4,189900.00,5.00,759600.00,37980.00,721620.00,Efectivo,4.0
4780,PED004780,2026-04-14 02:13:21,CLI01416,Bogotá D.C.,Aplicación móvil,,Tecnología,Audífonos Bluetooth,1,149900.00,0.00,149900.00,0.00,149900.00,Tarjeta crédito,5.0
4781,PED004781,2026-04-12 09:25:54,CLI02187,Cali,Tienda física,CLO-01,Electrodomésticos,Cafetera eléctrica,1,189900.00,0.00,189900.00,0.00,189900.00,Tarjeta débito,1.0
4782,PED004782,2026-02-11 09:43:00,CLI02383,Bogotá D.C.,Página web,,Electrodomésticos,Cafetera eléctrica,1,193700.00,0.00,193700.00,0.00,193700.00,PSE,
4783,PED004783,2026-02-01 00:13:48,CLI02371,Bogotá D.C.,Tienda física,BOG-01,Oficina,Base para portátil,1,107700.00,10.00,107700.00,10770.00,96930.00,Tarjeta crédito,3.0
4784,PED004784,2026-03-14 03:01:47,CLI02384,Barranquilla,Aplicación móvil,,Tecnología,Mouse inalámbrico,3,89900.00,10.00,269700.00,26970.00,242730.00,Tarjeta crédito,5.0
4785,PED004785,2026-05-29 05:27:29,CLI02161,Bogotá D.C.,Aplicación móvil,,Oficina,Impresora multifuncional,1,849900.00,5.00,849900.00,42495.00,807405.00,Billetera digital,4.0
4786,PED004786,2026-02-28 06:42:50,CLI01946,Bogotá D.C.,Aplicación móvil,,Electrodomésticos,Arrocera,1,169900.00,0.00,169900.00,0.00,169900.00,Billetera digital,
4787,PED004787,2026-01-28 01:20:22,CLI00832,Bogotá D.C.,Página web,,Electrodomésticos,Sanduchera,2,129900.00,20.00,259800.00,51960.00,207840.00,Tarjeta débito,5.0
4788,PED004788,2026-01-03 14:21:42,CLI00996,Bogotá D.C.,Aplicación móvil,,Tecnología,Tablet 10 pulgadas,1,899900.00,5.00,899900.00,44995.00,854905.00,Tarjeta débito,3.0
4789,PED004789,2026-01-12 05:18:44,CLI02481,Barranquilla,Página web,,Deportes,Bicicleta estática,1,1529900.00,0.00,1529900.00,0.00,1529900.00,Tarjeta crédito,
4790,PED004790,2026-03-23 04:08:19,CLI01357,Bucaramanga,Aplicación móvil,,Electrodomésticos,Licuadora,1,239900.00,0.00,239900.00,0.00,239900.00,Tarjeta crédito,
4791,PED004791,2026-04-20 06:48:41,CLI00422,Pereira,Página web,,Deportes,Kit bandas elásticas,1,79900.00,0.00,79900.00,0.00,79900.00,Transferencia,4.0
4792,PED004792,2026-03-03 11:08:39,CLI01129,Bogotá D.C.,Página web,,Deportes,Bicicleta estática,2,1574900.00,0.00,3149800.00,0.00,3149800.00,PSE,
4793,PED004793,2026-04-02 05:21:17,CLI00761,Cali,Tienda física,CLO-01,Tecnología,Monitor 24 pulgadas,2,699900.00,0.00,1399800.00,0.00,1399800.00,PSE,
4794,PED004794,2026-01-15 12:46:30,CLI00459,Cali,Aplicación móvil,,Electrodomésticos,Arrocera,2,161400.00,10.00,322800.00,32280.00,290520.00,Tarjeta crédito,
4795,PED004795,2026-06-24 01:39:43,CLI00334,Medellín,Tienda física,MDE-02,Electrodomésticos,Sanduchera,1,123400.00,20.00,123400.00,24680.00,98720.00,Tarjeta débito,
4796,PED004796,2026-02-19 13:30:39,CLI01646,Medellín,Página web,,Electrodomésticos,Horno microondas,2,591500.00,0.00,1183000.00,0.00,1183000.00,Tarjeta crédito,
4797,PED004797,2026-01-10 19:12:30,CLI01811,Bogotá D.C.,Aplicación móvil,,Oficina,Silla ergonómica,1,749900.00,0.00,749900.00,0.00,749900.00,Tarjeta crédito,5.0
4798,PED004798,2026-01-26 09:32:03,CLI01680,Cali,Aplicación móvil,,Deportes,Banda caminadora,2,2309900.00,5.00,4619800.00,230990.00,4388810.00,PSE,
4799,PED004799,2026-02-13 01:58:16,CLI01326,Pereira,Tienda física,PEI-01,Tecnología,Mouse inalámbrico,1,91700.00,0.00,91700.00,0.00,91700.00,Efectivo,
4800,PED004800,2026-04-15 14:19:34,CLI00300,Bogotá D.C.,Aplicación móvil,,Electrodomésticos,Sanduchera,1,129900.00,0.00,129900.00,0.00,129900.00,Billetera digital,
4801,PED004801,2026-01-20 00:48:01,CLI02007,Bogotá D.C.,Página web,,Hogar,Purificador de aire,2,783900.00,10.00,1567800.00,156780.00,1411020.00,Tarjeta crédito,
4802,PED004802,2026-02-09 10:10:36,CLI00427,Bogotá D.C.,Página web,,Electrodomésticos,Horno microondas,1,579900.00,0.00,579900.00,0.00,579900.00,Tarjeta crédito,4.0
4803,PED004803,2026-02-05 18:45:08,CLI01196,Cali,Página web,,Tecnología,Tablet 10 pulgadas,2,881900.00,0.00,1763800.00,0.00,1763800.00,PSE,
4804,PED004804,2026-01-21 15:45:15,CLI02684,Bogotá D.C.,Aplicación móvil,,Oficina,Base para portátil,1,104400.00,0.00,104400.00,0.00,104400.00,Tarjeta crédito,2.0
4805,PED004805,2026-02-04 19:01:43,CLI02436,Barranquilla,Tienda física,BAQ-01,Hogar,Lámpara de mesa,1,127300.00,0.00,127300.00,0.00,127300.00,Tarjeta crédito,
4806,PED004806,2026-06-28 10:39:38,CLI02544,Barranquilla,Página web,,Deportes,Mancuernas ajustables,2,399900.00,10.00,799800.00,79980.00,719820.00,Tarjeta crédito,5.0
4807,PED004807,2026-06-28 14:09:18,CLI02116,Bogotá D.C.,Tienda física,BOG-02,Tecnología,Smartwatch,3,329900.00,5.00,989700.00,49485.00,940215.00,Tarjeta débito,
4808,PED004808,2026-01-05 00:18:21,CLI01880,Pereira,Aplicación móvil,,Tecnología,Mouse inalámbrico,1,94400.00,0.00,94400.00,0.00,94400.00,Tarjeta crédito,4.0
4809,PED004809,2026-03-18 15:26:35,CLI00425,Bogotá D.C.,Aplicación móvil,,Tecnología,Smartwatch,1,323300.00,0.00,323300.00,0.00,323300.00,Tarjeta débito,4.0
4810,PED004810,2026-05-29 16:58:23,CLI00849,Bogotá D.C.,Página web,,Electrodomésticos,Cafetera eléctrica,1,189900.00,0.00,189900.00,0.00,189900.00,Transferencia,5.0
4811,PED004811,2026-02-01 00:21:12,CLI00718,Pereira,Tienda física,PEI-01,Electrodomésticos,Sanduchera,1,129900.00,0.00,129900.00,0.00,129900.00,Tarjeta crédito,5.0
4812,PED004812,2026-06-13 13:50:41,CLI00336,Cali,Tienda física,CLO-01,Tecnología,Tablet 10 pulgadas,3,917900.00,0.00,2753700.00,0.00,2753700.00,PSE,5.0
4813,PED004813,2026-01-09 06:49:54,CLI01963,Barranquilla,Tienda física,BAQ-01,Tecnología,Tablet 10 pulgadas,1,917900.00,10.00,917900.00,91790.00,826110.00,Tarjeta crédito,
4814,PED004814,2026-03-29 15:49:36,CLI01037,Bucaramanga,Página web,,Tecnología,Audífonos Bluetooth,1,157400.00,10.00,157400.00,15740.00,141660.00,Tarjeta débito,5.0
4815,PED004815,2026-05-31 02:58:52,CLI02211,Cali,Página web,,Electrodomésticos,Arrocera,1,166500.00,10.00,166500.00,16650.00,149850.00,Tarjeta crédito,1.0
4816,PED004816,2026-01-17 08:30:22,CLI01495,Barranquilla,Aplicación móvil,,Oficina,Impresora multifuncional,1,892400.00,20.00,892400.00,178480.00,713920.00,Tarjeta débito,4.0
4817,PED004817,2026-01-08 04:51:35,CLI00095,Bucaramanga,Aplicación móvil,,Hogar,Ventilador de torre,1,356900.00,0.00,356900.00,0.00,356900.00,Tarjeta crédito,4.0
4818,PED004818,2026-03-06 00:48:56,CLI00794,Bogotá D.C.,Página web,,Oficina,Impresora multifuncional,1,866900.00,5.00,866900.00,43345.00,823555.00,Tarjeta débito,2.0
4819,PED004819,2026-01-08 18:15:53,CLI00881,Cali,Página web,,Hogar,Lámpara de mesa,1,129900.00,5.00,129900.00,6495.00,123405.00,PSE,4.0
4820,PED004820,2026-01-25 20:07:16,CLI01668,Medellín,Página web,,Electrodomésticos,Sanduchera,3,129900.00,10.00,389700.00,38970.00,350730.00,Tarjeta crédito,5.0
4821,PED004821,2026-06-05 02:08:40,CLI00320,Bogotá D.C.,Aplicación móvil,,Deportes,Banda caminadora,2,2089900.00,0.00,4179800.00,0.00,4179800.00,Tarjeta crédito,4.0
4822,PED004822,2026-06-02 23:04:36,CLI00352,Cali,Página web,,Oficina,Impresora multifuncional,2,849900.00,0.00,1699800.00,0.00,1699800.00,PSE,
4823,PED004823,2026-04-04 05:22:54,CLI01777,Medellín,Página web,,Tecnología,Monitor 24 pulgadas,1,734900.00,0.00,734900.00,0.00,734900.00,Transferencia,
4824,PED004824,2026-05-04 20:19:33,CLI01315,Cali,Página web,,Hogar,Aspiradora vertical,2,499900.00,0.00,999800.00,0.00,999800.00,Tarjeta débito,4.0
4825,PED004825,2026-05-23 12:22:34,CLI00243,Bogotá D.C.,Página web,,Electrodomésticos,Sanduchera,1,136400.00,0.00,136400.00,0.00,136400.00,Tarjeta crédito,
4826,PED004826,2026-03-21 16:43:34,CLI00146,Bucaramanga,Página web,,Hogar,Aspiradora vertical,1,509900.00,0.00,509900.00,0.00,509900.00,PSE,4.0
4827,PED004827,2026-03-05 22:56:44,CLI02569,Medellín,Tienda física,MDE-02,Hogar,Purificador de aire,1,799900.00,15.00,799900.00,119985.00,679915.00,Tarjeta crédito,3.0
4828,PED004828,2026-04-01 20:16:36,CLI00496,Cali,Página web,,Oficina,Silla ergonómica,1,734900.00,0.00,734900.00,0.00,734900.00,Tarjeta crédito,
4829,PED004829,2026-06-05 05:08:10,CLI00728,Bogotá D.C.,Página web,,Tecnología,Mouse inalámbrico,1,89900.00,15.00,89900.00,13485.00,76415.00,Transferencia,5.0
4830,PED004830,2026-05-12 07:28:58,CLI01257,Bogotá D.C.,Aplicación móvil,,Deportes,Banda caminadora,1,2309900.00,20.00,2309900.00,461980.00,1847920.00,PSE,5.0
4831,PED004831,2026-02-16 18:46:51,CLI02305,Cali,Aplicación móvil,,Electrodomésticos,Cafetera eléctrica,1,189900.00,5.00,189900.00,9495.00,180405.00,Tarjeta crédito,3.0
4832,PED004832,2026-05-23 01:36:09,CLI00627,Bogotá D.C.,Página web,,Deportes,Kit bandas elásticas,1,83900.00,5.00,83900.00,4195.00,79705.00,PSE,
4833,PED004833,2026-06-24 17:38:49,CLI00147,Pereira,Tienda física,PEI-01,Oficina,Silla ergonómica,2,749900.00,10.00,1499800.00,149980.00,1349820.00,Tarjeta débito,1.0
4834,PED004834,2026-02-04 00:41:53,CLI01787,Bogotá D.C.,Página web,,Hogar,Aspiradora vertical,1,499900.00,5.00,499900.00,24995.00,474905.00,Tarjeta crédito,
4835,PED004835,2026-06-17 15:16:50,CLI00723,Bogotá D.C.,Página web,,Hogar,Ventilador de torre,1,356900.00,10.00,356900.00,35690.00,321210.00,PSE,5.0
4836,PED004836,2026-04-20 18:51:08,CLI02415,Bogotá D.C.,Tienda física,BOG-01,Hogar,Purificador de aire,1,759900.00,0.00,759900.00,0.00,759900.00,Efectivo,4.0
4837,PED004837,2026-05-17 23:13:17,CLI00365,Bogotá D.C.,Aplicación móvil,,Hogar,Ventilador de torre,1,349900.00,0.00,349900.00,0.00,349900.00,PSE,
4838,PED004838,2026-05-02 17:45:35,CLI00001,Pereira,Página web,,Oficina,Silla ergonómica,1,787400.00,10.00,787400.00,78740.00,708660.00,PSE,4.0
4839,PED004839,2026-03-11 21:41:25,CLI02490,Medellín,Aplicación móvil,,Oficina,Impresora multifuncional,2,892400.00,0.00,1784800.00,0.00,1784800.00,Tarjeta crédito,
4840,PED004840,2026-01-14 05:28:05,CLI00674,Bucaramanga,Página web,,Electrodomésticos,Arrocera,2,166500.00,5.00,333000.00,16650.00,316350.00,Tarjeta débito,3.0
4841,PED004841,2026-03-15 20:22:50,CLI00721,Cali,Tienda física,CLO-02,Tecnología,Mouse inalámbrico,4,94400.00,15.00,377600.00,56640.00,320960.00,Efectivo,
4842,PED004842,2026-03-20 04:17:35,CLI01542,Bogotá D.C.,Página web,,Tecnología,Audífonos Bluetooth,1,149900.00,10.00,149900.00,14990.00,134910.00,PSE,5.0
4843,PED004843,2026-03-02 07:55:09,CLI00363,Cali,Tienda física,CLO-02,Hogar,Purificador de aire,1,799900.00,0.00,799900.00,0.00,799900.00,Tarjeta crédito,
4844,PED004844,2026-04-09 06:01:21,CLI00321,Bogotá D.C.,Página web,,Electrodomésticos,Freidora de aire,1,449900.00,10.00,449900.00,44990.00,404910.00,PSE,4.0
4845,PED004845,2026-06-18 07:56:28,CLI02574,Bucaramanga,Página web,,Oficina,Base para portátil,1,107700.00,0.00,107700.00,0.00,107700.00,Tarjeta débito,
4846,PED004846,2026-05-01 03:00:28,CLI01415,Bogotá D.C.,Página web,,Hogar,Organizador modular,2,113900.00,15.00,227800.00,34170.00,193630.00,PSE,
4847,PED004847,2026-02-26 04:51:24,CLI01377,Bucaramanga,Tienda física,BGA-01,Hogar,Purificador de aire,1,783900.00,0.00,783900.00,0.00,783900.00,Efectivo,
4848,PED004848,2026-02-02 18:36:19,CLI00559,Cali,Página web,,Hogar,Organizador modular,1,113900.00,10.00,113900.00,11390.00,102510.00,Transferencia,
4849,PED004849,2026-01-23 00:15:14,CLI00737,Barranquilla,Página web,,Electrodomésticos,Licuadora,1,244700.00,10.00,244700.00,24470.00,220230.00,Tarjeta débito,4.0
4850,PED004850,2026-04-17 10:20:28,CLI01288,Barranquilla,Tienda física,BAQ-01,Electrodomésticos,Cafetera eléctrica,2,189900.00,15.00,379800.00,56970.00,322830.00,PSE,4.0
4851,PED004851,2026-05-27 00:38:58,CLI02012,Bogotá D.C.,Página web,,Oficina,Impresora multifuncional,1,866900.00,15.00,866900.00,130035.00,736865.00,Tarjeta débito,
4852,PED004852,2026-01-09 22:04:05,CLI01969,Medellín,Página web,,Hogar,Purificador de aire,2,759900.00,10.00,1519800.00,151980.00,1367820.00,Transferencia,2.0
4853,PED004853,2026-06-10 03:00:35,CLI01295,Pereira,Aplicación móvil,,Hogar,Aspiradora vertical,2,499900.00,0.00,999800.00,0.00,999800.00,PSE,
4854,PED004854,2026-01-15 05:40:12,CLI00896,Medellín,Tienda física,MDE-01,Oficina,Archivador metálico,1,482900.00,0.00,482900.00,0.00,482900.00,Tarjeta crédito,
4855,PED004855,2026-04-15 15:07:22,CLI00841,Medellín,Aplicación móvil,,Tecnología,Teclado mecánico,1,241400.00,0.00,241400.00,0.00,241400.00,PSE,5.0
4856,PED004856,2026-06-17 19:24:55,CLI00559,Medellín,Página web,,Oficina,Base para portátil,1,104400.00,0.00,104400.00,0.00,104400.00,PSE,
4857,PED004857,2026-04-10 09:21:56,CLI00642,Bogotá D.C.,Aplicación móvil,,Tecnología,Mouse inalámbrico,1,89900.00,5.00,89900.00,4495.00,85405.00,Tarjeta crédito,4.0
4858,PED004858,2026-03-21 10:08:59,CLI01678,Bogotá D.C.,Tienda física,BOG-01,Hogar,Juego de ollas,3,275400.00,5.00,826200.00,41310.00,784890.00,Tarjeta débito,4.0
4859,PED004859,2026-04-12 10:45:01,CLI00979,Bogotá D.C.,Página web,,Hogar,Lámpara de mesa,1,123400.00,0.00,123400.00,0.00,123400.00,Tarjeta crédito,5.0
4860,PED004860,2026-01-12 02:58:32,CLI02056,Medellín,Página web,,Electrodomésticos,Licuadora,3,239900.00,0.00,719700.00,0.00,719700.00,PSE,
4861,PED004861,2026-03-18 10:07:38,CLI02138,Bogotá D.C.,Aplicación móvil,,Tecnología,Monitor 24 pulgadas,2,699900.00,0.00,1399800.00,0.00,1399800.00,Tarjeta crédito,
4862,PED004862,2026-02-18 17:48:25,CLI01394,Bogotá D.C.,Página web,,Deportes,Balón fútbol,2,117500.00,0.00,235000.00,0.00,235000.00,Tarjeta débito,
4863,PED004863,2026-03-21 09:04:50,CLI01076,Pereira,Aplicación móvil,,Deportes,Balón fútbol,1,113900.00,5.00,113900.00,5695.00,108205.00,Tarjeta crédito,3.0
4864,PED004864,2026-01-07 03:29:27,CLI01391,Medellín,Aplicación móvil,,Tecnología,Teclado mecánico,1,229900.00,0.00,229900.00,0.00,229900.00,Billetera digital,
4865,PED004865,2026-02-09 08:35:51,CLI02071,Barranquilla,Aplicación móvil,,Tecnología,Smartwatch,1,329900.00,0.00,329900.00,0.00,329900.00,Tarjeta débito,4.0
4866,PED004866,2026-05-03 00:47:13,CLI01639,Bogotá D.C.,Página web,,Hogar,Organizador modular,1,119900.00,0.00,119900.00,0.00,119900.00,Tarjeta débito,5.0
4867,PED004867,2026-01-18 14:26:28,CLI00253,Cali,Página web,,Hogar,Lámpara de mesa,2,132500.00,0.00,265000.00,0.00,265000.00,Tarjeta crédito,
4868,PED004868,2026-05-09 03:44:47,CLI01106,Cali,Página web,,Hogar,Aspiradora vertical,1,474900.00,0.00,474900.00,0.00,474900.00,Transferencia,
4869,PED004869,2026-01-08 07:31:14,CLI02033,Bucaramanga,Tienda física,BGA-01,Deportes,Balón fútbol,2,125900.00,0.00,251800.00,0.00,251800.00,Tarjeta crédito,5.0
4870,PED004870,2026-06-09 17:24:08,CLI02261,Bucaramanga,Tienda física,BGA-01,Hogar,Ventilador de torre,1,356900.00,0.00,356900.00,0.00,356900.00,Tarjeta crédito,5.0
4871,PED004871,2026-06-15 21:49:11,CLI00343,Bogotá D.C.,Página web,,Electrodomésticos,Freidora de aire,2,458900.00,0.00,917800.00,0.00,917800.00,PSE,
4872,PED004872,2026-01-01 23:23:17,CLI01644,Barranquilla,Tienda física,BAQ-01,Hogar,Lámpara de mesa,1,129900.00,0.00,129900.00,0.00,129900.00,Efectivo,
4873,PED004873,2026-06-06 06:22:36,CLI00124,Pereira,Tienda física,PEI-01,Oficina,Archivador metálico,1,459900.00,15.00,459900.00,68985.00,390915.00,Efectivo,
4874,PED004874,2026-04-17 08:15:27,CLI00652,Medellín,Tienda física,MDE-02,Tecnología,Audífonos Bluetooth,1,142400.00,5.00,142400.00,7120.00,135280.00,Tarjeta débito,4.0
4875,PED004875,2026-01-13 19:30:29,CLI01333,Medellín,Página web,,Oficina,Webcam Full HD,1,199900.00,20.00,199900.00,39980.00,159920.00,Tarjeta crédito,
4876,PED004876,2026-04-13 11:22:32,CLI01923,Bogotá D.C.,Aplicación móvil,,Tecnología,Tablet 10 pulgadas,1,899900.00,10.00,899900.00,89990.00,809910.00,Tarjeta débito,4.0
4877,PED004877,2026-06-18 08:09:03,CLI02610,Bucaramanga,Página web,,Deportes,Kit bandas elásticas,3,81500.00,10.00,244500.00,24450.00,220050.00,PSE,
4878,PED004878,2026-03-19 22:19:42,CLI00021,Medellín,Aplicación móvil,,Electrodomésticos,Licuadora,1,235100.00,0.00,235100.00,0.00,235100.00,Tarjeta débito,5.0
4879,PED004879,2026-01-07 00:25:32,CLI01456,Barranquilla,Página web,,Tecnología,Teclado mecánico,1,229900.00,0.00,229900.00,0.00,229900.00,Tarjeta crédito,
4880,PED004880,2026-04-10 06:52:58,CLI01262,Cali,Página web,,Tecnología,Smartwatch,2,323300.00,15.00,646600.00,96990.00,549610.00,Tarjeta crédito,5.0
4881,PED004881,2026-01-19 00:28:34,CLI01230,Medellín,Página web,,Tecnología,Tablet 10 pulgadas,1,944900.00,10.00,944900.00,94490.00,850410.00,Transferencia,4.0
4882,PED004882,2026-05-24 02:59:39,CLI02272,Medellín,Tienda física,MDE-01,Oficina,Webcam Full HD,2,199900.00,15.00,399800.00,59970.00,339830.00,Tarjeta débito,5.0
4883,PED004883,2026-04-25 19:09:34,CLI01899,Medellín,Página web,,Oficina,Base para portátil,2,107700.00,5.00,215400.00,10770.00,204630.00,PSE,5.0
4884,PED004884,2026-02-22 01:59:48,CLI02414,Barranquilla,Página web,,Electrodomésticos,Arrocera,1,169900.00,0.00,169900.00,0.00,169900.00,Transferencia,5.0
4885,PED004885,2026-03-29 10:49:42,CLI00657,Bucaramanga,Aplicación móvil,,Hogar,Ventilador de torre,1,349900.00,0.00,349900.00,0.00,349900.00,PSE,5.0
4886,PED004886,2026-01-05 23:37:05,CLI01959,Pereira,Aplicación móvil,,Deportes,Balón fútbol,3,119900.00,0.00,359700.00,0.00,359700.00,Billetera digital,
4887,PED004887,2026-06-05 08:44:31,CLI02184,Cali,Tienda física,CLO-02,Tecnología,Monitor 24 pulgadas,2,699900.00,5.00,1399800.00,69990.00,1329810.00,Efectivo,1.0
4888,PED004888,2026-03-16 11:01:03,CLI01443,Barranquilla,Aplicación móvil,,Tecnología,Mouse inalámbrico,4,85400.00,10.00,341600.00,34160.00,307440.00,Billetera digital,
4889,PED004889,2026-01-07 21:55:23,CLI00628,Medellín,Página web,,Oficina,Archivador metálico,1,459900.00,0.00,459900.00,0.00,459900.00,PSE,4.0
4890,PED004890,2026-01-17 17:13:03,CLI02173,Cali,Tienda física,CLO-01,Tecnología,Smartwatch,1,313400.00,15.00,313400.00,47010.00,266390.00,Tarjeta crédito,5.0
4891,PED004891,2026-03-22 23:31:32,CLI00317,Bogotá D.C.,Página web,,Hogar,Ventilador de torre,1,332400.00,5.00,332400.00,16620.00,315780.00,PSE,5.0
4892,PED004892,2026-02-06 08:49:53,CLI00680,Barranquilla,Tienda física,BAQ-01,Deportes,Colchoneta yoga,1,91700.00,10.00,91700.00,9170.00,82530.00,Tarjeta crédito,5.0
4893,PED004893,2026-05-13 12:16:25,CLI02005,Barranquilla,Tienda física,BAQ-01,Electrodomésticos,Cafetera eléctrica,1,199400.00,10.00,199400.00,19940.00,179460.00,Tarjeta débito,4.0
4894,PED004894,2026-03-21 17:14:07,CLI00961,Bogotá D.C.,Página web,,Tecnología,Smartwatch,3,313400.00,0.00,940200.00,0.00,940200.00,Transferencia,5.0
4895,PED004895,2026-02-06 11:38:20,CLI01831,Barranquilla,Página web,,Oficina,Archivador metálico,1,469100.00,0.00,469100.00,0.00,469100.00,Tarjeta débito,
4896,PED004896,2026-01-27 03:56:03,CLI02018,Cali,Tienda física,CLO-02,Electrodomésticos,Cafetera eléctrica,1,199400.00,5.00,199400.00,9970.00,189430.00,Efectivo,3.0
4897,PED004897,2026-06-28 23:31:06,CLI02695,Cali,Página web,,Tecnología,Mouse inalámbrico,2,89900.00,0.00,179800.00,0.00,179800.00,Tarjeta crédito,3.0
4898,PED004898,2026-03-02 18:50:37,CLI01257,Barranquilla,Aplicación móvil,,Electrodomésticos,Sanduchera,2,127300.00,20.00,254600.00,50920.00,203680.00,Billetera digital,4.0
4899,PED004899,2026-04-30 21:01:29,CLI00154,Barranquilla,Aplicación móvil,,Tecnología,Tablet 10 pulgadas,1,854900.00,20.00,854900.00,170980.00,683920.00,PSE,
4900,PED004900,2026-02-07 05:13:58,CLI02195,Barranquilla,Tienda física,BAQ-01,Hogar,Purificador de aire,1,839900.00,10.00,839900.00,83990.00,755910.00,PSE,
4901,PED004901,2026-06-25 02:33:03,CLI00783,Bogotá D.C.,Aplicación móvil,,Tecnología,Smartwatch,1,313400.00,0.00,313400.00,0.00,313400.00,Billetera digital,3.0
4902,PED004902,2026-02-27 09:32:11,CLI02419,Barranquilla,Página web,,Electrodomésticos,Cafetera eléctrica,2,199400.00,0.00,398800.00,0.00,398800.00,Tarjeta débito,
4903,PED004903,2026-05-19 20:10:13,CLI00261,Medellín,Página web,,Oficina,Escritorio ajustable,1,1223900.00,0.00,1223900.00,0.00,1223900.00,Tarjeta crédito,
4904,PED004904,2026-06-07 04:57:57,CLI01947,Medellín,Tienda física,MDE-01,Tecnología,Monitor 24 pulgadas,1,699900.00,0.00,699900.00,0.00,699900.00,Efectivo,4.0
4905,PED004905,2026-06-13 02:45:21,CLI00743,Bogotá D.C.,Aplicación móvil,,Hogar,Juego de ollas,1,284100.00,0.00,284100.00,0.00,284100.00,Tarjeta crédito,
4906,PED004906,2026-04-03 04:35:03,CLI00490,Bogotá D.C.,Aplicación móvil,,Deportes,Mancuernas ajustables,2,399900.00,5.00,799800.00,39990.00,759810.00,Tarjeta crédito,4.0
4907,PED004907,2026-02-18 10:39:25,CLI00515,Bogotá D.C.,Aplicación móvil,,Deportes,Banda caminadora,1,2199900.00,0.00,2199900.00,0.00,2199900.00,Tarjeta crédito,4.0
4908,PED004908,2026-03-20 05:18:57,CLI00986,Medellín,Página web,,Tecnología,Smartwatch,1,329900.00,0.00,329900.00,0.00,329900.00,PSE,
4909,PED004909,2026-05-30 21:16:01,CLI00071,Medellín,Tienda física,MDE-02,Oficina,Base para portátil,1,109900.00,10.00,109900.00,10990.00,98910.00,Efectivo,5.0
4910,PED004910,2026-05-17 11:10:01,CLI02438,Bogotá D.C.,Página web,,Hogar,Lámpara de mesa,3,129900.00,0.00,389700.00,0.00,389700.00,Tarjeta crédito,
4911,PED004911,2026-02-15 18:53:27,CLI02536,Barranquilla,Página web,,Hogar,Juego de ollas,4,284100.00,10.00,1136400.00,113640.00,1022760.00,PSE,
4912,PED004912,2026-01-14 23:37:09,CLI00985,Bogotá D.C.,Aplicación móvil,,Deportes,Bicicleta estática,2,1499900.00,15.00,2999800.00,449970.00,2549830.00,Tarjeta crédito,1.0
4913,PED004913,2026-05-31 08:37:53,CLI00362,Medellín,Tienda física,MDE-01,Tecnología,Monitor 24 pulgadas,2,685900.00,5.00,1371800.00,68590.00,1303210.00,Tarjeta crédito,5.0
4914,PED004914,2026-03-14 10:04:16,CLI01484,Pereira,Tienda física,PEI-01,Electrodomésticos,Sanduchera,1,129900.00,10.00,129900.00,12990.00,116910.00,Tarjeta crédito,
4915,PED004915,2026-04-26 13:35:14,CLI00971,Bogotá D.C.,Página web,,Tecnología,Smartwatch,1,329900.00,10.00,329900.00,32990.00,296910.00,PSE,5.0
4916,PED004916,2026-03-18 11:50:40,CLI00855,Bogotá D.C.,Tienda física,BOG-01,Oficina,Silla ergonómica,4,712400.00,10.00,2849600.00,284960.00,2564640.00,Efectivo,
4917,PED004917,2026-05-30 20:49:14,CLI00541,Medellín,Tienda física,MDE-01,Oficina,Webcam Full HD,2,195900.00,0.00,391800.00,0.00,391800.00,PSE,
4918,PED004918,2026-02-14 11:05:39,CLI01251,Bogotá D.C.,Tienda física,BOG-01,Oficina,Webcam Full HD,1,199900.00,0.00,199900.00,0.00,199900.00,Tarjeta débito,
4919,PED004919,2026-04-18 10:52:12,CLI01502,Bogotá D.C.,Aplicación móvil,,Electrodomésticos,Cafetera eléctrica,1,193700.00,0.00,193700.00,0.00,193700.00,Tarjeta débito,
4920,PED004920,2026-05-29 18:15:15,CLI00676,Bogotá D.C.,Tienda física,BOG-01,Electrodomésticos,Freidora de aire,3,440900.00,15.00,1322700.00,198405.00,1124295.00,PSE,5.0
4921,PED004921,2026-01-09 13:39:15,CLI00783,Bucaramanga,Página web,,Hogar,Lámpara de mesa,2,129900.00,0.00,259800.00,0.00,259800.00,Tarjeta crédito,
4922,PED004922,2026-06-06 18:01:19,CLI02254,Bogotá D.C.,Página web,,Tecnología,Audífonos Bluetooth,1,142400.00,10.00,142400.00,14240.00,128160.00,Tarjeta débito,4.0
4923,PED004923,2026-01-31 02:38:24,CLI00479,Medellín,Aplicación móvil,,Oficina,Escritorio ajustable,1,1139900.00,0.00,1139900.00,0.00,1139900.00,Billetera digital,
4924,PED004924,2026-04-25 10:13:41,CLI00562,Medellín,Aplicación móvil,,Tecnología,Smartwatch,2,329900.00,0.00,659800.00,0.00,659800.00,Tarjeta crédito,4.0
4925,PED004925,2026-04-27 07:03:27,CLI00813,Medellín,Aplicación móvil,,Oficina,Base para portátil,4,115400.00,0.00,461600.00,0.00,461600.00,PSE,
4926,PED004926,2026-03-03 09:22:55,CLI02506,Medellín,Página web,,Oficina,Base para portátil,2,109900.00,15.00,219800.00,32970.00,186830.00,PSE,5.0
4927,PED004927,2026-04-23 13:28:21,CLI00054,Pereira,Tienda física,PEI-01,Hogar,Purificador de aire,1,815900.00,10.00,815900.00,81590.00,734310.00,Efectivo,4.0
4928,PED004928,2026-04-21 22:05:27,CLI01057,Cali,Página web,,Electrodomésticos,Licuadora,2,235100.00,0.00,470200.00,0.00,470200.00,Tarjeta crédito,5.0
4929,PED004929,2026-02-05 20:37:47,CLI01567,Bucaramanga,Tienda física,BGA-01,Hogar,Ventilador de torre,1,356900.00,15.00,356900.00,53535.00,303365.00,Tarjeta crédito,
4930,PED004930,2026-03-15 10:41:22,CLI00545,Barranquilla,Aplicación móvil,,Hogar,Organizador modular,3,117500.00,5.00,352500.00,17625.00,334875.00,Billetera digital,5.0
4931,PED004931,2026-02-04 02:21:09,CLI01056,Medellín,Página web,,Tecnología,Mouse inalámbrico,3,89900.00,15.00,269700.00,40455.00,229245.00,Tarjeta crédito,
4932,PED004932,2026-04-02 00:29:41,CLI00531,Bogotá D.C.,Página web,,Deportes,Balón fútbol,1,122300.00,0.00,122300.00,0.00,122300.00,Tarjeta débito,
4933,PED004933,2026-06-19 04:05:35,CLI00315,Bucaramanga,Página web,,Tecnología,Tablet 10 pulgadas,1,944900.00,15.00,944900.00,141735.00,803165.00,Tarjeta crédito,5.0
4934,PED004934,2026-06-17 01:15:35,CLI00204,Cali,Tienda física,CLO-02,Tecnología,Audífonos Bluetooth,1,149900.00,0.00,149900.00,0.00,149900.00,Tarjeta débito,4.0
4935,PED004935,2026-05-10 22:27:13,CLI00830,Cali,Aplicación móvil,,Electrodomésticos,Licuadora,1,251900.00,5.00,251900.00,12595.00,239305.00,PSE,3.0
4936,PED004936,2026-03-12 22:51:15,CLI00630,Bogotá D.C.,Tienda física,BOG-01,Oficina,Base para portátil,1,109900.00,0.00,109900.00,0.00,109900.00,Tarjeta crédito,4.0
4937,PED004937,2026-03-31 21:21:02,CLI01182,Bogotá D.C.,Tienda física,BOG-02,Tecnología,Monitor 24 pulgadas,1,699900.00,10.00,699900.00,69990.00,629910.00,Tarjeta débito,4.0
4938,PED004938,2026-04-26 00:50:02,CLI02143,Medellín,Aplicación móvil,,Deportes,Bicicleta estática,1,1469900.00,10.00,1469900.00,146990.00,1322910.00,Tarjeta crédito,5.0
4939,PED004939,2026-03-14 05:50:44,CLI00710,Bogotá D.C.,Aplicación móvil,,Tecnología,Smartwatch,2,323300.00,10.00,646600.00,64660.00,581940.00,Tarjeta débito,
4940,PED004940,2026-06-02 09:16:09,CLI00642,Bogotá D.C.,Página web,,Hogar,Lámpara de mesa,2,129900.00,5.00,259800.00,12990.00,246810.00,PSE,
4941,PED004941,2026-02-18 00:32:49,CLI00453,Bogotá D.C.,Página web,,Hogar,Ventilador de torre,2,367400.00,15.00,734800.00,110220.00,624580.00,Tarjeta crédito,
4942,PED004942,2026-05-24 15:02:40,CLI01528,Bogotá D.C.,Página web,,Electrodomésticos,Licuadora,1,227900.00,0.00,227900.00,0.00,227900.00,Tarjeta crédito,
4943,PED004943,2026-05-14 06:31:44,CLI01094,Medellín,Tienda física,MDE-01,Tecnología,Teclado mecánico,1,225300.00,10.00,225300.00,22530.00,202770.00,Tarjeta crédito,
4944,PED004944,2026-06-22 01:07:04,CLI02376,Pereira,Página web,,Deportes,Banda caminadora,1,2199900.00,0.00,2199900.00,0.00,2199900.00,Tarjeta crédito,
4945,PED004945,2026-06-25 13:49:26,CLI00412,Bogotá D.C.,Tienda física,BOG-01,Deportes,Mancuernas ajustables,3,379900.00,0.00,1139700.00,0.00,1139700.00,Efectivo,1.0
4946,PED004946,2026-03-29 10:28:42,CLI00982,Cali,Aplicación móvil,,Oficina,Archivador metálico,1,459900.00,15.00,459900.00,68985.00,390915.00,Tarjeta débito,
4947,PED004947,2026-01-13 14:23:36,CLI01000,Bogotá D.C.,Aplicación móvil,,Hogar,Juego de ollas,1,275400.00,0.00,275400.00,0.00,275400.00,PSE,
4948,PED004948,2026-01-13 21:13:02,CLI01211,Barranquilla,Aplicación móvil,,Electrodomésticos,Arrocera,2,169900.00,15.00,339800.00,50970.00,288830.00,Tarjeta crédito,3.0
4949,PED004949,2026-05-29 13:44:48,CLI01825,Medellín,Aplicación móvil,,Tecnología,Mouse inalámbrico,1,89900.00,5.00,89900.00,4495.00,85405.00,Tarjeta crédito,
4950,PED004950,2026-02-07 16:37:51,CLI01768,Bogotá D.C.,Tienda física,BOG-03,Electrodomésticos,Cafetera eléctrica,1,193700.00,0.00,193700.00,0.00,193700.00,Efectivo,4.0
4951,PED004951,2026-01-18 03:43:09,CLI00678,Cali,Aplicación móvil,,Electrodomésticos,Freidora de aire,1,472400.00,0.00,472400.00,0.00,472400.00,PSE,
4952,PED004952,2026-02-23 08:16:54,CLI01587,Cali,Aplicación móvil,,Electrodomésticos,Horno microondas,1,591500.00,5.00,591500.00,29575.00,561925.00,Tarjeta crédito,4.0
4953,PED004953,2026-06-14 10:06:38,CLI02435,Bogotá D.C.,Aplicación móvil,,Electrodomésticos,Horno microondas,2,579900.00,0.00,1159800.00,0.00,1159800.00,Billetera digital,5.0
4954,PED004954,2026-05-19 17:09:25,CLI02318,Pereira,Tienda física,PEI-01,Tecnología,Smartwatch,1,313400.00,0.00,313400.00,0.00,313400.00,Tarjeta crédito,
4955,PED004955,2026-05-07 10:10:43,CLI02488,Bogotá D.C.,Tienda física,BOG-02,Deportes,Kit bandas elásticas,3,79900.00,5.00,239700.00,11985.00,227715.00,Tarjeta débito,5.0
4956,PED004956,2026-01-29 01:01:54,CLI01790,Barranquilla,Página web,,Deportes,Balón fútbol,2,125900.00,20.00,251800.00,50360.00,201440.00,Tarjeta crédito,5.0
4957,PED004957,2026-03-31 16:32:43,CLI00910,Bogotá D.C.,Página web,,Electrodomésticos,Freidora de aire,2,472400.00,15.00,944800.00,141720.00,803080.00,PSE,
4958,PED004958,2026-05-18 17:57:08,CLI00975,Medellín,Página web,,Tecnología,Teclado mecánico,1,229900.00,10.00,229900.00,22990.00,206910.00,Tarjeta crédito,4.0
4959,PED004959,2026-01-25 20:43:44,CLI01972,Medellín,Página web,,Electrodomésticos,Freidora de aire,1,458900.00,0.00,458900.00,0.00,458900.00,Tarjeta crédito,2.0
4960,PED004960,2026-02-01 23:32:11,CLI00588,Cali,Página web,,Deportes,Kit bandas elásticas,1,79900.00,0.00,79900.00,0.00,79900.00,Transferencia,
4961,PED004961,2026-03-31 21:21:52,CLI01545,Bucaramanga,Tienda física,BGA-01,Hogar,Purificador de aire,3,783900.00,0.00,2351700.00,0.00,2351700.00,Tarjeta crédito,
4962,PED004962,2026-02-13 09:10:45,CLI02343,Bogotá D.C.,Página web,,Deportes,Kit bandas elásticas,1,75900.00,0.00,75900.00,0.00,75900.00,Tarjeta crédito,4.0
4963,PED004963,2026-05-05 18:10:25,CLI01091,Medellín,Página web,,Deportes,Colchoneta yoga,1,89900.00,10.00,89900.00,8990.00,80910.00,Tarjeta crédito,3.0
4964,PED004964,2026-03-19 12:45:25,CLI01398,Bogotá D.C.,Página web,,Oficina,Escritorio ajustable,1,1175900.00,0.00,1175900.00,0.00,1175900.00,Transferencia,4.0
4965,PED004965,2026-02-21 04:36:30,CLI00442,Bucaramanga,Página web,,Electrodomésticos,Sanduchera,3,129900.00,20.00,389700.00,77940.00,311760.00,Tarjeta débito,
4966,PED004966,2026-01-08 21:10:04,CLI00791,Bogotá D.C.,Tienda física,BOG-03,Tecnología,Mouse inalámbrico,1,94400.00,0.00,94400.00,0.00,94400.00,Efectivo,
4967,PED004967,2026-02-20 18:18:48,CLI02331,Medellín,Página web,,Oficina,Escritorio ajustable,1,1175900.00,10.00,1175900.00,117590.00,1058310.00,PSE,5.0
4968,PED004968,2026-04-10 21:38:24,CLI01065,Medellín,Tienda física,MDE-02,Electrodomésticos,Freidora de aire,1,449900.00,0.00,449900.00,0.00,449900.00,Tarjeta débito,
4969,PED004969,2026-04-22 23:31:52,CLI00766,Bucaramanga,Aplicación móvil,,Deportes,Bicicleta estática,1,1499900.00,5.00,1499900.00,74995.00,1424905.00,Tarjeta crédito,
4970,PED004970,2026-04-26 06:45:53,CLI01260,Pereira,Aplicación móvil,,Electrodomésticos,Freidora de aire,1,449900.00,0.00,449900.00,0.00,449900.00,Tarjeta débito,5.0
4971,PED004971,2026-06-18 12:29:12,CLI01412,Bogotá D.C.,Página web,,Electrodomésticos,Licuadora,1,239900.00,0.00,239900.00,0.00,239900.00,Tarjeta débito,5.0
4972,PED004972,2026-03-02 16:51:22,CLI00064,Cali,Página web,,Tecnología,Audífonos Bluetooth,2,149900.00,10.00,299800.00,29980.00,269820.00,Transferencia,
4973,PED004973,2026-06-27 13:13:51,CLI02575,Bucaramanga,Aplicación móvil,,Hogar,Aspiradora vertical,2,499900.00,0.00,999800.00,0.00,999800.00,PSE,4.0
4974,PED004974,2026-05-03 06:01:49,CLI00641,Medellín,Aplicación móvil,,Hogar,Juego de ollas,1,275400.00,0.00,275400.00,0.00,275400.00,PSE,4.0
4975,PED004975,2026-04-02 08:42:58,CLI00268,Barranquilla,Aplicación móvil,,Oficina,Archivador metálico,1,436900.00,0.00,436900.00,0.00,436900.00,Tarjeta débito,
4976,PED004976,2026-06-16 20:01:03,CLI02098,Bogotá D.C.,Página web,,Electrodomésticos,Cafetera eléctrica,2,189900.00,20.00,379800.00,75960.00,303840.00,Tarjeta crédito,
4977,PED004977,2026-05-09 05:18:27,CLI00140,Cali,Aplicación móvil,,Hogar,Ventilador de torre,1,332400.00,10.00,332400.00,33240.00,299160.00,Tarjeta crédito,4.0
4978,PED004978,2026-03-20 08:41:31,CLI00722,Pereira,Página web,,Hogar,Purificador de aire,1,815900.00,0.00,815900.00,0.00,815900.00,Tarjeta débito,
4979,PED004979,2026-01-03 06:53:17,CLI00280,Cali,Página web,,Electrodomésticos,Cafetera eléctrica,1,193700.00,10.00,193700.00,19370.00,174330.00,PSE,
4980,PED004980,2026-06-18 08:18:14,CLI02297,Bogotá D.C.,Página web,,Electrodomésticos,Cafetera eléctrica,2,189900.00,20.00,379800.00,75960.00,303840.00,PSE,5.0
4981,PED004981,2026-05-18 15:38:03,CLI00629,Barranquilla,Aplicación móvil,,Electrodomésticos,Freidora de aire,1,472400.00,0.00,472400.00,0.00,472400.00,Tarjeta débito,3.0
4982,PED004982,2026-05-03 21:20:25,CLI01950,Barranquilla,Página web,,Electrodomésticos,Freidora de aire,1,427400.00,15.00,427400.00,64110.00,363290.00,Tarjeta débito,
4983,PED004983,2026-05-08 16:53:27,CLI02525,Bogotá D.C.,Aplicación móvil,,Tecnología,Smartwatch,1,336500.00,0.00,336500.00,0.00,336500.00,Tarjeta crédito,4.0
4984,PED004984,2026-01-15 07:55:30,CLI00678,Medellín,Tienda física,MDE-01,Hogar,Lámpara de mesa,1,129900.00,0.00,129900.00,0.00,129900.00,Tarjeta crédito,
4985,PED004985,2026-03-13 04:11:44,CLI00981,Cali,Página web,,Hogar,Organizador modular,1,119900.00,10.00,119900.00,11990.00,107910.00,PSE,4.0
4986,PED004986,2026-06-20 18:08:06,CLI01908,Barranquilla,Aplicación móvil,,Electrodomésticos,Sanduchera,2,123400.00,5.00,246800.00,12340.00,234460.00,PSE,5.0
4987,PED004987,2026-06-24 23:32:24,CLI00749,Cali,Tienda física,CLO-02,Oficina,Base para portátil,2,109900.00,0.00,219800.00,0.00,219800.00,Tarjeta débito,
4988,PED004988,2026-05-19 02:47:04,CLI01532,Bogotá D.C.,Página web,,Electrodomésticos,Horno microondas,1,579900.00,15.00,579900.00,86985.00,492915.00,Tarjeta crédito,5.0
4989,PED004989,2026-03-29 03:52:35,CLI00713,Medellín,Aplicación móvil,,Tecnología,Smartwatch,1,329900.00,5.00,329900.00,16495.00,313405.00,PSE,5.0
4990,PED004990,2026-01-03 17:09:58,CLI00119,Pereira,Aplicación móvil,,Oficina,Archivador metálico,1,459900.00,0.00,459900.00,0.00,459900.00,Tarjeta débito,
4991,PED004991,2026-06-19 14:02:09,CLI00639,Bucaramanga,Página web,,Tecnología,Tablet 10 pulgadas,3,944900.00,5.00,2834700.00,141735.00,2692965.00,Transferencia,
4992,PED004992,2026-04-28 16:10:12,CLI01998,Medellín,Aplicación móvil,,Hogar,Purificador de aire,1,783900.00,10.00,783900.00,78390.00,705510.00,Tarjeta crédito,2.0
4993,PED004993,2026-06-20 06:00:47,CLI00851,Bogotá D.C.,Aplicación móvil,,Electrodomésticos,Arrocera,1,169900.00,10.00,169900.00,16990.00,152910.00,PSE,5.0
4994,PED004994,2026-02-22 15:20:40,CLI00180,Bogotá D.C.,Aplicación móvil,,Hogar,Juego de ollas,1,284100.00,0.00,284100.00,0.00,284100.00,Tarjeta crédito,5.0
4995,PED004995,2026-01-14 02:32:24,CLI00940,Cali,Página web,,Tecnología,Monitor 24 pulgadas,1,699900.00,10.00,699900.00,69990.00,629910.00,PSE,
4996,PED004996,2026-03-02 08:14:36,CLI01535,Pereira,Aplicación móvil,,Tecnología,Audífonos Bluetooth,1,149900.00,5.00,149900.00,7495.00,142405.00,PSE,
4997,PED004997,2026-04-18 20:01:03,CLI01312,Bogotá D.C.,Aplicación móvil,,Hogar,Organizador modular,1,122300.00,0.00,122300.00,0.00,122300.00,Tarjeta débito,4.0
4998,PED004998,2026-01-07 04:08:57,CLI00622,Medellín,Página web,,Hogar,Lámpara de mesa,2,132500.00,5.00,265000.00,13250.00,251750.00,Tarjeta débito,4.0
4999,PED004999,2026-04-18 23:06:18,CLI00762,Medellín,Tienda física,MDE-01,Electrodomésticos,Freidora de aire,1,472400.00,0.00,472400.00,0.00,472400.00,Tarjeta crédito,
5000,PED005000,2026-03-27 19:53:37,CLI01818,Pereira,Página web,,Electrodomésticos,Sanduchera,2,129900.00,5.00,259800.00,12990.00,246810.00,PSE,4.0
